3,"[(0, 9), (1, 8), (1, 9), (2, 8), (3, 4), (3, 8), (5, 6), (5, 7), (5, 8)]","[(0, 1), (3, 4), (5, 6), (8, 9), (0, 2), (5, 7), (3, 7), (3, 9), (0, 9)]",0.37499999453125
0,"[(0, 8), (1, 2), (1, 8), (3, 7), (3, 8), (4, 7), (5, 7), (6, 7)]","[(0, 1), (3, 4), (7, 8), (0, 2), (3, 5), (0, 5), (0, 6), (0, 8)]",0.0
2,"[(0, 8), (1, 7), (1, 8), (2, 7), (3, 4), (3, 7), (5, 6), (5, 7)]","[(0, 1), (3, 4), (7, 8), (6, 8), (5, 8), (3, 8), (2, 8), (0, 8)]",0.14285713765306143
7,"[(0, 8), (1, 2), (1, 8), (3, 8), (4, 7), (4, 8), (5, 7), (6, 7)]","[(0, 1), (0, 2), (0, 3), (0, 4), (0, 5), (0, 6), (0, 7), (0, 8)]",0.0
4,"[(0, 6), (1, 5), (1, 6), (2, 5), (3, 5), (4, 5)]","[(1, 2), (3, 4), (5, 6), (1, 4), (0, 4), (0, 6)]",0.0
6,"[(0, 6), (1, 5), (1, 6), (2, 5), (3, 5), (4, 5)]","[(0, 1), (0, 2), (0, 3), (0, 4), (0, 5), (0, 6)]",0.0
8,"[(0, 6), (1, 5), (1, 6), (2, 3), (2, 4), (2, 5)]","[(2, 3), (2, 4), (1, 4), (1, 5), (0, 5), (0, 6)]",0.5999999938
5,"[(0, 5), (1, 4), (1, 5), (2, 4), (3, 4)]","[(4, 5), (3, 5), (2, 5), (1, 5), (0, 5)]",0.2499999943750001
1,"[(0, 4), (1, 3), (1, 4), (2, 3)]","[(3, 4), (2, 4), (1, 4), (0, 4)]",0.33333332722222225
9,"[(0, 3), (1, 2), (1, 3)]","[(0, 1), (0, 2), (0, 3)]",0.0
19,"[(0, 10), (1, 6), (1, 9), (1, 10), (2, 6), (3, 6), (4, 5), (4, 6), (7, 9), (8, 9)]","[(0, 1), (6, 7), (6, 8), (5, 8), (5, 9), (4, 9), (3, 9), (3, 10), (2, 10), (0, 10)]",0.0
17,"[(0, 2), (0, 8), (1, 2), (3, 5), (3, 7), (3, 8), (4, 5), (6, 7)]","[(0, 1), (0, 2), (0, 3), (0, 4), (0, 5), (0, 6), (0, 7), (0, 8)]",0.14285713765306143
12,"[(0, 7), (1, 6), (1, 7), (2, 6), (3, 6), (4, 5), (4, 6)]","[(1, 2), (1, 3), (1, 4), (1, 5), (1, 6), (0, 6), (0, 7)]",0.16666666138888903
14,"[(0, 2), (0, 7), (1, 2), (3, 5), (3, 6), (3, 7), (4, 5)]","[(0, 1), (4, 5), (6, 7), (3, 5), (3, 7), (2, 7), (0, 7)]",0.3333333277777778
15,"[(0, 7), (1, 6), (1, 7), (2, 6), (3, 4), (3, 6), (5, 6)]","[(2, 3), (4, 5), (6, 7), (2, 5), (2, 7), (1, 7), (0, 7)]",0.16666666138888903
10,"[(0, 6), (1, 5), (1, 6), (2, 5), (3, 4), (3, 5)]","[(0, 1), (0, 2), (0, 3), (0, 4), (0, 5), (0, 6)]",0.0
13,"[(0, 6), (1, 5), (1, 6), (2, 5), (3, 5), (4, 5)]","[(3, 4), (5, 6), (2, 4), (1, 4), (1, 6), (0, 6)]",0.19999999460000012
18,"[(0, 6), (1, 5), (1, 6), (2, 5), (3, 5), (4, 5)]","[(2, 3), (5, 6), (1, 3), (0, 3), (0, 4), (0, 6)]",0.0
11,"[(0, 4), (1, 3), (1, 4), (2, 3)]","[(0, 1), (0, 2), (0, 3), (0, 4)]",0.0
16,"[(0, 3), (1, 2), (1, 3)]","[(0, 1), (0, 2), (0, 3)]",0.0
28,"[(0, 7), (1, 2), (1, 6), (1, 7), (3, 4), (3, 6), (5, 6)]","[(0, 1), (0, 2), (0, 3), (0, 4), (0, 5), (0, 6), (0, 7)]",0.0
29,"[(0, 7), (1, 4), (1, 6), (1, 7), (2, 4), (3, 4), (5, 6)]","[(0, 1), (2, 3), (4, 5), (6, 7), (4, 7), (2, 7), (0, 7)]",0.0
20,"[(0, 5), (0, 6), (1, 3), (1, 5), (2, 3), (4, 5)]","[(0, 1), (2, 3), (5, 6), (0, 3), (0, 4), (0, 6)]",0.19999999460000012
23,"[(0, 6), (1, 5), (1, 6), (2, 5), (3, 5), (4, 5)]","[(0, 1), (0, 2), (0, 3), (0, 4), (0, 5), (0, 6)]",0.0
27,"[(0, 2), (0, 6), (1, 2), (3, 5), (3, 6), (4, 5)]","[(0, 1), (0, 2), (0, 3), (0, 4), (0, 5), (0, 6)]",0.19999999460000012
25,"[(0, 5), (1, 4), (1, 5), (2, 4), (3, 4)]","[(1, 2), (3, 4), (0, 2), (3, 5), (0, 5)]",0.0
22,"[(0, 4), (1, 3), (1, 4), (2, 3)]","[(0, 1), (2, 3), (0, 3), (0, 4)]",0.0
24,"[(0, 4), (1, 3), (1, 4), (2, 3)]","[(0, 1), (3, 4), (0, 2), (0, 4)]",0.0
21,"[(0, 3), (1, 2), (1, 3)]","[(2, 3), (1, 3), (0, 3)]",0.0
26,"[(0, 3), (1, 2), (1, 3)]","[(2, 3), (1, 3), (0, 3)]",0.0
31,"[(0, 7), (1, 6), (1, 7), (2, 6), (3, 6), (4, 6), (5, 6)]","[(0, 1), (0, 2), (0, 3), (0, 4), (0, 5), (0, 6), (0, 7)]",0.0
35,"[(0, 7), (1, 6), (1, 7), (2, 6), (3, 6), (4, 5), (4, 6)]","[(0, 1), (0, 2), (0, 3), (0, 4), (0, 5), (0, 6), (0, 7)]",0.0
30,"[(0, 1), (0, 2), (0, 6), (3, 5), (3, 6), (4, 5)]","[(1, 2), (3, 4), (5, 6), (1, 4), (1, 6), (0, 6)]",0.0
33,"[(0, 2), (0, 6), (1, 2), (3, 5), (3, 6), (4, 5)]","[(1, 2), (3, 4), (5, 6), (0, 2), (3, 6), (0, 6)]",0.5999999938
36,"[(0, 1), (0, 6), (2, 5), (2, 6), (3, 4), (3, 5)]","[(0, 1), (3, 4), (0, 2), (3, 5), (3, 6), (0, 6)]",0.39999999420000004
38,"[(0, 6), (1, 5), (1, 6), (2, 5), (3, 4), (3, 5)]","[(5, 6), (4, 6), (3, 6), (2, 6), (1, 6), (0, 6)]",0.19999999460000012
39,"[(0, 6), (1, 5), (1, 6), (2, 5), (3, 4), (3, 5)]","[(0, 1), (2, 3), (4, 5), (2, 5), (2, 6), (0, 6)]",0.19999999460000012
32,"[(0, 5), (1, 4), (1, 5), (2, 4), (3, 4)]","[(0, 1), (2, 3), (4, 5), (0, 3), (0, 5)]",0.0
34,"[(0, 5), (1, 4), (1, 5), (2, 3), (2, 4)]","[(1, 2), (4, 5), (1, 3), (0, 3), (0, 5)]",0.0
37,"[(0, 5), (1, 3), (1, 4), (1, 5), (2, 3)]","[(0, 1), (2, 3), (4, 5), (0, 3), (0, 5)]",0.0
48,"[(0, 8), (1, 2), (1, 7), (1, 8), (3, 7), (4, 5), (4, 6), (4, 7)]","[(2, 3), (6, 7), (2, 4), (2, 5), (1, 5), (1, 7), (1, 8), (0, 8)]",0.28571428030612256
43,"[(0, 6), (0, 7), (1, 2), (1, 3), (1, 6), (4, 6), (5, 6)]","[(0, 1), (2, 3), (4, 5), (6, 7), (4, 7), (2, 7), (0, 7)]",0.0
40,"[(0, 6), (1, 5), (1, 6), (2, 5), (3, 4), (3, 5)]","[(0, 1), (0, 2), (0, 3), (0, 4), (0, 5), (0, 6)]",0.0
41,"[(0, 6), (1, 5), (1, 6), (2, 5), (3, 4), (3, 5)]","[(1, 2), (3, 4), (5, 6), (1, 4), (1, 6), (0, 6)]",0.39999999420000004
42,"[(0, 2), (0, 6), (1, 2), (3, 5), (3, 6), (4, 5)]","[(3, 4), (3, 5), (3, 6), (2, 6), (1, 6), (0, 6)]",0.39999999420000004
47,"[(0, 6), (1, 5), (1, 6), (2, 3), (2, 5), (4, 5)]","[(3, 4), (2, 4), (2, 5), (1, 5), (1, 6), (0, 6)]",0.5999999938
46,"[(0, 5), (1, 4), (1, 5), (2, 4), (3, 4)]","[(2, 3), (1, 3), (1, 4), (1, 5), (0, 5)]",0.4999999937500001
49,"[(0, 5), (1, 2), (1, 4), (1, 5), (3, 4)]","[(0, 1), (2, 3), (2, 4), (0, 4), (0, 5)]",0.0
45,"[(0, 4), (1, 3), (1, 4), (2, 3)]","[(0, 1), (3, 4), (0, 2), (0, 4)]",0.0
44,"[(0, 3), (1, 2), (1, 3)]","[(2, 3), (1, 3), (0, 3)]",0.0
50,"[(0, 2), (0, 7), (1, 2), (3, 6), (3, 7), (4, 6), (5, 6)]","[(6, 7), (5, 7), (4, 7), (3, 7), (2, 7), (1, 7), (0, 7)]",0.16666666138888903
52,"[(0, 2), (0, 7), (1, 2), (3, 6), (3, 7), (4, 6), (5, 6)]","[(0, 1), (0, 2), (0, 3), (0, 4), (0, 5), (0, 6), (0, 7)]",0.16666666138888903
54,"[(0, 6), (0, 7), (1, 2), (1, 3), (1, 6), (4, 6), (5, 6)]","[(2, 3), (2, 4), (1, 4), (1, 5), (0, 5), (0, 6), (0, 7)]",0.16666666138888903
51,"[(0, 1), (0, 2), (0, 6), (3, 5), (3, 6), (4, 5)]","[(5, 6), (4, 6), (3, 6), (2, 6), (1, 6), (0, 6)]",0.19999999460000012
53,"[(0, 1), (0, 2), (0, 6), (3, 5), (3, 6), (4, 5)]","[(0, 1), (0, 2), (0, 3), (0, 4), (0, 5), (0, 6)]",0.39999999420000004
58,"[(0, 6), (1, 5), (1, 6), (2, 4), (2, 5), (3, 4)]","[(0, 1), (0, 2), (0, 3), (0, 4), (0, 5), (0, 6)]",0.0
55,"[(0, 5), (1, 4), (1, 5), (2, 4), (3, 4)]","[(3, 4), (2, 4), (1, 4), (0, 4), (0, 5)]",0.4999999937500001
56,"[(0, 5), (1, 4), (1, 5), (2, 4), (3, 4)]","[(0, 1), (2, 3), (2, 4), (0, 4), (0, 5)]",0.2499999943750001
57,"[(0, 5), (1, 4), (1, 5), (2, 3), (2, 4)]","[(0, 1), (0, 2), (0, 3), (0, 4), (0, 5)]",0.0
59,"[(0, 4), (1, 3), (1, 4), (2, 3)]","[(0, 1), (0, 2), (0, 3), (0, 4)]",0.0
69,"[(0, 9), (1, 3), (1, 8), (1, 9), (2, 3), (4, 8), (5, 8), (6, 7), (6, 8)]","[(8, 9), (7, 9), (6, 9), (5, 9), (4, 9), (3, 9), (2, 9), (1, 9), (0, 9)]",0.12499999484375018
64,"[(0, 6), (1, 5), (1, 6), (2, 5), (3, 4), (3, 5)]","[(4, 5), (4, 6), (3, 6), (2, 6), (1, 6), (0, 6)]",0.19999999460000012
68,"[(0, 6), (1, 5), (1, 6), (2, 5), (3, 5), (4, 5)]","[(1, 2), (4, 5), (0, 2), (3, 5), (3, 6), (0, 6)]",0.19999999460000012
60,"[(0, 1), (0, 5), (2, 4), (2, 5), (3, 4)]","[(4, 5), (3, 5), (2, 5), (1, 5), (0, 5)]",0.2499999943750001
62,"[(0, 1), (0, 5), (2, 4), (2, 5), (3, 4)]","[(0, 1), (2, 3), (4, 5), (2, 5), (0, 5)]",0.4999999937500001
63,"[(0, 5), (1, 4), (1, 5), (2, 4), (3, 4)]","[(0, 1), (2, 3), (4, 5), (2, 5), (0, 5)]",0.0
65,"[(0, 5), (1, 4), (1, 5), (2, 4), (3, 4)]","[(0, 1), (3, 4), (0, 2), (0, 4), (0, 5)]",0.0
66,"[(0, 5), (1, 4), (1, 5), (2, 4), (3, 4)]","[(0, 1), (0, 2), (0, 3), (0, 4), (0, 5)]",0.0
67,"[(0, 5), (1, 2), (1, 4), (1, 5), (3, 4)]","[(1, 2), (1, 3), (1, 4), (0, 4), (0, 5)]",0.4999999937500001
61,"[(0, 4), (1, 3), (1, 4), (2, 3)]","[(2, 3), (1, 3), (1, 4), (0, 4)]",0.6666666594444445
71,"[(0, 2), (0, 10), (1, 2), (3, 9), (3, 10), (4, 9), (5, 9), (6, 9), (7, 9), (8, 9)]","[(0, 1), (2, 3), (4, 5), (6, 7), (9, 10), (0, 3), (4, 7), (4, 8), (4, 10), (0, 10)]",0.0
70,"[(0, 8), (1, 7), (1, 8), (2, 7), (3, 4), (3, 5), (3, 7), (6, 7)]","[(2, 3), (5, 6), (2, 4), (5, 7), (5, 8), (2, 8), (1, 8), (0, 8)]",0.14285713765306143
78,"[(0, 7), (1, 3), (1, 6), (1, 7), (2, 3), (4, 6), (5, 6)]","[(0, 1), (0, 2), (0, 3), (0, 4), (0, 5), (0, 6), (0, 7)]",0.0
76,"[(0, 1), (0, 2), (0, 6), (3, 5), (3, 6), (4, 5)]","[(0, 1), (0, 2), (0, 3), (0, 4), (0, 5), (0, 6)]",0.39999999420000004
72,"[(0, 5), (1, 4), (1, 5), (2, 4), (3, 4)]","[(4, 5), (3, 5), (2, 5), (1, 5), (0, 5)]",0.2499999943750001
73,"[(0, 1), (0, 5), (2, 4), (2, 5), (3, 4)]","[(0, 1), (2, 3), (4, 5), (2, 5), (0, 5)]",0.4999999937500001
74,"[(0, 5), (1, 4), (1, 5), (2, 4), (3, 4)]","[(0, 1), (2, 3), (4, 5), (0, 3), (0, 5)]",0.0
75,"[(0, 1), (0, 5), (2, 4), (2, 5), (3, 4)]","[(4, 5), (3, 5), (2, 5), (1, 5), (0, 5)]",0.2499999943750001
79,"[(0, 4), (1, 3), (1, 4), (2, 3)]","[(0, 1), (3, 4), (0, 2), (0, 4)]",0.0
77,"[(0, 3), (1, 2), (1, 3)]","[(0, 1), (0, 2), (0, 3)]",0.0
84,"[(0, 6), (1, 5), (1, 6), (2, 5), (3, 4), (3, 5)]","[(0, 1), (2, 3), (5, 6), (4, 6), (2, 6), (0, 6)]",0.0
86,"[(0, 2), (0, 6), (1, 2), (3, 4), (3, 5), (3, 6)]","[(1, 2), (3, 4), (5, 6), (3, 6), (1, 6), (0, 6)]",0.39999999420000004
80,"[(0, 5), (1, 4), (1, 5), (2, 4), (3, 4)]","[(4, 5), (3, 5), (2, 5), (1, 5), (0, 5)]",0.2499999943750001
83,"[(0, 5), (1, 4), (1, 5), (2, 3), (2, 4)]","[(1, 2), (4, 5), (1, 3), (1, 5), (0, 5)]",0.2499999943750001
81,"[(0, 4), (1, 3), (1, 4), (2, 3)]","[(0, 1), (0, 2), (0, 3), (0, 4)]",0.0
82,"[(0, 4), (1, 3), (1, 4), (2, 3)]","[(3, 4), (2, 4), (1, 4), (0, 4)]",0.33333332722222225
85,"[(0, 4), (1, 3), (1, 4), (2, 3)]","[(0, 1), (0, 2), (0, 3), (0, 4)]",0.0
87,"[(0, 4), (1, 3), (1, 4), (2, 3)]","[(2, 3), (1, 3), (1, 4), (0, 4)]",0.6666666594444445
88,"[(0, 4), (1, 3), (1, 4), (2, 3)]","[(2, 3), (1, 3), (0, 3), (0, 4)]",0.33333332722222225
89,"[(0, 4), (1, 3), (1, 4), (2, 3)]","[(3, 4), (2, 4), (1, 4), (0, 4)]",0.33333332722222225
99,"[(0, 1), (0, 2), (0, 9), (3, 7), (3, 8), (3, 9), (4, 5), (4, 7), (6, 7)]","[(0, 1), (2, 3), (4, 5), (2, 5), (2, 6), (2, 7), (2, 8), (0, 8), (0, 9)]",0.24999999468750006
92,"[(0, 1), (0, 2), (0, 8), (3, 7), (3, 8), (4, 7), (5, 6), (5, 7)]","[(1, 2), (5, 6), (1, 3), (5, 7), (4, 7), (4, 8), (1, 8), (0, 8)]",0.28571428030612256
90,"[(0, 6), (1, 5), (1, 6), (2, 5), (3, 4), (3, 5)]","[(0, 1), (0, 2), (0, 3), (0, 4), (0, 5), (0, 6)]",0.0
91,"[(0, 2), (0, 6), (1, 2), (3, 5), (3, 6), (4, 5)]","[(1, 2), (3, 4), (5, 6), (1, 4), (1, 6), (0, 6)]",0.19999999460000012
98,"[(0, 5), (1, 4), (1, 5), (2, 3), (2, 4)]","[(4, 5), (3, 5), (2, 5), (1, 5), (0, 5)]",0.2499999943750001
93,"[(0, 4), (1, 3), (1, 4), (2, 3)]","[(1, 2), (1, 3), (1, 4), (0, 4)]",0.6666666594444445
94,"[(0, 4), (1, 3), (1, 4), (2, 3)]","[(0, 1), (0, 2), (0, 3), (0, 4)]",0.0
95,"[(0, 4), (1, 3), (1, 4), (2, 3)]","[(0, 1), (0, 2), (0, 3), (0, 4)]",0.0
96,"[(0, 4), (1, 3), (1, 4), (2, 3)]","[(0, 1), (3, 4), (0, 2), (0, 4)]",0.0
97,"[(0, 1), (0, 4), (2, 3), (2, 4)]","[(3, 4), (2, 4), (1, 4), (0, 4)]",0.0
107,"[(0, 8), (1, 7), (1, 8), (2, 3), (2, 7), (4, 7), (5, 6), (5, 7)]","[(0, 1), (5, 6), (0, 2), (5, 7), (0, 3), (4, 7), (4, 8), (0, 8)]",0.28571428030612256
100,"[(0, 1), (0, 2), (0, 7), (3, 6), (3, 7), (4, 6), (5, 6)]","[(3, 4), (6, 7), (2, 4), (2, 5), (1, 5), (1, 7), (0, 7)]",0.0
101,"[(0, 6), (1, 3), (1, 5), (1, 6), (2, 3), (4, 5)]","[(5, 6), (4, 6), (3, 6), (2, 6), (1, 6), (0, 6)]",0.19999999460000012
105,"[(0, 1), (0, 2), (0, 6), (3, 5), (3, 6), (4, 5)]","[(0, 1), (0, 2), (0, 3), (0, 4), (0, 5), (0, 6)]",0.39999999420000004
103,"[(0, 5), (1, 4), (1, 5), (2, 4), (3, 4)]","[(0, 1), (2, 3), (4, 5), (2, 5), (0, 5)]",0.0
104,"[(0, 5), (1, 4), (1, 5), (2, 4), (3, 4)]","[(1, 2), (1, 3), (0, 3), (0, 4), (0, 5)]",0.0
102,"[(0, 4), (1, 3), (1, 4), (2, 3)]","[(1, 2), (3, 4), (0, 2), (0, 4)]",0.0
108,"[(0, 4), (1, 3), (1, 4), (2, 3)]","[(0, 1), (0, 2), (0, 3), (0, 4)]",0.0
109,"[(0, 4), (1, 3), (1, 4), (2, 3)]","[(3, 4), (2, 4), (1, 4), (0, 4)]",0.33333332722222225
106,"[(0, 3), (1, 2), (1, 3)]","[(2, 3), (1, 3), (0, 3)]",0.0
112,"[(0, 7), (1, 6), (1, 7), (2, 6), (3, 6), (4, 6), (5, 6)]","[(0, 1), (0, 2), (0, 3), (0, 4), (0, 5), (0, 6), (0, 7)]",0.0
115,"[(0, 1), (0, 2), (0, 6), (3, 5), (3, 6), (4, 5)]","[(0, 1), (2, 3), (0, 3), (0, 4), (0, 5), (0, 6)]",0.19999999460000012
116,"[(0, 6), (1, 5), (1, 6), (2, 5), (3, 5), (4, 5)]","[(2, 3), (1, 3), (1, 4), (0, 4), (0, 5), (0, 6)]",0.0
111,"[(0, 2), (0, 5), (1, 2), (3, 4), (3, 5)]","[(1, 2), (4, 5), (1, 3), (1, 5), (0, 5)]",0.2499999943750001
118,"[(0, 2), (0, 5), (1, 2), (3, 4), (3, 5)]","[(3, 4), (2, 4), (1, 4), (1, 5), (0, 5)]",0.2499999943750001
119,"[(0, 1), (0, 2), (0, 5), (3, 4), (3, 5)]","[(0, 1), (0, 2), (0, 3), (0, 4), (0, 5)]",0.4999999937500001
110,"[(0, 4), (1, 3), (1, 4), (2, 3)]","[(0, 1), (0, 2), (0, 3), (0, 4)]",0.0
113,"[(0, 4), (1, 3), (1, 4), (2, 3)]","[(0, 1), (3, 4), (0, 2), (0, 4)]",0.0
117,"[(0, 4), (1, 3), (1, 4), (2, 3)]","[(2, 3), (1, 3), (1, 4), (0, 4)]",0.6666666594444445
114,"[(0, 3), (1, 2), (1, 3)]","[(2, 3), (1, 3), (0, 3)]",0.0
122,"[(0, 7), (1, 3), (1, 7), (2, 3), (4, 6), (4, 7), (5, 6)]","[(6, 7), (5, 7), (4, 7), (3, 7), (2, 7), (1, 7), (0, 7)]",0.3333333277777778
128,"[(0, 1), (0, 2), (0, 7), (3, 6), (3, 7), (4, 6), (5, 6)]","[(0, 1), (0, 2), (0, 3), (0, 4), (0, 5), (0, 6), (0, 7)]",0.3333333277777778
120,"[(0, 1), (0, 2), (0, 6), (3, 5), (3, 6), (4, 5)]","[(0, 1), (5, 6), (0, 2), (0, 3), (0, 4), (0, 6)]",0.39999999420000004
121,"[(0, 1), (0, 2), (0, 6), (3, 5), (3, 6), (4, 5)]","[(1, 2), (1, 3), (1, 4), (1, 5), (1, 6), (0, 6)]",0.0
126,"[(0, 1), (0, 6), (2, 5), (2, 6), (3, 4), (3, 5)]","[(0, 1), (2, 3), (2, 4), (2, 5), (2, 6), (0, 6)]",0.5999999938
125,"[(0, 5), (1, 3), (1, 4), (1, 5), (2, 3)]","[(0, 1), (4, 5), (0, 2), (0, 3), (0, 5)]",0.0
123,"[(0, 4), (1, 3), (1, 4), (2, 3)]","[(0, 1), (0, 2), (0, 3), (0, 4)]",0.0
124,"[(0, 4), (1, 3), (1, 4), (2, 3)]","[(1, 2), (3, 4), (1, 4), (0, 4)]",0.33333332722222225
129,"[(0, 4), (1, 3), (1, 4), (2, 3)]","[(0, 1), (0, 2), (0, 3), (0, 4)]",0.0
127,"[(0, 3), (1, 2), (1, 3)]","[(0, 1), (2, 3), (0, 3)]",0.0
132,"[(0, 1), (0, 8), (2, 7), (2, 8), (3, 4), (3, 7), (5, 6), (5, 7)]","[(0, 1), (0, 2), (0, 3), (0, 4), (0, 5), (0, 6), (0, 7), (0, 8)]",0.14285713765306143
131,"[(0, 7), (1, 6), (1, 7), (2, 4), (2, 6), (3, 4), (5, 6)]","[(1, 2), (6, 7), (5, 7), (4, 7), (3, 7), (1, 7), (0, 7)]",0.16666666138888903
133,"[(0, 6), (1, 4), (1, 5), (1, 6), (2, 3), (2, 4)]","[(3, 4), (5, 6), (3, 6), (2, 6), (1, 6), (0, 6)]",0.19999999460000012
135,"[(0, 2), (0, 6), (1, 2), (3, 5), (3, 6), (4, 5)]","[(0, 1), (0, 2), (0, 3), (0, 4), (0, 5), (0, 6)]",0.19999999460000012
130,"[(0, 4), (1, 3), (1, 4), (2, 3)]","[(1, 2), (3, 4), (1, 4), (0, 4)]",0.33333332722222225
134,"[(0, 4), (1, 3), (1, 4), (2, 3)]","[(3, 4), (2, 4), (1, 4), (0, 4)]",0.33333332722222225
137,"[(0, 4), (1, 3), (1, 4), (2, 3)]","[(0, 1), (3, 4), (0, 2), (0, 4)]",0.0
138,"[(0, 4), (1, 3), (1, 4), (2, 3)]","[(3, 4), (2, 4), (1, 4), (0, 4)]",0.33333332722222225
139,"[(0, 4), (1, 3), (1, 4), (2, 3)]","[(0, 1), (3, 4), (2, 4), (0, 4)]",0.0
136,"[(0, 3), (1, 2), (1, 3)]","[(2, 3), (1, 3), (0, 3)]",0.0
147,"[(0, 6), (1, 2), (1, 5), (1, 6), (3, 5), (4, 5)]","[(4, 5), (3, 5), (3, 6), (2, 6), (1, 6), (0, 6)]",0.39999999420000004
141,"[(0, 1), (0, 5), (2, 4), (2, 5), (3, 4)]","[(0, 1), (0, 2), (0, 3), (0, 4), (0, 5)]",0.2499999943750001
142,"[(0, 3), (0, 5), (1, 3), (2, 3), (4, 5)]","[(0, 1), (4, 5), (0, 2), (0, 3), (0, 5)]",0.2499999943750001
140,"[(0, 4), (1, 3), (1, 4), (2, 3)]","[(0, 1), (3, 4), (2, 4), (0, 4)]",0.0
143,"[(0, 1), (0, 4), (2, 3), (2, 4)]","[(0, 1), (0, 2), (0, 3), (0, 4)]",0.33333332722222225
144,"[(0, 4), (1, 3), (1, 4), (2, 3)]","[(1, 2), (3, 4), (0, 2), (0, 4)]",0.0
145,"[(0, 4), (1, 3), (1, 4), (2, 3)]","[(0, 1), (0, 2), (0, 3), (0, 4)]",0.0
146,"[(0, 4), (1, 3), (1, 4), (2, 3)]","[(0, 1), (3, 4), (2, 4), (0, 4)]",0.0
148,"[(0, 4), (1, 3), (1, 4), (2, 3)]","[(0, 1), (2, 3), (2, 4), (0, 4)]",0.0
149,"[(0, 4), (1, 3), (1, 4), (2, 3)]","[(2, 3), (1, 3), (0, 3), (0, 4)]",0.33333332722222225
151,"[(0, 10), (1, 9), (1, 10), (2, 9), (3, 4), (3, 9), (5, 6), (5, 7), (5, 9), (8, 9)]","[(1, 2), (1, 3), (1, 4), (1, 5), (0, 5), (0, 6), (0, 7), (0, 8), (0, 9), (0, 10)]",0.0
153,"[(0, 1), (0, 2), (0, 10), (3, 9), (3, 10), (4, 6), (4, 9), (5, 6), (7, 8), (7, 9)]","[(0, 1), (0, 2), (0, 3), (0, 4), (0, 5), (0, 6), (0, 7), (0, 8), (0, 9), (0, 10)]",0.22222221697530875
152,"[(0, 7), (1, 6), (1, 7), (2, 6), (3, 6), (4, 5), (4, 6)]","[(0, 1), (2, 3), (6, 7), (5, 7), (4, 7), (2, 7), (0, 7)]",0.0
155,"[(0, 1), (0, 2), (0, 7), (3, 6), (3, 7), (4, 6), (5, 6)]","[(0, 1), (2, 3), (4, 5), (6, 7), (0, 3), (0, 5), (0, 7)]",0.16666666138888903
154,"[(0, 2), (0, 6), (1, 2), (3, 5), (3, 6), (4, 5)]","[(5, 6), (4, 6), (3, 6), (2, 6), (1, 6), (0, 6)]",0.19999999460000012
157,"[(0, 6), (1, 2), (1, 5), (1, 6), (3, 5), (4, 5)]","[(2, 3), (2, 4), (1, 4), (0, 4), (0, 5), (0, 6)]",0.0
159,"[(0, 2), (0, 6), (1, 2), (3, 5), (3, 6), (4, 5)]","[(1, 2), (5, 6), (4, 6), (3, 6), (1, 6), (0, 6)]",0.39999999420000004
158,"[(0, 5), (1, 4), (1, 5), (2, 3), (2, 4)]","[(2, 3), (2, 4), (1, 4), (0, 4), (0, 5)]",0.4999999937500001
150,"[(0, 4), (1, 3), (1, 4), (2, 3)]","[(3, 4), (2, 4), (1, 4), (0, 4)]",0.33333332722222225
156,"[(0, 4), (1, 2), (1, 3), (1, 4)]","[(3, 4), (2, 4), (1, 4), (0, 4)]",0.0
162,"[(0, 7), (1, 6), (1, 7), (2, 6), (3, 4), (3, 6), (5, 6)]","[(0, 1), (0, 2), (0, 3), (0, 4), (0, 5), (0, 6), (0, 7)]",0.0
164,"[(0, 7), (1, 6), (1, 7), (2, 6), (3, 5), (3, 6), (4, 5)]","[(0, 1), (4, 5), (0, 2), (4, 6), (3, 6), (3, 7), (0, 7)]",0.16666666138888903
166,"[(0, 6), (1, 5), (1, 6), (2, 5), (3, 5), (4, 5)]","[(0, 1), (3, 4), (5, 6), (3, 6), (2, 6), (0, 6)]",0.0
167,"[(0, 6), (1, 5), (1, 6), (2, 5), (3, 4), (3, 5)]","[(3, 4), (2, 4), (2, 5), (1, 5), (0, 5), (0, 6)]",0.5999999938
168,"[(0, 2), (0, 6), (1, 2), (3, 5), (3, 6), (4, 5)]","[(0, 1), (3, 4), (5, 6), (2, 4), (0, 4), (0, 6)]",0.0
160,"[(0, 5), (1, 4), (1, 5), (2, 4), (3, 4)]","[(0, 1), (0, 2), (0, 3), (0, 4), (0, 5)]",0.0
161,"[(0, 5), (1, 4), (1, 5), (2, 4), (3, 4)]","[(0, 1), (0, 2), (0, 3), (0, 4), (0, 5)]",0.0
163,"[(0, 5), (1, 4), (1, 5), (2, 4), (3, 4)]","[(4, 5), (3, 5), (2, 5), (1, 5), (0, 5)]",0.2499999943750001
165,"[(0, 5), (1, 4), (1, 5), (2, 3), (2, 4)]","[(4, 5), (3, 5), (2, 5), (1, 5), (0, 5)]",0.2499999943750001
169,"[(0, 4), (1, 3), (1, 4), (2, 3)]","[(0, 1), (0, 2), (0, 3), (0, 4)]",0.0
171,"[(0, 7), (1, 6), (1, 7), (2, 3), (2, 6), (4, 5), (4, 6)]","[(1, 2), (1, 3), (1, 4), (1, 5), (1, 6), (0, 6), (0, 7)]",0.16666666138888903
176,"[(0, 7), (1, 6), (1, 7), (2, 6), (3, 6), (4, 5), (4, 6)]","[(1, 2), (4, 5), (3, 5), (1, 5), (0, 5), (0, 6), (0, 7)]",0.16666666138888903
177,"[(0, 7), (1, 6), (1, 7), (2, 6), (3, 6), (4, 5), (4, 6)]","[(0, 1), (6, 7), (5, 7), (4, 7), (3, 7), (2, 7), (0, 7)]",0.0
179,"[(0, 2), (0, 7), (1, 2), (3, 6), (3, 7), (4, 6), (5, 6)]","[(3, 4), (3, 5), (2, 5), (2, 6), (1, 6), (1, 7), (0, 7)]",0.0
170,"[(0, 2), (0, 5), (1, 2), (3, 4), (3, 5)]","[(0, 1), (0, 2), (0, 3), (0, 4), (0, 5)]",0.2499999943750001
172,"[(0, 1), (0, 5), (2, 4), (2, 5), (3, 4)]","[(0, 1), (2, 3), (2, 4), (2, 5), (0, 5)]",0.7499999931250001
173,"[(0, 5), (1, 2), (1, 4), (1, 5), (3, 4)]","[(2, 3), (1, 3), (1, 4), (0, 4), (0, 5)]",0.2499999943750001
174,"[(0, 4), (1, 3), (1, 4), (2, 3)]","[(1, 2), (3, 4), (1, 4), (0, 4)]",0.33333332722222225
175,"[(0, 4), (1, 3), (1, 4), (2, 3)]","[(0, 1), (2, 3), (2, 4), (0, 4)]",0.0
178,"[(0, 4), (1, 3), (1, 4), (2, 3)]","[(3, 4), (2, 4), (1, 4), (0, 4)]",0.33333332722222225
180,"[(0, 9), (1, 8), (1, 9), (2, 8), (3, 8), (4, 8), (5, 6), (5, 8), (7, 8)]","[(0, 1), (2, 3), (4, 5), (6, 7), (8, 9), (4, 7), (4, 9), (2, 9), (0, 9)]",0.0
186,"[(0, 2), (0, 9), (1, 2), (3, 8), (3, 9), (4, 8), (5, 6), (5, 8), (7, 8)]","[(8, 9), (7, 9), (6, 9), (5, 9), (4, 9), (3, 9), (2, 9), (1, 9), (0, 9)]",0.12499999484375018
189,"[(0, 1), (0, 2), (0, 8), (3, 7), (3, 8), (4, 6), (4, 7), (5, 6)]","[(0, 1), (2, 3), (4, 5), (6, 7), (6, 8), (0, 3), (0, 5), (0, 8)]",0.14285713765306143
182,"[(0, 1), (0, 3), (0, 7), (2, 3), (4, 6), (4, 7), (5, 6)]","[(0, 1), (0, 2), (0, 3), (0, 4), (0, 5), (0, 6), (0, 7)]",0.3333333277777778
181,"[(0, 6), (1, 3), (1, 5), (1, 6), (2, 3), (4, 5)]","[(1, 2), (3, 4), (5, 6), (3, 6), (1, 6), (0, 6)]",0.19999999460000012
183,"[(0, 5), (1, 2), (1, 4), (1, 5), (3, 4)]","[(0, 1), (2, 3), (4, 5), (2, 5), (0, 5)]",0.0
184,"[(0, 5), (1, 4), (1, 5), (2, 4), (3, 4)]","[(4, 5), (3, 5), (2, 5), (1, 5), (0, 5)]",0.2499999943750001
188,"[(0, 2), (0, 5), (1, 2), (3, 4), (3, 5)]","[(1, 2), (1, 3), (1, 4), (0, 4), (0, 5)]",0.2499999943750001
187,"[(0, 4), (1, 3), (1, 4), (2, 3)]","[(0, 1), (0, 2), (0, 3), (0, 4)]",0.0
185,"[(0, 3), (1, 2), (1, 3)]","[(0, 1), (0, 2), (0, 3)]",0.0
191,"[(0, 2), (0, 8), (1, 2), (3, 7), (3, 8), (4, 7), (5, 6), (5, 7)]","[(0, 1), (3, 4), (3, 5), (2, 5), (2, 6), (2, 7), (2, 8), (0, 8)]",0.0
197,"[(0, 7), (1, 6), (1, 7), (2, 6), (3, 4), (3, 6), (5, 6)]","[(4, 5), (6, 7), (3, 5), (3, 7), (2, 7), (1, 7), (0, 7)]",0.16666666138888903
192,"[(0, 6), (1, 5), (1, 6), (2, 5), (3, 4), (3, 5)]","[(0, 1), (2, 3), (5, 6), (2, 4), (2, 6), (0, 6)]",0.0
195,"[(0, 6), (1, 5), (1, 6), (2, 5), (3, 5), (4, 5)]","[(0, 1), (0, 2), (0, 3), (0, 4), (0, 5), (0, 6)]",0.0
196,"[(0, 6), (1, 5), (1, 6), (2, 5), (3, 4), (3, 5)]","[(2, 3), (5, 6), (1, 3), (4, 6), (0, 3), (0, 6)]",0.0
198,"[(0, 6), (1, 5), (1, 6), (2, 5), (3, 4), (3, 5)]","[(3, 4), (5, 6), (3, 6), (2, 6), (1, 6), (0, 6)]",0.39999999420000004
199,"[(0, 5), (1, 4), (1, 5), (2, 3), (2, 4)]","[(0, 1), (2, 3), (4, 5), (2, 5), (0, 5)]",0.2499999943750001
190,"[(0, 4), (1, 3), (1, 4), (2, 3)]","[(0, 1), (3, 4), (0, 2), (0, 4)]",0.0
194,"[(0, 4), (1, 3), (1, 4), (2, 3)]","[(3, 4), (2, 4), (1, 4), (0, 4)]",0.33333332722222225
193,"[(0, 3), (1, 2), (1, 3)]","[(0, 1), (0, 2), (0, 3)]",0.0
203,"[(0, 11), (1, 10), (1, 11), (2, 10), (3, 4), (3, 5), (3, 10), (6, 10), (7, 10), (8, 9), (8, 10)]","[(1, 2), (6, 7), (10, 11), (0, 2), (5, 7), (9, 11), (0, 3), (5, 8), (5, 11), (4, 11), (0, 11)]",0.0
208,"[(0, 8), (1, 2), (1, 8), (3, 8), (4, 7), (4, 8), (5, 7), (6, 7)]","[(5, 6), (4, 6), (3, 6), (2, 6), (2, 7), (1, 7), (0, 7), (0, 8)]",0.0
206,"[(0, 7), (1, 2), (1, 6), (1, 7), (3, 6), (4, 6), (5, 6)]","[(0, 1), (3, 4), (6, 7), (5, 7), (3, 7), (2, 7), (0, 7)]",0.0
200,"[(0, 6), (1, 5), (1, 6), (2, 5), (3, 4), (3, 5)]","[(1, 2), (5, 6), (0, 2), (0, 3), (0, 4), (0, 6)]",0.0
201,"[(0, 2), (0, 6), (1, 2), (3, 5), (3, 6), (4, 5)]","[(0, 1), (2, 3), (5, 6), (2, 4), (0, 4), (0, 6)]",0.0
202,"[(0, 6), (1, 5), (1, 6), (2, 3), (2, 5), (4, 5)]","[(0, 1), (4, 5), (0, 2), (4, 6), (0, 3), (0, 6)]",0.0
204,"[(0, 6), (1, 5), (1, 6), (2, 5), (3, 4), (3, 5)]","[(0, 1), (3, 4), (5, 6), (2, 4), (2, 6), (0, 6)]",0.19999999460000012
209,"[(0, 6), (1, 5), (1, 6), (2, 5), (3, 4), (3, 5)]","[(1, 2), (3, 4), (5, 6), (1, 4), (1, 6), (0, 6)]",0.39999999420000004
207,"[(0, 5), (1, 2), (1, 4), (1, 5), (3, 4)]","[(1, 2), (4, 5), (3, 5), (1, 5), (0, 5)]",0.4999999937500001
205,"[(0, 3), (1, 2), (1, 3)]","[(0, 1), (2, 3), (0, 3)]",0.0
213,"[(0, 7), (1, 6), (1, 7), (2, 5), (2, 6), (3, 5), (4, 5)]","[(1, 2), (1, 3), (1, 4), (1, 5), (1, 6), (1, 7), (0, 7)]",0.3333333277777778
211,"[(0, 6), (1, 5), (1, 6), (2, 5), (3, 4), (3, 5)]","[(0, 1), (0, 2), (0, 3), (0, 4), (0, 5), (0, 6)]",0.0
212,"[(0, 2), (0, 6), (1, 2), (3, 5), (3, 6), (4, 5)]","[(0, 1), (2, 3), (5, 6), (0, 3), (0, 4), (0, 6)]",0.0
215,"[(0, 1), (0, 2), (0, 6), (3, 5), (3, 6), (4, 5)]","[(0, 1), (0, 2), (0, 3), (0, 4), (0, 5), (0, 6)]",0.39999999420000004
216,"[(0, 6), (1, 5), (1, 6), (2, 5), (3, 4), (3, 5)]","[(5, 6), (4, 6), (3, 6), (2, 6), (1, 6), (0, 6)]",0.19999999460000012
217,"[(0, 6), (1, 5), (1, 6), (2, 5), (3, 5), (4, 5)]","[(5, 6), (4, 6), (3, 6), (2, 6), (1, 6), (0, 6)]",0.19999999460000012
214,"[(0, 5), (1, 4), (1, 5), (2, 4), (3, 4)]","[(4, 5), (3, 5), (2, 5), (1, 5), (0, 5)]",0.2499999943750001
218,"[(0, 5), (1, 4), (1, 5), (2, 3), (2, 4)]","[(4, 5), (3, 5), (2, 5), (1, 5), (0, 5)]",0.2499999943750001
219,"[(0, 5), (1, 4), (1, 5), (2, 4), (3, 4)]","[(4, 5), (3, 5), (2, 5), (1, 5), (0, 5)]",0.2499999943750001
210,"[(0, 4), (1, 3), (1, 4), (2, 3)]","[(0, 1), (0, 2), (0, 3), (0, 4)]",0.0
225,"[(0, 2), (0, 6), (1, 2), (3, 5), (3, 6), (4, 5)]","[(0, 1), (2, 3), (4, 5), (2, 5), (0, 5), (0, 6)]",0.0
228,"[(0, 6), (1, 5), (1, 6), (2, 3), (2, 5), (4, 5)]","[(1, 2), (1, 3), (1, 4), (1, 5), (0, 5), (0, 6)]",0.19999999460000012
221,"[(0, 1), (0, 5), (2, 4), (2, 5), (3, 4)]","[(0, 1), (2, 3), (2, 4), (2, 5), (0, 5)]",0.7499999931250001
223,"[(0, 5), (1, 4), (1, 5), (2, 4), (3, 4)]","[(0, 1), (4, 5), (0, 2), (0, 3), (0, 5)]",0.0
229,"[(0, 5), (1, 2), (1, 4), (1, 5), (3, 4)]","[(1, 2), (4, 5), (0, 2), (3, 5), (0, 5)]",0.2499999943750001
220,"[(0, 4), (1, 3), (1, 4), (2, 3)]","[(3, 4), (2, 4), (1, 4), (0, 4)]",0.33333332722222225
222,"[(0, 4), (1, 3), (1, 4), (2, 3)]","[(1, 2), (1, 3), (1, 4), (0, 4)]",0.6666666594444445
224,"[(0, 4), (1, 3), (1, 4), (2, 3)]","[(0, 1), (0, 2), (0, 3), (0, 4)]",0.0
227,"[(0, 1), (0, 4), (2, 3), (2, 4)]","[(1, 2), (1, 3), (1, 4), (0, 4)]",0.0
226,"[(0, 3), (1, 2), (1, 3)]","[(0, 1), (2, 3), (0, 3)]",0.0
239,"[(0, 1), (0, 2), (0, 9), (3, 8), (3, 9), (4, 8), (5, 7), (5, 8), (6, 7)]","[(0, 1), (3, 4), (5, 6), (8, 9), (0, 2), (7, 9), (5, 9), (3, 9), (0, 9)]",0.37499999453125
231,"[(0, 2), (0, 6), (1, 2), (3, 5), (3, 6), (4, 5)]","[(4, 5), (3, 5), (2, 5), (1, 5), (0, 5), (0, 6)]",0.19999999460000012
234,"[(0, 6), (1, 5), (1, 6), (2, 4), (2, 5), (3, 4)]","[(0, 1), (3, 4), (5, 6), (0, 2), (3, 6), (0, 6)]",0.0
237,"[(0, 2), (0, 6), (1, 2), (3, 5), (3, 6), (4, 5)]","[(0, 1), (3, 4), (0, 2), (3, 5), (3, 6), (0, 6)]",0.5999999938
238,"[(0, 6), (1, 5), (1, 6), (2, 5), (3, 4), (3, 5)]","[(5, 6), (4, 6), (3, 6), (2, 6), (1, 6), (0, 6)]",0.19999999460000012
235,"[(0, 5), (1, 4), (1, 5), (2, 4), (3, 4)]","[(4, 5), (3, 5), (2, 5), (1, 5), (0, 5)]",0.2499999943750001
236,"[(0, 1), (0, 5), (2, 4), (2, 5), (3, 4)]","[(0, 1), (4, 5), (0, 2), (0, 3), (0, 5)]",0.2499999943750001
232,"[(0, 4), (1, 2), (1, 3), (1, 4)]","[(0, 1), (3, 4), (0, 2), (0, 4)]",0.0
233,"[(0, 4), (1, 3), (1, 4), (2, 3)]","[(0, 1), (0, 2), (0, 3), (0, 4)]",0.0
230,"[(0, 3), (1, 2), (1, 3)]","[(0, 1), (2, 3), (0, 3)]",0.0
243,"[(0, 6), (1, 5), (1, 6), (2, 5), (3, 4), (3, 5)]","[(2, 3), (5, 6), (1, 3), (0, 3), (0, 4), (0, 6)]",0.0
244,"[(0, 6), (1, 5), (1, 6), (2, 5), (3, 4), (3, 5)]","[(5, 6), (4, 6), (3, 6), (2, 6), (1, 6), (0, 6)]",0.19999999460000012
246,"[(0, 6), (1, 5), (1, 6), (2, 5), (3, 4), (3, 5)]","[(1, 2), (4, 5), (1, 3), (1, 5), (1, 6), (0, 6)]",0.39999999420000004
240,"[(0, 5), (1, 3), (1, 4), (1, 5), (2, 3)]","[(0, 1), (0, 2), (0, 3), (0, 4), (0, 5)]",0.0
241,"[(0, 5), (1, 4), (1, 5), (2, 3), (2, 4)]","[(0, 1), (0, 2), (0, 3), (0, 4), (0, 5)]",0.0
242,"[(0, 5), (1, 4), (1, 5), (2, 4), (3, 4)]","[(3, 4), (2, 4), (1, 4), (1, 5), (0, 5)]",0.7499999931250001
245,"[(0, 5), (1, 4), (1, 5), (2, 4), (3, 4)]","[(0, 1), (0, 2), (0, 3), (0, 4), (0, 5)]",0.0
247,"[(0, 5), (1, 4), (1, 5), (2, 4), (3, 4)]","[(4, 5), (3, 5), (2, 5), (1, 5), (0, 5)]",0.2499999943750001
249,"[(0, 5), (1, 4), (1, 5), (2, 3), (2, 4)]","[(4, 5), (3, 5), (2, 5), (1, 5), (0, 5)]",0.2499999943750001
248,"[(0, 4), (1, 3), (1, 4), (2, 3)]","[(1, 2), (0, 2), (0, 3), (0, 4)]",0.0
251,"[(0, 7), (1, 6), (1, 7), (2, 6), (3, 6), (4, 6), (5, 6)]","[(0, 1), (3, 4), (6, 7), (0, 2), (3, 5), (3, 7), (0, 7)]",0.0
256,"[(0, 7), (1, 6), (1, 7), (2, 3), (2, 6), (4, 5), (4, 6)]","[(0, 1), (2, 3), (5, 6), (2, 4), (0, 4), (0, 6), (0, 7)]",0.16666666138888903
252,"[(0, 5), (1, 4), (1, 5), (2, 3), (2, 4)]","[(4, 5), (3, 5), (2, 5), (1, 5), (0, 5)]",0.2499999943750001
253,"[(0, 5), (1, 4), (1, 5), (2, 4), (3, 4)]","[(1, 2), (4, 5), (0, 2), (3, 5), (0, 5)]",0.0
254,"[(0, 1), (0, 5), (2, 4), (2, 5), (3, 4)]","[(2, 3), (4, 5), (1, 3), (1, 5), (0, 5)]",0.0
257,"[(0, 5), (1, 4), (1, 5), (2, 3), (2, 4)]","[(0, 1), (0, 2), (0, 3), (0, 4), (0, 5)]",0.0
258,"[(0, 5), (1, 4), (1, 5), (2, 3), (2, 4)]","[(0, 1), (2, 3), (4, 5), (2, 5), (0, 5)]",0.2499999943750001
250,"[(0, 4), (1, 3), (1, 4), (2, 3)]","[(1, 2), (3, 4), (1, 4), (0, 4)]",0.33333332722222225
255,"[(0, 4), (1, 3), (1, 4), (2, 3)]","[(0, 1), (0, 2), (0, 3), (0, 4)]",0.0
259,"[(0, 4), (1, 3), (1, 4), (2, 3)]","[(0, 1), (0, 2), (0, 3), (0, 4)]",0.0
262,"[(0, 1), (0, 2), (0, 10), (3, 9), (3, 10), (4, 9), (5, 7), (5, 8), (5, 9), (6, 7)]","[(0, 1), (0, 2), (0, 3), (0, 4), (0, 5), (0, 6), (0, 7), (0, 8), (0, 9), (0, 10)]",0.22222221697530875
263,"[(0, 6), (1, 5), (1, 6), (2, 5), (3, 4), (3, 5)]","[(5, 6), (4, 6), (3, 6), (2, 6), (1, 6), (0, 6)]",0.19999999460000012
265,"[(0, 6), (1, 3), (1, 5), (1, 6), (2, 3), (4, 5)]","[(0, 1), (0, 2), (0, 3), (0, 4), (0, 5), (0, 6)]",0.0
266,"[(0, 2), (0, 6), (1, 2), (3, 5), (3, 6), (4, 5)]","[(5, 6), (4, 6), (3, 6), (2, 6), (1, 6), (0, 6)]",0.19999999460000012
268,"[(0, 6), (1, 5), (1, 6), (2, 5), (3, 4), (3, 5)]","[(1, 2), (0, 2), (0, 3), (0, 4), (0, 5), (0, 6)]",0.0
264,"[(0, 5), (1, 3), (1, 4), (1, 5), (2, 3)]","[(0, 1), (2, 3), (2, 4), (2, 5), (0, 5)]",0.0
267,"[(0, 5), (1, 4), (1, 5), (2, 4), (3, 4)]","[(0, 1), (0, 2), (0, 3), (0, 4), (0, 5)]",0.0
261,"[(0, 4), (1, 3), (1, 4), (2, 3)]","[(2, 3), (2, 4), (1, 4), (0, 4)]",0.33333332722222225
269,"[(0, 4), (1, 3), (1, 4), (2, 3)]","[(1, 2), (1, 3), (0, 3), (0, 4)]",0.33333332722222225
260,"[(0, 3), (1, 2), (1, 3)]","[(0, 1), (0, 2), (0, 3)]",0.0
272,"[(0, 1), (0, 2), (0, 10), (3, 9), (3, 10), (4, 9), (5, 7), (5, 8), (5, 9), (6, 7)]","[(0, 1), (3, 4), (6, 7), (0, 2), (3, 5), (6, 8), (3, 8), (3, 9), (0, 9), (0, 10)]",0.333333327962963
274,"[(0, 8), (1, 7), (1, 8), (2, 3), (2, 7), (4, 7), (5, 6), (5, 7)]","[(0, 1), (2, 3), (4, 5), (7, 8), (6, 8), (4, 8), (2, 8), (0, 8)]",0.14285713765306143
270,"[(0, 7), (1, 4), (1, 6), (1, 7), (2, 4), (3, 4), (5, 6)]","[(0, 1), (4, 5), (0, 2), (0, 3), (0, 5), (0, 6), (0, 7)]",0.0
273,"[(0, 6), (1, 5), (1, 6), (2, 5), (3, 4), (3, 5)]","[(0, 1), (5, 6), (4, 6), (3, 6), (2, 6), (0, 6)]",0.0
279,"[(0, 6), (1, 5), (1, 6), (2, 5), (3, 4), (3, 5)]","[(3, 4), (3, 5), (2, 5), (1, 5), (1, 6), (0, 6)]",0.7999999934
275,"[(0, 5), (1, 4), (1, 5), (2, 4), (3, 4)]","[(0, 1), (0, 2), (0, 3), (0, 4), (0, 5)]",0.0
271,"[(0, 4), (1, 3), (1, 4), (2, 3)]","[(3, 4), (2, 4), (1, 4), (0, 4)]",0.33333332722222225
276,"[(0, 4), (1, 3), (1, 4), (2, 3)]","[(0, 1), (0, 2), (0, 3), (0, 4)]",0.0
277,"[(0, 4), (1, 3), (1, 4), (2, 3)]","[(3, 4), (2, 4), (1, 4), (0, 4)]",0.33333332722222225
278,"[(0, 1), (0, 4), (2, 3), (2, 4)]","[(2, 3), (1, 3), (1, 4), (0, 4)]",0.33333332722222225
287,"[(0, 9), (1, 8), (1, 9), (2, 8), (3, 4), (3, 8), (5, 6), (5, 7), (5, 8)]","[(2, 3), (5, 6), (8, 9), (1, 3), (4, 6), (7, 9), (1, 6), (0, 6), (0, 9)]",0.12499999484375018
281,"[(0, 1), (0, 2), (0, 7), (3, 6), (3, 7), (4, 6), (5, 6)]","[(0, 1), (3, 4), (5, 6), (5, 7), (3, 7), (2, 7), (0, 7)]",0.3333333277777778
282,"[(0, 7), (1, 6), (1, 7), (2, 6), (3, 4), (3, 6), (5, 6)]","[(2, 3), (1, 3), (1, 4), (0, 4), (0, 5), (0, 6), (0, 7)]",0.0
284,"[(0, 6), (1, 5), (1, 6), (2, 3), (2, 5), (4, 5)]","[(1, 2), (3, 4), (5, 6), (1, 4), (1, 6), (0, 6)]",0.19999999460000012
286,"[(0, 6), (1, 5), (1, 6), (2, 5), (3, 4), (3, 5)]","[(3, 4), (5, 6), (2, 4), (1, 4), (0, 4), (0, 6)]",0.19999999460000012
288,"[(0, 6), (1, 2), (1, 4), (1, 6), (3, 4), (5, 6)]","[(0, 1), (4, 5), (0, 2), (4, 6), (0, 3), (0, 6)]",0.0
283,"[(0, 5), (1, 4), (1, 5), (2, 4), (3, 4)]","[(1, 2), (1, 3), (1, 4), (1, 5), (0, 5)]",0.4999999937500001
280,"[(0, 4), (1, 3), (1, 4), (2, 3)]","[(3, 4), (2, 4), (1, 4), (0, 4)]",0.33333332722222225
285,"[(0, 4), (1, 3), (1, 4), (2, 3)]","[(3, 4), (2, 4), (1, 4), (0, 4)]",0.33333332722222225
289,"[(0, 4), (1, 2), (1, 3), (1, 4)]","[(0, 1), (0, 2), (0, 3), (0, 4)]",0.0
299,"[(0, 2), (0, 3), (0, 7), (1, 2), (4, 6), (4, 7), (5, 6)]","[(2, 3), (4, 5), (1, 3), (1, 5), (0, 5), (0, 6), (0, 7)]",0.0
294,"[(0, 6), (1, 5), (1, 6), (2, 3), (2, 5), (4, 5)]","[(1, 2), (1, 3), (1, 4), (1, 5), (0, 5), (0, 6)]",0.19999999460000012
297,"[(0, 6), (1, 5), (1, 6), (2, 5), (3, 4), (3, 5)]","[(5, 6), (4, 6), (3, 6), (2, 6), (1, 6), (0, 6)]",0.19999999460000012
293,"[(0, 5), (1, 4), (1, 5), (2, 4), (3, 4)]","[(4, 5), (3, 5), (2, 5), (1, 5), (0, 5)]",0.2499999943750001
298,"[(0, 5), (1, 4), (1, 5), (2, 4), (3, 4)]","[(4, 5), (3, 5), (2, 5), (1, 5), (0, 5)]",0.2499999943750001
290,"[(0, 4), (1, 3), (1, 4), (2, 3)]","[(1, 2), (3, 4), (1, 4), (0, 4)]",0.33333332722222225
291,"[(0, 4), (1, 3), (1, 4), (2, 3)]","[(3, 4), (2, 4), (1, 4), (0, 4)]",0.33333332722222225
292,"[(0, 1), (0, 4), (2, 3), (2, 4)]","[(0, 1), (3, 4), (2, 4), (0, 4)]",0.33333332722222225
295,"[(0, 4), (1, 3), (1, 4), (2, 3)]","[(0, 1), (0, 2), (0, 3), (0, 4)]",0.0
296,"[(0, 4), (1, 3), (1, 4), (2, 3)]","[(3, 4), (2, 4), (1, 4), (0, 4)]",0.33333332722222225
308,"[(0, 2), (0, 7), (1, 2), (3, 6), (3, 7), (4, 5), (4, 6)]","[(6, 7), (5, 7), (4, 7), (3, 7), (2, 7), (1, 7), (0, 7)]",0.16666666138888903
300,"[(0, 6), (1, 5), (1, 6), (2, 5), (3, 5), (4, 5)]","[(5, 6), (4, 6), (3, 6), (2, 6), (1, 6), (0, 6)]",0.19999999460000012
303,"[(0, 6), (1, 5), (1, 6), (2, 5), (3, 4), (3, 5)]","[(0, 1), (2, 3), (5, 6), (2, 4), (2, 6), (0, 6)]",0.0
307,"[(0, 6), (1, 5), (1, 6), (2, 3), (2, 4), (2, 5)]","[(5, 6), (4, 6), (3, 6), (2, 6), (1, 6), (0, 6)]",0.19999999460000012
304,"[(0, 5), (1, 4), (1, 5), (2, 4), (3, 4)]","[(0, 1), (0, 2), (0, 3), (0, 4), (0, 5)]",0.0
306,"[(0, 5), (1, 4), (1, 5), (2, 4), (3, 4)]","[(0, 1), (0, 2), (0, 3), (0, 4), (0, 5)]",0.0
309,"[(0, 5), (1, 4), (1, 5), (2, 4), (3, 4)]","[(4, 5), (3, 5), (2, 5), (1, 5), (0, 5)]",0.2499999943750001
301,"[(0, 4), (1, 3), (1, 4), (2, 3)]","[(1, 2), (3, 4), (0, 2), (0, 4)]",0.0
305,"[(0, 4), (1, 3), (1, 4), (2, 3)]","[(1, 2), (1, 3), (1, 4), (0, 4)]",0.6666666594444445
302,"[(0, 3), (1, 2), (1, 3)]","[(0, 1), (0, 2), (0, 3)]",0.0
319,"[(0, 1), (0, 9), (2, 8), (2, 9), (3, 4), (3, 8), (5, 7), (5, 8), (6, 7)]","[(5, 6), (7, 8), (4, 6), (7, 9), (3, 6), (2, 6), (1, 6), (1, 9), (0, 9)]",0.0
310,"[(0, 6), (1, 5), (1, 6), (2, 5), (3, 5), (4, 5)]","[(0, 1), (2, 3), (5, 6), (4, 6), (2, 6), (0, 6)]",0.0
312,"[(0, 6), (1, 5), (1, 6), (2, 5), (3, 5), (4, 5)]","[(1, 2), (3, 4), (5, 6), (0, 2), (0, 4), (0, 6)]",0.0
314,"[(0, 6), (1, 5), (1, 6), (2, 5), (3, 5), (4, 5)]","[(1, 2), (0, 2), (0, 3), (0, 4), (0, 5), (0, 6)]",0.0
315,"[(0, 6), (1, 5), (1, 6), (2, 5), (3, 5), (4, 5)]","[(0, 1), (0, 2), (0, 3), (0, 4), (0, 5), (0, 6)]",0.0
311,"[(0, 1), (0, 5), (2, 4), (2, 5), (3, 4)]","[(0, 1), (4, 5), (0, 2), (0, 3), (0, 5)]",0.2499999943750001
313,"[(0, 5), (1, 4), (1, 5), (2, 4), (3, 4)]","[(0, 1), (0, 2), (0, 3), (0, 4), (0, 5)]",0.0
318,"[(0, 2), (0, 5), (1, 2), (3, 4), (3, 5)]","[(2, 3), (2, 4), (1, 4), (0, 4), (0, 5)]",0.0
316,"[(0, 4), (1, 3), (1, 4), (2, 3)]","[(0, 1), (3, 4), (2, 4), (0, 4)]",0.0
317,"[(0, 4), (1, 3), (1, 4), (2, 3)]","[(3, 4), (2, 4), (1, 4), (0, 4)]",0.33333332722222225
326,"[(0, 6), (0, 12), (1, 6), (2, 6), (3, 6), (4, 6), (5, 6), (7, 12), (8, 11), (8, 12), (9, 11), (10, 11)]","[(10, 11), (9, 11), (8, 11), (7, 11), (6, 11), (5, 11), (4, 11), (3, 11), (2, 11), (1, 11), (0, 11), (0, 12)]",0.18181817665289268
328,"[(0, 8), (1, 7), (1, 8), (2, 7), (3, 7), (4, 7), (5, 6), (5, 7)]","[(7, 8), (6, 8), (5, 8), (4, 8), (3, 8), (2, 8), (1, 8), (0, 8)]",0.14285713765306143
322,"[(0, 6), (1, 5), (1, 6), (2, 4), (2, 5), (3, 4)]","[(3, 4), (3, 5), (3, 6), (2, 6), (1, 6), (0, 6)]",0.19999999460000012
324,"[(0, 1), (0, 6), (2, 5), (2, 6), (3, 5), (4, 5)]","[(0, 1), (0, 2), (0, 3), (0, 4), (0, 5), (0, 6)]",0.19999999460000012
321,"[(0, 5), (1, 4), (1, 5), (2, 4), (3, 4)]","[(3, 4), (2, 4), (1, 4), (1, 5), (0, 5)]",0.7499999931250001
323,"[(0, 5), (1, 2), (1, 4), (1, 5), (3, 4)]","[(3, 4), (3, 5), (2, 5), (1, 5), (0, 5)]",0.2499999943750001
327,"[(0, 5), (1, 4), (1, 5), (2, 4), (3, 4)]","[(4, 5), (3, 5), (2, 5), (1, 5), (0, 5)]",0.2499999943750001
325,"[(0, 4), (1, 2), (1, 3), (1, 4)]","[(0, 1), (0, 2), (0, 3), (0, 4)]",0.0
320,"[(0, 3), (1, 2), (1, 3)]","[(1, 2), (1, 3), (0, 3)]",0.4999999925000001
329,"[(0, 3), (1, 2), (1, 3)]","[(1, 2), (0, 2), (0, 3)]",0.4999999925000001
336,"[(0, 8), (1, 3), (1, 7), (1, 8), (2, 3), (4, 7), (5, 7), (6, 7)]","[(0, 1), (2, 3), (5, 6), (7, 8), (5, 8), (4, 8), (2, 8), (0, 8)]",0.14285713765306143
338,"[(0, 1), (0, 8), (2, 3), (2, 4), (2, 5), (2, 7), (2, 8), (6, 7)]","[(0, 1), (2, 3), (6, 7), (2, 4), (5, 7), (2, 7), (2, 8), (0, 8)]",0.7142857082653062
339,"[(0, 8), (1, 2), (1, 8), (3, 7), (3, 8), (4, 7), (5, 7), (6, 7)]","[(0, 1), (0, 2), (0, 3), (0, 4), (0, 5), (0, 6), (0, 7), (0, 8)]",0.0
337,"[(0, 7), (1, 6), (1, 7), (2, 6), (3, 5), (3, 6), (4, 5)]","[(1, 2), (5, 6), (1, 3), (1, 4), (1, 6), (1, 7), (0, 7)]",0.3333333277777778
331,"[(0, 5), (0, 6), (1, 2), (1, 3), (1, 5), (4, 5)]","[(5, 6), (4, 6), (3, 6), (2, 6), (1, 6), (0, 6)]",0.0
332,"[(0, 6), (1, 5), (1, 6), (2, 5), (3, 4), (3, 5)]","[(1, 2), (4, 5), (0, 2), (3, 5), (3, 6), (0, 6)]",0.0
335,"[(0, 6), (1, 5), (1, 6), (2, 5), (3, 4), (3, 5)]","[(0, 1), (2, 3), (5, 6), (0, 3), (0, 4), (0, 6)]",0.0
334,"[(0, 5), (1, 4), (1, 5), (2, 4), (3, 4)]","[(0, 1), (2, 3), (0, 3), (0, 4), (0, 5)]",0.0
330,"[(0, 4), (1, 3), (1, 4), (2, 3)]","[(2, 3), (2, 4), (1, 4), (0, 4)]",0.33333332722222225
333,"[(0, 4), (1, 3), (1, 4), (2, 3)]","[(3, 4), (2, 4), (1, 4), (0, 4)]",0.33333332722222225
343,"[(0, 9), (1, 5), (1, 8), (1, 9), (2, 3), (2, 5), (4, 5), (6, 8), (7, 8)]","[(8, 9), (7, 9), (6, 9), (5, 9), (4, 9), (3, 9), (2, 9), (1, 9), (0, 9)]",0.12499999484375018
342,"[(0, 8), (1, 7), (1, 8), (2, 7), (3, 4), (3, 7), (5, 6), (5, 7)]","[(2, 3), (2, 4), (1, 4), (1, 5), (0, 5), (0, 6), (0, 7), (0, 8)]",0.0
348,"[(0, 6), (1, 2), (1, 5), (1, 6), (3, 5), (4, 5)]","[(1, 2), (3, 4), (5, 6), (0, 2), (3, 6), (0, 6)]",0.19999999460000012
340,"[(0, 5), (1, 4), (1, 5), (2, 4), (3, 4)]","[(0, 1), (4, 5), (3, 5), (2, 5), (0, 5)]",0.0
341,"[(0, 5), (1, 4), (1, 5), (2, 4), (3, 4)]","[(1, 2), (1, 3), (1, 4), (1, 5), (0, 5)]",0.4999999937500001
344,"[(0, 1), (0, 2), (0, 5), (3, 4), (3, 5)]","[(2, 3), (1, 3), (0, 3), (0, 4), (0, 5)]",0.0
347,"[(0, 4), (0, 5), (1, 4), (2, 3), (2, 4)]","[(0, 1), (2, 3), (4, 5), (2, 5), (0, 5)]",0.2499999943750001
345,"[(0, 1), (0, 4), (2, 3), (2, 4)]","[(1, 2), (3, 4), (0, 2), (0, 4)]",0.0
346,"[(0, 4), (1, 3), (1, 4), (2, 3)]","[(0, 1), (2, 3), (0, 3), (0, 4)]",0.0
349,"[(0, 4), (1, 3), (1, 4), (2, 3)]","[(3, 4), (2, 4), (1, 4), (0, 4)]",0.33333332722222225
355,"[(0, 7), (1, 3), (1, 6), (1, 7), (2, 3), (4, 6), (5, 6)]","[(6, 7), (5, 7), (4, 7), (3, 7), (2, 7), (1, 7), (0, 7)]",0.16666666138888903
354,"[(0, 6), (1, 5), (1, 6), (2, 5), (3, 4), (3, 5)]","[(0, 1), (2, 3), (4, 5), (4, 6), (0, 3), (0, 6)]",0.0
356,"[(0, 6), (1, 5), (1, 6), (2, 5), (3, 4), (3, 5)]","[(1, 2), (5, 6), (0, 2), (4, 6), (3, 6), (0, 6)]",0.0
358,"[(0, 6), (1, 5), (1, 6), (2, 5), (3, 4), (3, 5)]","[(5, 6), (4, 6), (3, 6), (2, 6), (1, 6), (0, 6)]",0.19999999460000012
352,"[(0, 5), (1, 4), (1, 5), (2, 4), (3, 4)]","[(1, 2), (4, 5), (0, 2), (0, 3), (0, 5)]",0.0
357,"[(0, 5), (1, 4), (1, 5), (2, 3), (2, 4)]","[(4, 5), (3, 5), (2, 5), (1, 5), (0, 5)]",0.2499999943750001
350,"[(0, 4), (1, 3), (1, 4), (2, 3)]","[(1, 2), (3, 4), (0, 2), (0, 4)]",0.0
351,"[(0, 1), (0, 4), (2, 3), (2, 4)]","[(1, 2), (3, 4), (0, 2), (0, 4)]",0.0
353,"[(0, 4), (1, 3), (1, 4), (2, 3)]","[(0, 1), (2, 3), (2, 4), (0, 4)]",0.0
359,"[(0, 4), (1, 3), (1, 4), (2, 3)]","[(0, 1), (3, 4), (2, 4), (0, 4)]",0.0
362,"[(0, 2), (0, 10), (1, 2), (3, 9), (3, 10), (4, 9), (5, 6), (5, 9), (7, 9), (8, 9)]","[(9, 10), (8, 10), (7, 10), (6, 10), (5, 10), (4, 10), (3, 10), (2, 10), (1, 10), (0, 10)]",0.11111110598765454
366,"[(0, 6), (1, 5), (1, 6), (2, 5), (3, 4), (3, 5)]","[(2, 3), (4, 5), (2, 5), (1, 5), (0, 5), (0, 6)]",0.39999999420000004
360,"[(0, 5), (1, 4), (1, 5), (2, 4), (3, 4)]","[(4, 5), (3, 5), (2, 5), (1, 5), (0, 5)]",0.2499999943750001
367,"[(0, 5), (1, 4), (1, 5), (2, 4), (3, 4)]","[(0, 1), (2, 3), (4, 5), (2, 5), (0, 5)]",0.0
368,"[(0, 5), (1, 3), (1, 4), (1, 5), (2, 3)]","[(0, 1), (3, 4), (0, 2), (0, 4), (0, 5)]",0.0
363,"[(0, 4), (1, 3), (1, 4), (2, 3)]","[(1, 2), (0, 2), (0, 3), (0, 4)]",0.0
364,"[(0, 4), (1, 3), (1, 4), (2, 3)]","[(0, 1), (0, 2), (0, 3), (0, 4)]",0.0
369,"[(0, 4), (1, 3), (1, 4), (2, 3)]","[(3, 4), (2, 4), (1, 4), (0, 4)]",0.33333332722222225
361,"[(0, 3), (1, 2), (1, 3)]","[(2, 3), (1, 3), (0, 3)]",0.0
365,"[(0, 3), (1, 2), (1, 3)]","[(1, 2), (1, 3), (0, 3)]",0.4999999925000001
374,"[(0, 8), (1, 7), (1, 8), (2, 7), (3, 7), (4, 6), (4, 7), (5, 6)]","[(7, 8), (6, 8), (5, 8), (4, 8), (3, 8), (2, 8), (1, 8), (0, 8)]",0.14285713765306143
376,"[(0, 8), (1, 7), (1, 8), (2, 7), (3, 7), (4, 6), (4, 7), (5, 6)]","[(5, 6), (5, 7), (4, 7), (4, 8), (3, 8), (2, 8), (1, 8), (0, 8)]",0.28571428030612256
370,"[(0, 6), (1, 5), (1, 6), (2, 5), (3, 4), (3, 5)]","[(1, 2), (5, 6), (0, 2), (0, 3), (0, 4), (0, 6)]",0.0
372,"[(0, 6), (1, 5), (1, 6), (2, 5), (3, 5), (4, 5)]","[(1, 2), (3, 4), (5, 6), (3, 6), (1, 6), (0, 6)]",0.19999999460000012
373,"[(0, 6), (1, 5), (1, 6), (2, 5), (3, 4), (3, 5)]","[(0, 1), (0, 2), (0, 3), (0, 4), (0, 5), (0, 6)]",0.0
377,"[(0, 6), (1, 5), (1, 6), (2, 5), (3, 4), (3, 5)]","[(0, 1), (2, 3), (5, 6), (0, 3), (0, 4), (0, 6)]",0.0
379,"[(0, 2), (0, 6), (1, 2), (3, 5), (3, 6), (4, 5)]","[(5, 6), (4, 6), (3, 6), (2, 6), (1, 6), (0, 6)]",0.19999999460000012
378,"[(0, 2), (0, 5), (1, 2), (3, 4), (3, 5)]","[(0, 1), (2, 3), (4, 5), (2, 5), (0, 5)]",0.0
371,"[(0, 4), (1, 3), (1, 4), (2, 3)]","[(1, 2), (3, 4), (1, 4), (0, 4)]",0.33333332722222225
375,"[(0, 2), (0, 4), (1, 2), (3, 4)]","[(3, 4), (2, 4), (1, 4), (0, 4)]",0.0
383,"[(0, 9), (0, 10), (1, 5), (1, 9), (2, 3), (2, 5), (4, 5), (6, 9), (7, 9), (8, 9)]","[(0, 1), (4, 5), (0, 2), (4, 6), (0, 3), (4, 7), (4, 8), (4, 9), (4, 10), (0, 10)]",0.11111110598765454
382,"[(0, 2), (0, 6), (1, 2), (3, 5), (3, 6), (4, 5)]","[(1, 2), (5, 6), (0, 2), (4, 6), (3, 6), (0, 6)]",0.5999999938
384,"[(0, 6), (1, 5), (1, 6), (2, 5), (3, 4), (3, 5)]","[(5, 6), (4, 6), (3, 6), (2, 6), (1, 6), (0, 6)]",0.19999999460000012
385,"[(0, 6), (1, 5), (1, 6), (2, 5), (3, 5), (4, 5)]","[(0, 1), (0, 2), (0, 3), (0, 4), (0, 5), (0, 6)]",0.0
388,"[(0, 6), (1, 5), (1, 6), (2, 5), (3, 5), (4, 5)]","[(5, 6), (4, 6), (3, 6), (2, 6), (1, 6), (0, 6)]",0.19999999460000012
380,"[(0, 5), (1, 4), (1, 5), (2, 4), (3, 4)]","[(0, 1), (0, 2), (0, 3), (0, 4), (0, 5)]",0.0
387,"[(0, 5), (1, 4), (1, 5), (2, 4), (3, 4)]","[(2, 3), (4, 5), (1, 3), (1, 5), (0, 5)]",0.2499999943750001
389,"[(0, 5), (1, 4), (1, 5), (2, 3), (2, 4)]","[(0, 1), (2, 3), (4, 5), (2, 5), (0, 5)]",0.2499999943750001
381,"[(0, 4), (1, 3), (1, 4), (2, 3)]","[(0, 1), (3, 4), (0, 2), (0, 4)]",0.0
386,"[(0, 4), (1, 3), (1, 4), (2, 3)]","[(2, 3), (1, 3), (0, 3), (0, 4)]",0.33333332722222225
390,"[(0, 7), (1, 2), (1, 6), (1, 7), (3, 6), (4, 6), (5, 6)]","[(0, 1), (0, 2), (0, 3), (0, 4), (0, 5), (0, 6), (0, 7)]",0.0
391,"[(0, 7), (1, 2), (1, 6), (1, 7), (3, 6), (4, 6), (5, 6)]","[(0, 1), (4, 5), (0, 2), (4, 6), (0, 3), (4, 7), (0, 7)]",0.16666666138888903
392,"[(0, 2), (0, 7), (1, 2), (3, 6), (3, 7), (4, 6), (5, 6)]","[(0, 1), (5, 6), (0, 2), (4, 6), (0, 3), (4, 7), (0, 7)]",0.3333333277777778
397,"[(0, 7), (1, 6), (1, 7), (2, 3), (2, 6), (4, 6), (5, 6)]","[(0, 1), (2, 3), (4, 5), (2, 5), (2, 6), (0, 6), (0, 7)]",0.3333333277777778
399,"[(0, 7), (1, 3), (1, 6), (1, 7), (2, 3), (4, 6), (5, 6)]","[(2, 3), (2, 4), (2, 5), (2, 6), (1, 6), (1, 7), (0, 7)]",0.4999999941666667
396,"[(0, 2), (0, 6), (1, 2), (3, 5), (3, 6), (4, 5)]","[(1, 2), (0, 2), (0, 3), (0, 4), (0, 5), (0, 6)]",0.39999999420000004
398,"[(0, 6), (1, 5), (1, 6), (2, 5), (3, 4), (3, 5)]","[(1, 2), (3, 4), (5, 6), (1, 4), (0, 4), (0, 6)]",0.19999999460000012
393,"[(0, 4), (1, 3), (1, 4), (2, 3)]","[(3, 4), (2, 4), (1, 4), (0, 4)]",0.33333332722222225
394,"[(0, 4), (1, 3), (1, 4), (2, 3)]","[(3, 4), (2, 4), (1, 4), (0, 4)]",0.33333332722222225
395,"[(0, 3), (1, 2), (1, 3)]","[(0, 1), (0, 2), (0, 3)]",0.0
403,"[(0, 2), (0, 8), (1, 2), (3, 7), (3, 8), (4, 7), (5, 7), (6, 7)]","[(0, 1), (3, 4), (6, 7), (2, 4), (5, 7), (2, 7), (2, 8), (0, 8)]",0.14285713765306143
404,"[(0, 6), (0, 7), (1, 2), (1, 6), (3, 6), (4, 6), (5, 6)]","[(0, 1), (2, 3), (6, 7), (2, 4), (2, 5), (2, 7), (0, 7)]",0.0
405,"[(0, 7), (1, 6), (1, 7), (2, 6), (3, 6), (4, 6), (5, 6)]","[(0, 1), (2, 3), (4, 5), (6, 7), (0, 3), (0, 5), (0, 7)]",0.0
400,"[(0, 6), (1, 3), (1, 5), (1, 6), (2, 3), (4, 5)]","[(5, 6), (4, 6), (3, 6), (2, 6), (1, 6), (0, 6)]",0.19999999460000012
402,"[(0, 2), (0, 6), (1, 2), (3, 5), (3, 6), (4, 5)]","[(5, 6), (4, 6), (3, 6), (2, 6), (1, 6), (0, 6)]",0.19999999460000012
401,"[(0, 2), (0, 5), (1, 2), (3, 4), (3, 5)]","[(4, 5), (3, 5), (2, 5), (1, 5), (0, 5)]",0.0
406,"[(0, 4), (1, 3), (1, 4), (2, 3)]","[(2, 3), (1, 3), (1, 4), (0, 4)]",0.6666666594444445
407,"[(0, 4), (1, 3), (1, 4), (2, 3)]","[(0, 1), (2, 3), (0, 3), (0, 4)]",0.0
408,"[(0, 4), (1, 3), (1, 4), (2, 3)]","[(0, 1), (0, 2), (0, 3), (0, 4)]",0.0
409,"[(0, 4), (1, 3), (1, 4), (2, 3)]","[(0, 1), (3, 4), (0, 2), (0, 4)]",0.0
417,"[(0, 8), (1, 7), (1, 8), (2, 3), (2, 7), (4, 7), (5, 7), (6, 7)]","[(6, 7), (5, 7), (4, 7), (3, 7), (2, 7), (1, 7), (0, 7), (0, 8)]",0.5714285656122451
410,"[(0, 7), (1, 6), (1, 7), (2, 6), (3, 6), (4, 5), (4, 6)]","[(6, 7), (5, 7), (4, 7), (3, 7), (2, 7), (1, 7), (0, 7)]",0.16666666138888903
412,"[(0, 2), (0, 7), (1, 2), (3, 6), (3, 7), (4, 6), (5, 6)]","[(5, 6), (5, 7), (4, 7), (3, 7), (2, 7), (1, 7), (0, 7)]",0.16666666138888903
414,"[(0, 7), (1, 6), (1, 7), (2, 6), (3, 6), (4, 6), (5, 6)]","[(0, 1), (0, 2), (0, 3), (0, 4), (0, 5), (0, 6), (0, 7)]",0.0
418,"[(0, 7), (1, 6), (1, 7), (2, 6), (3, 6), (4, 5), (4, 6)]","[(0, 1), (0, 2), (0, 3), (0, 4), (0, 5), (0, 6), (0, 7)]",0.0
413,"[(0, 6), (1, 5), (1, 6), (2, 5), (3, 4), (3, 5)]","[(1, 2), (5, 6), (0, 2), (4, 6), (0, 3), (0, 6)]",0.0
416,"[(0, 6), (1, 6), (2, 6), (3, 5), (3, 6), (4, 5)]","[(0, 1), (2, 3), (4, 5), (2, 5), (2, 6), (0, 6)]",0.19999999460000012
411,"[(0, 5), (1, 3), (1, 5), (2, 3), (4, 5)]","[(0, 1), (0, 2), (0, 3), (0, 4), (0, 5)]",0.0
415,"[(0, 5), (1, 4), (1, 5), (2, 4), (3, 4)]","[(2, 3), (4, 5), (2, 5), (1, 5), (0, 5)]",0.2499999943750001
419,"[(0, 2), (0, 5), (1, 2), (3, 4), (3, 5)]","[(4, 5), (3, 5), (2, 5), (1, 5), (0, 5)]",0.0
422,"[(0, 1), (0, 2), (0, 3), (0, 8), (4, 7), (4, 8), (5, 6), (5, 7)]","[(0, 1), (7, 8), (6, 8), (5, 8), (4, 8), (3, 8), (2, 8), (0, 8)]",0.28571428030612256
421,"[(0, 1), (0, 2), (0, 3), (0, 7), (4, 6), (4, 7), (5, 6)]","[(0, 1), (3, 4), (5, 6), (5, 7), (3, 7), (2, 7), (0, 7)]",0.16666666138888903
426,"[(0, 7), (1, 6), (1, 7), (2, 3), (2, 4), (2, 6), (5, 6)]","[(0, 1), (2, 3), (6, 7), (0, 3), (0, 4), (0, 5), (0, 7)]",0.16666666138888903
424,"[(0, 5), (1, 4), (1, 5), (2, 3), (2, 4)]","[(4, 5), (3, 5), (2, 5), (1, 5), (0, 5)]",0.2499999943750001
429,"[(0, 5), (1, 4), (1, 5), (2, 3), (2, 4)]","[(0, 1), (2, 3), (2, 4), (0, 4), (0, 5)]",0.2499999943750001
423,"[(0, 4), (1, 3), (1, 4), (2, 3)]","[(3, 4), (2, 4), (1, 4), (0, 4)]",0.33333332722222225
425,"[(0, 4), (1, 3), (1, 4), (2, 3)]","[(0, 1), (2, 3), (2, 4), (0, 4)]",0.0
428,"[(0, 4), (1, 3), (1, 4), (2, 3)]","[(0, 1), (0, 2), (0, 3), (0, 4)]",0.0
420,"[(0, 3), (1, 2), (1, 3)]","[(2, 3), (1, 3), (0, 3)]",0.0
427,"[(0, 3), (1, 2), (1, 3)]","[(0, 1), (0, 2), (0, 3)]",0.0
431,"[(0, 1), (0, 2), (0, 10), (3, 9), (3, 10), (4, 5), (4, 6), (4, 7), (4, 8), (4, 9)]","[(4, 5), (4, 6), (3, 6), (3, 7), (2, 7), (1, 7), (0, 7), (0, 8), (0, 9), (0, 10)]",0.22222221697530875
433,"[(0, 7), (1, 6), (1, 7), (2, 6), (3, 6), (4, 5), (4, 6)]","[(0, 1), (2, 3), (4, 5), (6, 7), (0, 3), (0, 5), (0, 7)]",0.16666666138888903
435,"[(0, 7), (1, 6), (1, 7), (2, 5), (2, 6), (3, 4), (3, 5)]","[(0, 1), (2, 3), (4, 5), (6, 7), (4, 7), (2, 7), (0, 7)]",0.0
439,"[(0, 7), (1, 6), (1, 7), (2, 5), (2, 6), (3, 4), (3, 5)]","[(0, 1), (2, 3), (4, 5), (6, 7), (4, 7), (2, 7), (0, 7)]",0.0
430,"[(0, 6), (1, 5), (1, 6), (2, 5), (3, 4), (3, 5)]","[(0, 1), (0, 2), (0, 3), (0, 4), (0, 5), (0, 6)]",0.0
432,"[(0, 6), (1, 5), (1, 6), (2, 5), (3, 4), (3, 5)]","[(2, 3), (2, 4), (1, 4), (1, 5), (0, 5), (0, 6)]",0.19999999460000012
434,"[(0, 2), (0, 6), (1, 2), (3, 4), (3, 5), (3, 6)]","[(0, 1), (2, 3), (2, 4), (2, 5), (0, 5), (0, 6)]",0.0
438,"[(0, 6), (1, 5), (1, 6), (2, 5), (3, 4), (3, 5)]","[(0, 1), (3, 4), (5, 6), (0, 2), (0, 4), (0, 6)]",0.19999999460000012
436,"[(0, 5), (1, 4), (1, 5), (2, 4), (3, 4)]","[(4, 5), (3, 5), (2, 5), (1, 5), (0, 5)]",0.2499999943750001
437,"[(0, 4), (1, 3), (1, 4), (2, 3)]","[(3, 4), (2, 4), (1, 4), (0, 4)]",0.33333332722222225
441,"[(0, 8), (1, 7), (1, 8), (2, 7), (3, 4), (3, 7), (5, 6), (5, 7)]","[(3, 4), (2, 4), (2, 5), (1, 5), (1, 6), (0, 6), (0, 7), (0, 8)]",0.14285713765306143
445,"[(0, 8), (1, 7), (1, 8), (2, 7), (3, 7), (4, 6), (4, 7), (5, 6)]","[(0, 1), (7, 8), (6, 8), (5, 8), (4, 8), (3, 8), (2, 8), (0, 8)]",0.0
446,"[(0, 1), (0, 2), (0, 7), (3, 5), (3, 6), (3, 7), (4, 5)]","[(0, 1), (3, 4), (5, 6), (5, 7), (3, 7), (2, 7), (0, 7)]",0.3333333277777778
442,"[(0, 6), (1, 2), (1, 5), (1, 6), (3, 5), (4, 5)]","[(0, 1), (2, 3), (4, 5), (4, 6), (2, 6), (0, 6)]",0.0
443,"[(0, 6), (1, 3), (1, 4), (1, 6), (2, 3), (5, 6)]","[(0, 1), (2, 3), (4, 5), (0, 3), (0, 5), (0, 6)]",0.19999999460000012
447,"[(0, 6), (1, 5), (1, 6), (2, 5), (3, 4), (3, 5)]","[(1, 2), (3, 4), (5, 6), (3, 6), (1, 6), (0, 6)]",0.39999999420000004
448,"[(0, 6), (1, 5), (1, 6), (2, 5), (3, 4), (3, 5)]","[(3, 4), (5, 6), (2, 4), (2, 6), (1, 6), (0, 6)]",0.39999999420000004
440,"[(0, 5), (1, 4), (1, 5), (2, 4), (3, 4)]","[(4, 5), (3, 5), (2, 5), (1, 5), (0, 5)]",0.2499999943750001
444,"[(0, 5), (1, 4), (1, 5), (2, 3), (2, 4)]","[(0, 1), (0, 2), (0, 3), (0, 4), (0, 5)]",0.0
449,"[(0, 2), (0, 5), (1, 2), (3, 4), (3, 5)]","[(3, 4), (2, 4), (1, 4), (1, 5), (0, 5)]",0.2499999943750001
457,"[(0, 1), (0, 6), (2, 5), (2, 6), (3, 4), (3, 5)]","[(5, 6), (4, 6), (3, 6), (2, 6), (1, 6), (0, 6)]",0.19999999460000012
450,"[(0, 5), (1, 4), (1, 5), (2, 4), (3, 4)]","[(0, 1), (2, 3), (2, 4), (0, 4), (0, 5)]",0.2499999943750001
451,"[(0, 5), (1, 4), (1, 5), (2, 3), (2, 4)]","[(0, 1), (0, 2), (0, 3), (0, 4), (0, 5)]",0.0
456,"[(0, 5), (1, 2), (1, 4), (1, 5), (3, 4)]","[(1, 2), (1, 3), (0, 3), (0, 4), (0, 5)]",0.2499999943750001
458,"[(0, 1), (0, 5), (2, 4), (2, 5), (3, 4)]","[(3, 4), (2, 4), (1, 4), (0, 4), (0, 5)]",0.2499999943750001
459,"[(0, 5), (1, 4), (1, 5), (2, 3), (2, 4)]","[(2, 3), (1, 3), (1, 4), (0, 4), (0, 5)]",0.4999999937500001
452,"[(0, 4), (1, 3), (1, 4), (2, 3)]","[(0, 1), (0, 2), (0, 3), (0, 4)]",0.0
453,"[(0, 1), (0, 4), (2, 3), (2, 4)]","[(1, 2), (1, 3), (1, 4), (0, 4)]",0.0
454,"[(0, 4), (1, 3), (1, 4), (2, 3)]","[(0, 1), (3, 4), (0, 2), (0, 4)]",0.0
455,"[(0, 3), (1, 2), (1, 3)]","[(0, 1), (0, 2), (0, 3)]",0.0
464,"[(0, 1), (0, 2), (0, 10), (3, 9), (3, 10), (4, 7), (4, 9), (5, 6), (5, 7), (8, 9)]","[(0, 1), (2, 3), (4, 5), (6, 7), (9, 10), (8, 10), (6, 10), (4, 10), (2, 10), (0, 10)]",0.11111110598765454
460,"[(0, 7), (1, 6), (1, 7), (2, 6), (3, 6), (4, 6), (5, 6)]","[(1, 2), (4, 5), (1, 3), (1, 5), (0, 5), (0, 6), (0, 7)]",0.0
466,"[(0, 7), (1, 6), (1, 7), (2, 3), (2, 6), (4, 5), (4, 6)]","[(1, 2), (1, 3), (1, 4), (0, 4), (0, 5), (0, 6), (0, 7)]",0.0
462,"[(0, 6), (1, 5), (1, 6), (2, 5), (3, 4), (3, 5)]","[(0, 1), (0, 2), (0, 3), (0, 4), (0, 5), (0, 6)]",0.0
463,"[(0, 1), (0, 2), (0, 6), (3, 5), (3, 6), (4, 5)]","[(0, 1), (2, 3), (5, 6), (4, 6), (2, 6), (0, 6)]",0.19999999460000012
465,"[(0, 1), (0, 6), (2, 5), (2, 6), (3, 4), (3, 5)]","[(1, 2), (5, 6), (4, 6), (3, 6), (1, 6), (0, 6)]",0.0
461,"[(0, 5), (1, 4), (1, 5), (2, 4), (3, 4)]","[(0, 1), (4, 5), (0, 2), (0, 3), (0, 5)]",0.0
467,"[(0, 5), (1, 4), (1, 5), (2, 3), (2, 4)]","[(0, 1), (2, 3), (4, 5), (0, 3), (0, 5)]",0.2499999943750001
468,"[(0, 5), (1, 4), (1, 5), (2, 3), (2, 4)]","[(4, 5), (3, 5), (2, 5), (1, 5), (0, 5)]",0.2499999943750001
469,"[(0, 4), (1, 3), (1, 4), (2, 3)]","[(3, 4), (2, 4), (1, 4), (0, 4)]",0.33333332722222225
479,"[(0, 4), (0, 11), (1, 4), (2, 4), (3, 4), (5, 11), (6, 10), (6, 11), (7, 10), (8, 9), (8, 10)]","[(8, 9), (8, 10), (7, 10), (6, 10), (5, 10), (4, 10), (3, 10), (2, 10), (1, 10), (1, 11), (0, 11)]",0.29999999470000005
476,"[(0, 7), (1, 6), (1, 7), (2, 6), (3, 4), (3, 5), (3, 6)]","[(4, 5), (6, 7), (3, 5), (2, 5), (2, 7), (1, 7), (0, 7)]",0.3333333277777778
470,"[(0, 6), (1, 5), (1, 6), (2, 5), (3, 4), (3, 5)]","[(0, 1), (2, 3), (5, 6), (0, 3), (0, 4), (0, 6)]",0.0
471,"[(0, 1), (0, 6), (2, 5), (2, 6), (3, 4), (3, 5)]","[(0, 1), (0, 2), (0, 3), (0, 4), (0, 5), (0, 6)]",0.19999999460000012
473,"[(0, 1), (0, 2), (0, 6), (3, 5), (3, 6), (4, 5)]","[(0, 1), (0, 2), (0, 3), (0, 4), (0, 5), (0, 6)]",0.39999999420000004
474,"[(0, 1), (0, 6), (2, 5), (2, 6), (3, 4), (3, 5)]","[(2, 3), (2, 4), (2, 5), (1, 5), (1, 6), (0, 6)]",0.19999999460000012
477,"[(0, 6), (1, 5), (1, 6), (2, 5), (3, 4), (3, 5)]","[(0, 1), (3, 4), (5, 6), (3, 6), (2, 6), (0, 6)]",0.19999999460000012
478,"[(0, 1), (0, 6), (2, 5), (2, 6), (3, 4), (3, 5)]","[(1, 2), (4, 5), (0, 2), (4, 6), (0, 3), (0, 6)]",0.0
472,"[(0, 5), (1, 4), (1, 5), (2, 3), (2, 4)]","[(0, 1), (3, 4), (0, 2), (0, 4), (0, 5)]",0.0
475,"[(0, 3), (1, 2), (1, 3)]","[(0, 1), (2, 3), (0, 3)]",0.0
484,"[(0, 8), (1, 7), (1, 8), (2, 7), (3, 4), (3, 7), (5, 6), (5, 7)]","[(2, 3), (7, 8), (1, 3), (6, 8), (0, 3), (5, 8), (4, 8), (0, 8)]",0.0
480,"[(0, 6), (1, 3), (1, 5), (1, 6), (2, 3), (4, 5)]","[(5, 6), (4, 6), (3, 6), (2, 6), (1, 6), (0, 6)]",0.19999999460000012
481,"[(0, 5), (1, 4), (1, 5), (2, 3), (2, 4)]","[(4, 5), (3, 5), (2, 5), (1, 5), (0, 5)]",0.2499999943750001
487,"[(0, 5), (1, 4), (1, 5), (2, 3), (2, 4)]","[(0, 1), (2, 3), (4, 5), (0, 3), (0, 5)]",0.2499999943750001
482,"[(0, 1), (0, 4), (2, 3), (2, 4)]","[(3, 4), (2, 4), (1, 4), (0, 4)]",0.0
483,"[(0, 4), (1, 3), (1, 4), (2, 3)]","[(3, 4), (2, 4), (1, 4), (0, 4)]",0.33333332722222225
485,"[(0, 4), (1, 3), (1, 4), (2, 3)]","[(2, 3), (2, 4), (1, 4), (0, 4)]",0.33333332722222225
488,"[(0, 4), (1, 3), (1, 4), (2, 3)]","[(0, 1), (3, 4), (0, 2), (0, 4)]",0.0
489,"[(0, 4), (1, 3), (1, 4), (2, 3)]","[(0, 1), (3, 4), (2, 4), (0, 4)]",0.0
486,"[(0, 3), (1, 2), (1, 3)]","[(1, 2), (0, 2), (0, 3)]",0.4999999925000001
492,"[(0, 6), (1, 2), (1, 5), (1, 6), (3, 5), (4, 5)]","[(2, 3), (2, 4), (1, 4), (1, 5), (0, 5), (0, 6)]",0.19999999460000012
496,"[(0, 6), (1, 5), (1, 6), (2, 5), (3, 4), (3, 5)]","[(5, 6), (4, 6), (3, 6), (2, 6), (1, 6), (0, 6)]",0.19999999460000012
499,"[(0, 6), (1, 5), (1, 6), (2, 5), (3, 5), (4, 5)]","[(1, 2), (1, 3), (1, 4), (1, 5), (1, 6), (0, 6)]",0.39999999420000004
491,"[(0, 5), (1, 4), (1, 5), (2, 4), (3, 4)]","[(0, 1), (3, 4), (0, 2), (0, 4), (0, 5)]",0.0
493,"[(0, 5), (1, 2), (1, 4), (1, 5), (3, 4)]","[(0, 1), (2, 3), (2, 4), (0, 4), (0, 5)]",0.0
495,"[(0, 5), (1, 4), (1, 5), (2, 4), (3, 4)]","[(0, 1), (2, 3), (4, 5), (2, 5), (0, 5)]",0.0
490,"[(0, 4), (1, 2), (1, 4), (3, 4)]","[(0, 1), (0, 2), (0, 3), (0, 4)]",0.0
494,"[(0, 4), (1, 3), (1, 4), (2, 3)]","[(3, 4), (2, 4), (1, 4), (0, 4)]",0.33333332722222225
497,"[(0, 4), (1, 3), (1, 4), (2, 3)]","[(1, 2), (3, 4), (1, 4), (0, 4)]",0.33333332722222225
498,"[(0, 4), (1, 2), (1, 4), (3, 4)]","[(0, 1), (2, 3), (2, 4), (0, 4)]",0.0
500,"[(0, 6), (1, 5), (1, 6), (2, 5), (3, 5), (4, 5)]","[(2, 3), (2, 4), (1, 4), (0, 4), (0, 5), (0, 6)]",0.0
501,"[(0, 6), (1, 2), (1, 5), (1, 6), (3, 5), (4, 5)]","[(5, 6), (4, 6), (3, 6), (2, 6), (1, 6), (0, 6)]",0.19999999460000012
502,"[(0, 6), (1, 3), (1, 5), (1, 6), (2, 3), (4, 5)]","[(3, 4), (2, 4), (2, 5), (1, 5), (0, 5), (0, 6)]",0.19999999460000012
503,"[(0, 6), (1, 5), (1, 6), (2, 4), (2, 5), (3, 4)]","[(3, 4), (3, 5), (2, 5), (1, 5), (0, 5), (0, 6)]",0.39999999420000004
506,"[(0, 1), (0, 6), (2, 5), (2, 6), (3, 4), (3, 5)]","[(3, 4), (3, 5), (2, 5), (1, 5), (0, 5), (0, 6)]",0.39999999420000004
505,"[(0, 5), (1, 4), (1, 5), (2, 4), (3, 4)]","[(0, 1), (2, 3), (4, 5), (0, 3), (0, 5)]",0.0
508,"[(0, 5), (1, 4), (1, 5), (2, 4), (3, 4)]","[(0, 1), (2, 3), (4, 5), (0, 3), (0, 5)]",0.0
507,"[(0, 4), (1, 3), (1, 4), (2, 3)]","[(1, 2), (3, 4), (1, 4), (0, 4)]",0.33333332722222225
509,"[(0, 4), (1, 3), (1, 4), (2, 3)]","[(1, 2), (1, 3), (0, 3), (0, 4)]",0.33333332722222225
504,"[(0, 3), (1, 2), (1, 3)]","[(0, 1), (2, 3), (0, 3)]",0.0
515,"[(0, 1), (0, 7), (2, 6), (2, 7), (3, 5), (3, 6), (4, 5)]","[(1, 2), (0, 2), (0, 3), (0, 4), (0, 5), (0, 6), (0, 7)]",0.0
513,"[(0, 6), (1, 3), (1, 5), (1, 6), (2, 3), (4, 5)]","[(3, 4), (5, 6), (2, 4), (1, 4), (0, 4), (0, 6)]",0.0
514,"[(0, 5), (1, 4), (1, 5), (2, 4), (3, 4)]","[(1, 2), (1, 3), (1, 4), (1, 5), (0, 5)]",0.4999999937500001
517,"[(0, 5), (1, 4), (1, 5), (2, 4), (3, 4)]","[(0, 1), (2, 3), (4, 5), (0, 3), (0, 5)]",0.0
511,"[(0, 4), (1, 3), (1, 4), (2, 3)]","[(3, 4), (2, 4), (1, 4), (0, 4)]",0.33333332722222225
516,"[(0, 4), (1, 3), (1, 4), (2, 3)]","[(0, 1), (3, 4), (2, 4), (0, 4)]",0.0
518,"[(0, 4), (1, 3), (1, 4), (2, 3)]","[(0, 1), (2, 3), (2, 4), (0, 4)]",0.0
519,"[(0, 4), (1, 3), (1, 4), (2, 3)]","[(0, 1), (0, 2), (0, 3), (0, 4)]",0.0
510,"[(0, 3), (1, 2), (1, 3)]","[(1, 2), (0, 2), (0, 3)]",0.4999999925000001
512,"[(0, 3), (1, 2), (1, 3)]","[(0, 1), (2, 3), (0, 3)]",0.0
520,"[(0, 7), (1, 6), (1, 7), (2, 3), (2, 6), (4, 6), (5, 6)]","[(5, 6), (4, 6), (3, 6), (2, 6), (1, 6), (0, 6), (0, 7)]",0.4999999941666667
525,"[(0, 6), (1, 5), (1, 6), (2, 5), (3, 4), (3, 5)]","[(5, 6), (4, 6), (3, 6), (2, 6), (1, 6), (0, 6)]",0.19999999460000012
521,"[(0, 1), (0, 5), (2, 4), (2, 5), (3, 4)]","[(1, 2), (4, 5), (1, 3), (0, 3), (0, 5)]",0.0
529,"[(0, 5), (1, 4), (1, 5), (2, 3), (2, 4)]","[(1, 2), (0, 2), (0, 3), (0, 4), (0, 5)]",0.0
523,"[(0, 4), (1, 3), (1, 4), (2, 3)]","[(1, 2), (1, 3), (0, 3), (0, 4)]",0.33333332722222225
524,"[(0, 4), (1, 3), (1, 4), (2, 3)]","[(0, 1), (0, 2), (0, 3), (0, 4)]",0.0
527,"[(0, 4), (1, 3), (1, 4), (2, 3)]","[(0, 1), (2, 3), (2, 4), (0, 4)]",0.0
522,"[(0, 3), (1, 2), (1, 3)]","[(2, 3), (1, 3), (0, 3)]",0.0
526,"[(0, 3), (1, 2), (1, 3)]","[(0, 1), (0, 2), (0, 3)]",0.0
528,"[(0, 3), (1, 2), (1, 3)]","[(0, 1), (2, 3), (0, 3)]",0.0
533,"[(0, 1), (0, 2), (0, 6), (3, 4), (3, 5), (3, 6)]","[(0, 1), (3, 4), (5, 6), (3, 6), (2, 6), (0, 6)]",0.39999999420000004
537,"[(0, 6), (1, 5), (1, 6), (2, 5), (3, 4), (3, 5)]","[(0, 1), (0, 2), (0, 3), (0, 4), (0, 5), (0, 6)]",0.0
539,"[(0, 6), (1, 5), (1, 6), (2, 5), (3, 4), (3, 5)]","[(4, 5), (3, 5), (2, 5), (1, 5), (0, 5), (0, 6)]",0.39999999420000004
530,"[(0, 5), (1, 4), (1, 5), (2, 4), (3, 4)]","[(4, 5), (3, 5), (2, 5), (1, 5), (0, 5)]",0.2499999943750001
532,"[(0, 5), (1, 4), (1, 5), (2, 3), (2, 4)]","[(3, 4), (2, 4), (1, 4), (0, 4), (0, 5)]",0.2499999943750001
535,"[(0, 5), (1, 4), (1, 5), (2, 4), (3, 4)]","[(0, 1), (3, 4), (0, 2), (0, 4), (0, 5)]",0.0
534,"[(0, 4), (1, 3), (1, 4), (2, 3)]","[(0, 1), (0, 2), (0, 3), (0, 4)]",0.0
536,"[(0, 4), (1, 3), (1, 4), (2, 3)]","[(3, 4), (2, 4), (1, 4), (0, 4)]",0.33333332722222225
538,"[(0, 4), (1, 3), (1, 4), (2, 3)]","[(2, 3), (1, 3), (1, 4), (0, 4)]",0.6666666594444445
531,"[(0, 3), (1, 2), (1, 3)]","[(1, 2), (0, 2), (0, 3)]",0.4999999925000001
541,"[(0, 6), (1, 5), (1, 6), (2, 5), (3, 4), (3, 5)]","[(0, 1), (2, 3), (4, 5), (4, 6), (2, 6), (0, 6)]",0.0
546,"[(0, 6), (1, 5), (1, 6), (2, 5), (3, 5), (4, 5)]","[(1, 2), (1, 3), (0, 3), (0, 4), (0, 5), (0, 6)]",0.0
547,"[(0, 1), (0, 6), (2, 5), (2, 6), (3, 4), (3, 5)]","[(0, 1), (2, 3), (4, 5), (0, 3), (0, 5), (0, 6)]",0.19999999460000012
542,"[(0, 5), (1, 4), (1, 5), (2, 4), (3, 4)]","[(4, 5), (3, 5), (2, 5), (1, 5), (0, 5)]",0.2499999943750001
543,"[(0, 5), (1, 4), (1, 5), (2, 4), (3, 4)]","[(1, 2), (3, 4), (3, 5), (1, 5), (0, 5)]",0.2499999943750001
544,"[(0, 5), (1, 4), (1, 5), (2, 4), (3, 4)]","[(0, 1), (2, 3), (4, 5), (2, 5), (0, 5)]",0.0
548,"[(0, 1), (0, 5), (2, 4), (2, 5), (3, 4)]","[(0, 1), (0, 2), (0, 3), (0, 4), (0, 5)]",0.2499999943750001
545,"[(0, 4), (1, 3), (1, 4), (2, 3)]","[(0, 1), (3, 4), (2, 4), (0, 4)]",0.0
549,"[(0, 4), (1, 3), (1, 4), (2, 3)]","[(3, 4), (2, 4), (1, 4), (0, 4)]",0.33333332722222225
540,"[(0, 3), (1, 2), (1, 3)]","[(2, 3), (1, 3), (0, 3)]",0.0
556,"[(0, 7), (1, 5), (1, 6), (1, 7), (2, 4), (2, 5), (3, 4)]","[(0, 1), (2, 3), (4, 5), (6, 7), (4, 7), (2, 7), (0, 7)]",0.0
557,"[(0, 1), (0, 7), (2, 6), (2, 7), (3, 6), (4, 5), (4, 6)]","[(0, 1), (0, 2), (0, 3), (0, 4), (0, 5), (0, 6), (0, 7)]",0.16666666138888903
550,"[(0, 2), (0, 3), (0, 6), (1, 2), (4, 5), (4, 6)]","[(5, 6), (4, 6), (3, 6), (2, 6), (1, 6), (0, 6)]",0.0
555,"[(0, 5), (0, 6), (1, 5), (2, 4), (2, 5), (3, 4)]","[(5, 6), (4, 6), (3, 6), (2, 6), (1, 6), (0, 6)]",0.0
559,"[(0, 5), (0, 6), (1, 5), (2, 4), (2, 5), (3, 4)]","[(0, 1), (2, 3), (5, 6), (2, 4), (2, 6), (0, 6)]",0.19999999460000012
551,"[(0, 1), (0, 5), (2, 4), (2, 5), (3, 4)]","[(0, 1), (2, 3), (4, 5), (0, 3), (0, 5)]",0.2499999943750001
552,"[(0, 5), (1, 2), (1, 5), (3, 4), (3, 5)]","[(0, 1), (2, 3), (4, 5), (0, 3), (0, 5)]",0.0
558,"[(0, 5), (1, 4), (1, 5), (2, 4), (3, 4)]","[(0, 1), (3, 4), (0, 2), (3, 5), (0, 5)]",0.0
554,"[(0, 2), (0, 4), (1, 2), (3, 4)]","[(1, 2), (3, 4), (0, 2), (0, 4)]",0.6666666594444445
553,"[(0, 2), (0, 3), (1, 2)]","[(1, 2), (0, 2), (0, 3)]",0.4999999925000001
569,"[(0, 5), (0, 6), (1, 5), (2, 4), (2, 5), (3, 4)]","[(2, 3), (4, 5), (1, 3), (0, 3), (0, 5), (0, 6)]",0.19999999460000012
563,"[(0, 5), (1, 3), (1, 4), (1, 5), (2, 3)]","[(1, 2), (4, 5), (3, 5), (1, 5), (0, 5)]",0.2499999943750001
564,"[(0, 5), (1, 4), (1, 5), (2, 3), (2, 4)]","[(1, 2), (3, 4), (1, 4), (1, 5), (0, 5)]",0.4999999937500001
566,"[(0, 1), (0, 5), (2, 4), (2, 5), (3, 4)]","[(0, 1), (2, 3), (4, 5), (2, 5), (0, 5)]",0.4999999937500001
568,"[(0, 1), (0, 5), (2, 4), (2, 5), (3, 4)]","[(0, 1), (0, 2), (0, 3), (0, 4), (0, 5)]",0.2499999943750001
560,"[(0, 4), (1, 2), (1, 3), (1, 4)]","[(0, 1), (2, 3), (0, 3), (0, 4)]",0.0
562,"[(0, 4), (1, 3), (1, 4), (2, 3)]","[(0, 1), (3, 4), (2, 4), (0, 4)]",0.0
565,"[(0, 1), (0, 4), (2, 3), (2, 4)]","[(0, 1), (2, 3), (2, 4), (0, 4)]",0.6666666594444445
567,"[(0, 1), (0, 4), (2, 3), (2, 4)]","[(0, 1), (2, 3), (0, 3), (0, 4)]",0.6666666594444445
561,"[(0, 3), (1, 2), (1, 3)]","[(2, 3), (1, 3), (0, 3)]",0.0
573,"[(0, 1), (0, 7), (2, 6), (2, 7), (3, 6), (4, 5), (4, 6)]","[(4, 5), (4, 6), (3, 6), (2, 6), (1, 6), (0, 6), (0, 7)]",0.4999999941666667
575,"[(0, 1), (0, 2), (0, 7), (3, 6), (3, 7), (4, 5), (4, 6)]","[(6, 7), (5, 7), (4, 7), (3, 7), (2, 7), (1, 7), (0, 7)]",0.16666666138888903
576,"[(0, 6), (1, 5), (1, 6), (2, 5), (3, 5), (4, 5)]","[(0, 1), (3, 4), (5, 6), (2, 4), (2, 6), (0, 6)]",0.0
577,"[(0, 1), (0, 2), (0, 6), (3, 5), (3, 6), (4, 5)]","[(5, 6), (4, 6), (3, 6), (2, 6), (1, 6), (0, 6)]",0.19999999460000012
578,"[(0, 2), (0, 6), (1, 2), (3, 5), (3, 6), (4, 5)]","[(5, 6), (4, 6), (3, 6), (2, 6), (1, 6), (0, 6)]",0.19999999460000012
574,"[(0, 3), (0, 4), (1, 3), (2, 3)]","[(0, 1), (3, 4), (0, 2), (0, 4)]",0.0
579,"[(0, 4), (1, 3), (1, 4), (2, 3)]","[(0, 1), (0, 2), (0, 3), (0, 4)]",0.0
570,"[(0, 3), (1, 2), (1, 3)]","[(1, 2), (1, 3), (0, 3)]",0.4999999925000001
571,"[(0, 1), (0, 3), (2, 3)]","[(0, 1), (2, 3), (0, 3)]",0.4999999925000001
572,"[(0, 3), (1, 2), (1, 3)]","[(1, 2), (0, 2), (0, 3)]",0.4999999925000001
582,"[(0, 8), (1, 4), (1, 7), (1, 8), (2, 4), (3, 4), (5, 7), (6, 7)]","[(0, 1), (0, 2), (0, 3), (0, 4), (0, 5), (0, 6), (0, 7), (0, 8)]",0.0
581,"[(0, 5), (0, 6), (1, 2), (1, 3), (1, 5), (4, 5)]","[(2, 3), (5, 6), (4, 6), (2, 6), (1, 6), (0, 6)]",0.0
580,"[(0, 1), (0, 5), (2, 4), (2, 5), (3, 4)]","[(0, 1), (2, 3), (4, 5), (2, 5), (0, 5)]",0.4999999937500001
586,"[(0, 5), (1, 4), (1, 5), (2, 4), (3, 4)]","[(3, 4), (2, 4), (1, 4), (1, 5), (0, 5)]",0.7499999931250001
583,"[(0, 4), (1, 3), (1, 4), (2, 3)]","[(0, 1), (2, 3), (2, 4), (0, 4)]",0.0
587,"[(0, 4), (1, 3), (1, 4), (2, 3)]","[(1, 2), (0, 2), (0, 3), (0, 4)]",0.0
588,"[(0, 4), (1, 3), (1, 4), (2, 3)]","[(3, 4), (2, 4), (1, 4), (0, 4)]",0.33333332722222225
584,"[(0, 3), (1, 2), (1, 3)]","[(0, 1), (0, 2), (0, 3)]",0.0
585,"[(0, 3), (1, 2), (1, 3)]","[(2, 3), (1, 3), (0, 3)]",0.0
589,"[(0, 3), (1, 2), (1, 3)]","[(2, 3), (1, 3), (0, 3)]",0.0
591,"[(0, 8), (1, 4), (1, 7), (1, 8), (2, 4), (3, 4), (5, 7), (6, 7)]","[(0, 1), (2, 3), (4, 5), (7, 8), (4, 6), (0, 3), (0, 6), (0, 8)]",0.0
596,"[(0, 8), (1, 3), (1, 7), (1, 8), (2, 3), (4, 7), (5, 7), (6, 7)]","[(1, 2), (3, 4), (5, 6), (7, 8), (0, 2), (5, 8), (0, 4), (0, 8)]",0.0
593,"[(0, 1), (0, 2), (0, 7), (3, 6), (3, 7), (4, 6), (5, 6)]","[(6, 7), (5, 7), (4, 7), (3, 7), (2, 7), (1, 7), (0, 7)]",0.16666666138888903
595,"[(0, 7), (1, 3), (1, 6), (1, 7), (2, 3), (4, 6), (5, 6)]","[(0, 1), (2, 3), (6, 7), (2, 4), (2, 5), (2, 7), (0, 7)]",0.16666666138888903
597,"[(0, 7), (1, 5), (1, 6), (1, 7), (2, 5), (3, 4), (3, 5)]","[(2, 3), (2, 4), (1, 4), (1, 5), (1, 6), (1, 7), (0, 7)]",0.4999999941666667
594,"[(0, 6), (1, 2), (1, 5), (1, 6), (3, 5), (4, 5)]","[(1, 2), (5, 6), (1, 3), (4, 6), (0, 3), (0, 6)]",0.19999999460000012
599,"[(0, 1), (0, 5), (2, 4), (2, 5), (3, 4)]","[(4, 5), (3, 5), (2, 5), (1, 5), (0, 5)]",0.2499999943750001
592,"[(0, 4), (1, 3), (1, 4), (2, 3)]","[(0, 1), (2, 3), (0, 3), (0, 4)]",0.0
590,"[(0, 3), (1, 2), (1, 3)]","[(1, 2), (0, 2), (0, 3)]",0.4999999925000001
598,"[(0, 3), (1, 2), (1, 3)]","[(0, 1), (2, 3), (0, 3)]",0.0
604,"[(0, 1), (0, 2), (0, 11), (3, 6), (3, 10), (3, 11), (4, 5), (4, 6), (7, 10), (8, 9), (8, 10)]","[(0, 1), (5, 6), (9, 10), (0, 2), (0, 3), (0, 4), (0, 6), (0, 7), (0, 8), (0, 10), (0, 11)]",0.19999999480000014
605,"[(0, 9), (1, 8), (1, 9), (2, 8), (3, 4), (3, 8), (5, 6), (5, 7), (5, 8)]","[(8, 9), (7, 9), (6, 9), (5, 9), (4, 9), (3, 9), (2, 9), (1, 9), (0, 9)]",0.12499999484375018
600,"[(0, 8), (1, 7), (1, 8), (2, 7), (3, 7), (4, 5), (4, 7), (6, 7)]","[(1, 2), (1, 3), (0, 3), (0, 4), (0, 5), (0, 6), (0, 7), (0, 8)]",0.0
606,"[(0, 8), (1, 7), (1, 8), (2, 7), (3, 4), (3, 7), (5, 7), (6, 7)]","[(1, 2), (3, 4), (5, 6), (7, 8), (1, 4), (1, 6), (1, 8), (0, 8)]",0.28571428030612256
608,"[(0, 1), (0, 5), (2, 4), (2, 5), (3, 4)]","[(0, 1), (3, 4), (0, 2), (0, 4), (0, 5)]",0.2499999943750001
602,"[(0, 4), (1, 3), (1, 4), (2, 3)]","[(1, 2), (1, 3), (0, 3), (0, 4)]",0.33333332722222225
603,"[(0, 4), (1, 3), (1, 4), (2, 3)]","[(0, 1), (3, 4), (2, 4), (0, 4)]",0.0
609,"[(0, 4), (1, 3), (1, 4), (2, 3)]","[(3, 4), (2, 4), (1, 4), (0, 4)]",0.33333332722222225
601,"[(0, 3), (1, 2), (1, 3)]","[(0, 1), (2, 3), (0, 3)]",0.0
607,"[(0, 3), (1, 2), (1, 3)]","[(0, 1), (0, 2), (0, 3)]",0.0
614,"[(0, 9), (1, 5), (1, 8), (1, 9), (2, 5), (3, 5), (4, 5), (6, 8), (7, 8)]","[(1, 2), (3, 4), (6, 7), (8, 9), (1, 4), (6, 9), (1, 5), (0, 5), (0, 9)]",0.12499999484375018
616,"[(0, 1), (0, 7), (2, 6), (2, 7), (3, 6), (4, 5), (4, 6)]","[(0, 1), (0, 2), (0, 3), (0, 4), (0, 5), (0, 6), (0, 7)]",0.16666666138888903
613,"[(0, 6), (1, 5), (1, 6), (2, 3), (2, 5), (4, 5)]","[(5, 6), (4, 6), (3, 6), (2, 6), (1, 6), (0, 6)]",0.19999999460000012
615,"[(0, 2), (0, 6), (1, 2), (3, 5), (3, 6), (4, 5)]","[(0, 1), (3, 4), (5, 6), (0, 2), (3, 6), (0, 6)]",0.39999999420000004
617,"[(0, 6), (1, 5), (1, 6), (2, 5), (3, 4), (3, 5)]","[(3, 4), (5, 6), (3, 6), (2, 6), (1, 6), (0, 6)]",0.39999999420000004
611,"[(0, 5), (1, 4), (1, 5), (2, 4), (3, 4)]","[(0, 1), (2, 3), (2, 4), (2, 5), (0, 5)]",0.2499999943750001
612,"[(0, 5), (1, 4), (1, 5), (2, 4), (3, 4)]","[(1, 2), (3, 4), (3, 5), (1, 5), (0, 5)]",0.2499999943750001
618,"[(0, 1), (0, 5), (2, 4), (2, 5), (3, 4)]","[(1, 2), (1, 3), (1, 4), (1, 5), (0, 5)]",0.0
619,"[(0, 1), (0, 5), (2, 4), (2, 5), (3, 4)]","[(3, 4), (2, 4), (1, 4), (0, 4), (0, 5)]",0.2499999943750001
610,"[(0, 4), (1, 3), (1, 4), (2, 3)]","[(1, 2), (3, 4), (1, 4), (0, 4)]",0.33333332722222225
621,"[(0, 10), (1, 9), (1, 10), (2, 9), (3, 4), (3, 9), (5, 6), (5, 7), (5, 8), (5, 9)]","[(1, 2), (4, 5), (8, 9), (0, 2), (4, 6), (8, 10), (3, 6), (7, 10), (0, 6), (0, 10)]",0.0
622,"[(0, 9), (0, 10), (1, 2), (1, 9), (3, 9), (4, 5), (4, 8), (4, 9), (6, 7), (6, 8)]","[(2, 3), (2, 4), (2, 5), (2, 6), (2, 7), (2, 8), (2, 9), (2, 10), (1, 10), (0, 10)]",0.0
623,"[(0, 9), (0, 10), (1, 2), (1, 9), (3, 9), (4, 5), (4, 8), (4, 9), (6, 7), (6, 8)]","[(9, 10), (8, 10), (7, 10), (6, 10), (5, 10), (4, 10), (3, 10), (2, 10), (1, 10), (0, 10)]",0.0
627,"[(0, 10), (1, 2), (1, 10), (3, 10), (4, 9), (4, 10), (5, 9), (6, 9), (7, 9), (8, 9)]","[(1, 2), (3, 4), (0, 2), (3, 5), (3, 6), (3, 7), (3, 8), (3, 9), (3, 10), (0, 10)]",0.22222221697530875
624,"[(0, 9), (1, 5), (1, 8), (1, 9), (2, 5), (3, 5), (4, 5), (6, 8), (7, 8)]","[(5, 6), (8, 9), (4, 6), (7, 9), (3, 6), (2, 6), (1, 6), (0, 6), (0, 9)]",0.0
626,"[(0, 1), (0, 3), (0, 8), (2, 3), (4, 8), (5, 7), (5, 8), (6, 7)]","[(7, 8), (6, 8), (5, 8), (4, 8), (3, 8), (2, 8), (1, 8), (0, 8)]",0.28571428030612256
628,"[(0, 8), (1, 4), (1, 7), (1, 8), (2, 4), (3, 4), (5, 7), (6, 7)]","[(0, 1), (2, 3), (5, 6), (2, 4), (5, 7), (2, 7), (2, 8), (0, 8)]",0.28571428030612256
625,"[(0, 7), (1, 6), (1, 7), (2, 6), (3, 6), (4, 6), (5, 6)]","[(2, 3), (1, 3), (1, 4), (1, 5), (1, 6), (0, 6), (0, 7)]",0.16666666138888903
629,"[(0, 6), (0, 7), (1, 2), (1, 3), (1, 6), (4, 5), (4, 6)]","[(1, 2), (6, 7), (0, 2), (5, 7), (0, 3), (4, 7), (0, 7)]",0.16666666138888903
620,"[(0, 1), (0, 2), (0, 6), (3, 5), (3, 6), (4, 5)]","[(0, 1), (5, 6), (4, 6), (3, 6), (2, 6), (0, 6)]",0.39999999420000004
631,"[(0, 8), (1, 4), (1, 7), (1, 8), (2, 4), (3, 4), (5, 7), (6, 7)]","[(0, 1), (0, 2), (0, 3), (0, 4), (0, 5), (0, 6), (0, 7), (0, 8)]",0.0
635,"[(0, 1), (0, 2), (0, 8), (3, 7), (3, 8), (4, 5), (4, 6), (4, 7)]","[(5, 6), (7, 8), (4, 6), (3, 6), (2, 6), (2, 8), (1, 8), (0, 8)]",0.14285713765306143
636,"[(0, 7), (1, 6), (1, 7), (2, 6), (3, 4), (3, 6), (5, 6)]","[(0, 1), (4, 5), (6, 7), (0, 2), (0, 3), (4, 7), (0, 7)]",0.0
639,"[(0, 7), (1, 2), (1, 6), (1, 7), (3, 6), (4, 5), (4, 6)]","[(6, 7), (5, 7), (4, 7), (3, 7), (2, 7), (1, 7), (0, 7)]",0.16666666138888903
632,"[(0, 6), (1, 5), (1, 6), (2, 4), (2, 5), (3, 4)]","[(5, 6), (4, 6), (3, 6), (2, 6), (1, 6), (0, 6)]",0.19999999460000012
634,"[(0, 6), (1, 3), (1, 5), (1, 6), (2, 3), (4, 5)]","[(0, 1), (3, 4), (2, 4), (2, 5), (0, 5), (0, 6)]",0.0
630,"[(0, 5), (1, 4), (1, 5), (2, 4), (3, 4)]","[(0, 1), (0, 2), (0, 3), (0, 4), (0, 5)]",0.0
633,"[(0, 5), (1, 4), (1, 5), (2, 4), (3, 4)]","[(2, 3), (4, 5), (1, 3), (0, 3), (0, 5)]",0.0
637,"[(0, 4), (1, 3), (1, 4), (2, 3)]","[(0, 1), (3, 4), (0, 2), (0, 4)]",0.0
638,"[(0, 4), (1, 3), (1, 4), (2, 3)]","[(1, 2), (1, 3), (0, 3), (0, 4)]",0.33333332722222225
646,"[(0, 1), (0, 10), (2, 9), (2, 10), (3, 4), (3, 7), (3, 8), (3, 9), (5, 7), (6, 7)]","[(0, 1), (2, 3), (5, 6), (9, 10), (4, 6), (8, 10), (7, 10), (4, 10), (2, 10), (0, 10)]",0.22222221697530875
641,"[(0, 5), (0, 6), (1, 2), (1, 3), (1, 5), (4, 5)]","[(0, 1), (5, 6), (0, 2), (4, 6), (3, 6), (0, 6)]",0.0
642,"[(0, 6), (1, 5), (1, 6), (2, 5), (3, 4), (3, 5)]","[(0, 1), (2, 3), (5, 6), (0, 3), (0, 4), (0, 6)]",0.0
643,"[(0, 6), (1, 5), (1, 6), (2, 5), (3, 4), (3, 5)]","[(1, 2), (3, 4), (5, 6), (3, 6), (1, 6), (0, 6)]",0.39999999420000004
647,"[(0, 6), (1, 5), (1, 6), (2, 5), (3, 4), (3, 5)]","[(1, 2), (3, 4), (5, 6), (3, 6), (1, 6), (0, 6)]",0.39999999420000004
648,"[(0, 6), (1, 5), (1, 6), (2, 5), (3, 4), (3, 5)]","[(2, 3), (5, 6), (2, 4), (1, 4), (0, 4), (0, 6)]",0.0
645,"[(0, 5), (1, 4), (1, 5), (2, 4), (3, 4)]","[(0, 1), (2, 3), (0, 3), (0, 4), (0, 5)]",0.0
649,"[(0, 5), (1, 4), (1, 5), (2, 4), (3, 4)]","[(0, 1), (2, 3), (2, 4), (2, 5), (0, 5)]",0.2499999943750001
640,"[(0, 3), (1, 2), (1, 3)]","[(0, 1), (0, 2), (0, 3)]",0.0
644,"[(0, 3), (1, 2), (1, 3)]","[(0, 1), (0, 2), (0, 3)]",0.0
656,"[(0, 7), (1, 6), (1, 7), (2, 6), (3, 4), (3, 6), (5, 6)]","[(1, 2), (4, 5), (6, 7), (4, 7), (3, 7), (1, 7), (0, 7)]",0.16666666138888903
650,"[(0, 6), (1, 5), (1, 6), (2, 5), (3, 4), (3, 5)]","[(0, 1), (3, 4), (5, 6), (0, 2), (3, 6), (0, 6)]",0.19999999460000012
651,"[(0, 6), (1, 5), (1, 6), (2, 5), (3, 4), (3, 5)]","[(0, 1), (4, 5), (0, 2), (0, 3), (0, 5), (0, 6)]",0.0
652,"[(0, 6), (1, 5), (1, 6), (2, 5), (3, 4), (3, 5)]","[(5, 6), (4, 6), (3, 6), (2, 6), (1, 6), (0, 6)]",0.19999999460000012
653,"[(0, 6), (1, 5), (1, 6), (2, 5), (3, 4), (3, 5)]","[(0, 1), (2, 3), (5, 6), (2, 4), (0, 4), (0, 6)]",0.0
654,"[(0, 6), (1, 5), (1, 6), (2, 5), (3, 4), (3, 5)]","[(0, 1), (0, 2), (0, 3), (0, 4), (0, 5), (0, 6)]",0.0
657,"[(0, 6), (1, 5), (1, 6), (2, 5), (3, 4), (3, 5)]","[(3, 4), (3, 5), (3, 6), (2, 6), (1, 6), (0, 6)]",0.39999999420000004
658,"[(0, 1), (0, 6), (2, 5), (2, 6), (3, 4), (3, 5)]","[(3, 4), (3, 5), (2, 5), (1, 5), (1, 6), (0, 6)]",0.39999999420000004
659,"[(0, 5), (1, 4), (1, 5), (2, 4), (3, 4)]","[(4, 5), (3, 5), (2, 5), (1, 5), (0, 5)]",0.2499999943750001
655,"[(0, 4), (1, 3), (1, 4), (2, 3)]","[(0, 1), (0, 2), (0, 3), (0, 4)]",0.0
663,"[(0, 8), (1, 7), (1, 8), (2, 7), (3, 4), (3, 7), (5, 6), (5, 7)]","[(0, 1), (2, 3), (4, 5), (6, 7), (0, 3), (0, 5), (0, 7), (0, 8)]",0.0
661,"[(0, 7), (1, 6), (1, 7), (2, 6), (3, 4), (3, 6), (5, 6)]","[(0, 1), (2, 3), (2, 4), (2, 5), (2, 6), (2, 7), (0, 7)]",0.16666666138888903
664,"[(0, 1), (0, 2), (0, 7), (3, 6), (3, 7), (4, 6), (5, 6)]","[(0, 1), (3, 4), (5, 6), (5, 7), (3, 7), (2, 7), (0, 7)]",0.3333333277777778
665,"[(0, 1), (0, 2), (0, 7), (3, 6), (3, 7), (4, 6), (5, 6)]","[(0, 1), (2, 3), (4, 5), (6, 7), (4, 7), (2, 7), (0, 7)]",0.16666666138888903
662,"[(0, 6), (1, 5), (1, 6), (2, 5), (3, 4), (3, 5)]","[(1, 2), (3, 4), (5, 6), (1, 4), (1, 6), (0, 6)]",0.39999999420000004
669,"[(0, 6), (1, 5), (1, 6), (2, 5), (3, 5), (4, 5)]","[(0, 1), (3, 4), (5, 6), (3, 6), (2, 6), (0, 6)]",0.0
666,"[(0, 5), (1, 4), (1, 5), (2, 4), (3, 4)]","[(4, 5), (3, 5), (2, 5), (1, 5), (0, 5)]",0.2499999943750001
667,"[(0, 5), (1, 4), (1, 5), (2, 4), (3, 4)]","[(0, 1), (2, 3), (4, 5), (0, 3), (0, 5)]",0.0
668,"[(0, 5), (1, 4), (1, 5), (2, 3), (2, 4)]","[(1, 2), (1, 3), (1, 4), (1, 5), (0, 5)]",0.4999999937500001
660,"[(0, 4), (1, 3), (1, 4), (2, 3)]","[(0, 1), (3, 4), (2, 4), (0, 4)]",0.0
676,"[(0, 9), (1, 2), (1, 8), (1, 9), (3, 8), (4, 8), (5, 8), (6, 8), (7, 8)]","[(8, 9), (7, 9), (6, 9), (5, 9), (4, 9), (3, 9), (2, 9), (1, 9), (0, 9)]",0.12499999484375018
670,"[(0, 8), (1, 7), (1, 8), (2, 7), (3, 4), (3, 7), (5, 6), (5, 7)]","[(3, 4), (6, 7), (2, 4), (1, 4), (1, 5), (1, 7), (0, 7), (0, 8)]",0.28571428030612256
673,"[(0, 8), (1, 2), (1, 8), (3, 7), (3, 8), (4, 7), (5, 7), (6, 7)]","[(0, 1), (2, 3), (5, 6), (7, 8), (4, 6), (4, 8), (2, 8), (0, 8)]",0.0
675,"[(0, 1), (0, 2), (0, 7), (3, 6), (3, 7), (4, 6), (5, 6)]","[(6, 7), (5, 7), (4, 7), (3, 7), (2, 7), (1, 7), (0, 7)]",0.16666666138888903
671,"[(0, 5), (1, 4), (1, 5), (2, 4), (3, 4)]","[(1, 2), (4, 5), (3, 5), (1, 5), (0, 5)]",0.2499999943750001
672,"[(0, 5), (1, 4), (1, 5), (2, 3), (2, 4)]","[(4, 5), (3, 5), (2, 5), (1, 5), (0, 5)]",0.2499999943750001
674,"[(0, 5), (1, 4), (1, 5), (2, 4), (3, 4)]","[(1, 2), (0, 2), (0, 3), (0, 4), (0, 5)]",0.0
678,"[(0, 5), (1, 4), (1, 5), (2, 4), (3, 4)]","[(0, 1), (2, 3), (4, 5), (2, 5), (0, 5)]",0.0
679,"[(0, 5), (1, 4), (1, 5), (2, 4), (3, 4)]","[(0, 1), (3, 4), (2, 4), (2, 5), (0, 5)]",0.2499999943750001
677,"[(0, 4), (1, 2), (1, 3), (1, 4)]","[(0, 1), (0, 2), (0, 3), (0, 4)]",0.0
680,"[(0, 1), (0, 2), (0, 7), (3, 6), (3, 7), (4, 6), (5, 6)]","[(6, 7), (5, 7), (4, 7), (3, 7), (2, 7), (1, 7), (0, 7)]",0.16666666138888903
688,"[(0, 7), (1, 6), (1, 7), (2, 6), (3, 6), (4, 6), (5, 6)]","[(0, 1), (2, 3), (4, 5), (6, 7), (4, 7), (2, 7), (0, 7)]",0.0
681,"[(0, 1), (0, 6), (2, 5), (2, 6), (3, 4), (3, 5)]","[(5, 6), (4, 6), (3, 6), (2, 6), (1, 6), (0, 6)]",0.19999999460000012
686,"[(0, 6), (1, 5), (1, 6), (2, 3), (2, 5), (4, 5)]","[(5, 6), (4, 6), (3, 6), (2, 6), (1, 6), (0, 6)]",0.19999999460000012
684,"[(0, 5), (1, 4), (1, 5), (2, 4), (3, 4)]","[(1, 2), (3, 4), (1, 4), (1, 5), (0, 5)]",0.4999999937500001
682,"[(0, 4), (1, 3), (1, 4), (2, 3)]","[(1, 2), (3, 4), (1, 4), (0, 4)]",0.33333332722222225
683,"[(0, 4), (1, 2), (1, 3), (1, 4)]","[(1, 2), (3, 4), (1, 4), (0, 4)]",0.33333332722222225
685,"[(0, 4), (1, 3), (1, 4), (2, 3)]","[(1, 2), (3, 4), (0, 2), (0, 4)]",0.0
687,"[(0, 4), (1, 3), (1, 4), (2, 3)]","[(1, 2), (1, 3), (1, 4), (0, 4)]",0.6666666594444445
689,"[(0, 4), (1, 3), (1, 4), (2, 3)]","[(0, 1), (2, 3), (2, 4), (0, 4)]",0.0
691,"[(0, 8), (1, 3), (1, 7), (1, 8), (2, 3), (4, 7), (5, 6), (5, 7)]","[(0, 1), (2, 3), (5, 6), (7, 8), (4, 6), (2, 6), (0, 6), (0, 8)]",0.28571428030612256
692,"[(0, 1), (0, 2), (0, 7), (3, 6), (3, 7), (4, 6), (5, 6)]","[(2, 3), (5, 6), (2, 4), (5, 7), (1, 4), (0, 4), (0, 7)]",0.0
698,"[(0, 7), (1, 6), (1, 7), (2, 6), (3, 4), (3, 5), (3, 6)]","[(2, 3), (5, 6), (1, 3), (1, 4), (1, 6), (0, 6), (0, 7)]",0.16666666138888903
694,"[(0, 6), (1, 5), (1, 6), (2, 5), (3, 4), (3, 5)]","[(0, 1), (3, 4), (5, 6), (0, 2), (0, 4), (0, 6)]",0.19999999460000012
690,"[(0, 1), (0, 2), (0, 5), (3, 4), (3, 5)]","[(0, 1), (0, 2), (0, 3), (0, 4), (0, 5)]",0.4999999937500001
693,"[(0, 5), (1, 4), (1, 5), (2, 4), (3, 4)]","[(0, 1), (0, 2), (0, 3), (0, 4), (0, 5)]",0.0
697,"[(0, 5), (1, 4), (1, 5), (2, 4), (3, 4)]","[(1, 2), (3, 4), (1, 4), (1, 5), (0, 5)]",0.4999999937500001
699,"[(0, 4), (1, 3), (1, 4), (2, 3)]","[(0, 1), (0, 2), (0, 3), (0, 4)]",0.0
695,"[(0, 3), (1, 2), (1, 3)]","[(1, 2), (1, 3), (0, 3)]",0.4999999925000001
696,"[(0, 3), (1, 2), (1, 3)]","[(1, 2), (0, 2), (0, 3)]",0.4999999925000001
708,"[(0, 13), (1, 6), (1, 12), (1, 13), (2, 4), (2, 6), (3, 4), (5, 6), (7, 12), (8, 12), (9, 12), (10, 12), (11, 12)]","[(11, 12), (10, 12), (9, 12), (8, 12), (7, 12), (6, 12), (5, 12), (4, 12), (3, 12), (2, 12), (1, 12), (0, 12), (0, 13)]",0.41666666131944446
709,"[(0, 2), (0, 10), (1, 2), (3, 10), (4, 9), (4, 10), (5, 8), (5, 9), (6, 7), (6, 8)]","[(1, 2), (8, 9), (1, 3), (8, 10), (1, 4), (1, 5), (1, 6), (1, 7), (1, 10), (0, 10)]",0.11111110598765454
706,"[(0, 8), (1, 2), (1, 7), (1, 8), (3, 7), (4, 7), (5, 6), (5, 7)]","[(7, 8), (6, 8), (5, 8), (4, 8), (3, 8), (2, 8), (1, 8), (0, 8)]",0.14285713765306143
705,"[(0, 6), (0, 7), (1, 2), (1, 3), (1, 6), (4, 6), (5, 6)]","[(0, 1), (6, 7), (0, 2), (0, 3), (0, 4), (0, 5), (0, 7)]",0.0
701,"[(0, 5), (1, 4), (1, 5), (2, 4), (3, 4)]","[(3, 4), (2, 4), (2, 5), (1, 5), (0, 5)]",0.4999999937500001
703,"[(0, 5), (1, 4), (1, 5), (2, 4), (3, 4)]","[(3, 4), (2, 4), (1, 4), (0, 4), (0, 5)]",0.4999999937500001
704,"[(0, 5), (1, 4), (1, 5), (2, 4), (3, 4)]","[(4, 5), (3, 5), (2, 5), (1, 5), (0, 5)]",0.2499999943750001
702,"[(0, 4), (1, 3), (1, 4), (2, 3)]","[(0, 1), (3, 4), (2, 4), (0, 4)]",0.0
707,"[(0, 4), (1, 3), (1, 4), (2, 3)]","[(2, 3), (1, 3), (0, 3), (0, 4)]",0.33333332722222225
700,"[(0, 3), (1, 2), (1, 3)]","[(0, 1), (0, 2), (0, 3)]",0.0
710,"[(0, 11), (1, 10), (1, 11), (2, 8), (2, 10), (3, 5), (3, 6), (3, 8), (4, 5), (7, 8), (9, 10)]","[(6, 7), (5, 7), (4, 7), (4, 8), (4, 9), (3, 9), (2, 9), (2, 10), (1, 10), (0, 10), (0, 11)]",0.19999999480000014
712,"[(0, 1), (0, 2), (0, 3), (0, 8), (4, 7), (4, 8), (5, 7), (6, 7)]","[(1, 2), (4, 5), (6, 7), (3, 5), (6, 8), (1, 5), (1, 8), (0, 8)]",0.0
719,"[(0, 1), (0, 2), (0, 7), (3, 5), (3, 6), (3, 7), (4, 5)]","[(6, 7), (5, 7), (4, 7), (3, 7), (2, 7), (1, 7), (0, 7)]",0.16666666138888903
713,"[(0, 5), (1, 4), (1, 5), (2, 4), (3, 4)]","[(4, 5), (3, 5), (2, 5), (1, 5), (0, 5)]",0.2499999943750001
714,"[(0, 5), (1, 4), (1, 5), (2, 4), (3, 4)]","[(0, 1), (4, 5), (0, 2), (3, 5), (0, 5)]",0.0
715,"[(0, 5), (1, 4), (1, 5), (2, 4), (3, 4)]","[(0, 1), (2, 3), (4, 5), (0, 3), (0, 5)]",0.0
716,"[(0, 5), (1, 4), (1, 5), (2, 4), (3, 4)]","[(0, 1), (0, 2), (0, 3), (0, 4), (0, 5)]",0.0
717,"[(0, 4), (1, 3), (1, 4), (2, 3)]","[(3, 4), (2, 4), (1, 4), (0, 4)]",0.33333332722222225
718,"[(0, 4), (1, 3), (1, 4), (2, 3)]","[(0, 1), (2, 3), (2, 4), (0, 4)]",0.0
711,"[(0, 3), (1, 2), (1, 3)]","[(0, 1), (0, 2), (0, 3)]",0.0
722,"[(0, 1), (0, 2), (0, 7), (3, 6), (3, 7), (4, 6), (5, 6)]","[(0, 1), (0, 2), (0, 3), (0, 4), (0, 5), (0, 6), (0, 7)]",0.3333333277777778
721,"[(0, 6), (1, 5), (1, 6), (2, 5), (3, 5), (4, 5)]","[(0, 1), (3, 4), (5, 6), (0, 2), (0, 4), (0, 6)]",0.0
725,"[(0, 6), (1, 5), (1, 6), (2, 5), (3, 4), (3, 5)]","[(0, 1), (3, 4), (0, 2), (3, 5), (3, 6), (0, 6)]",0.19999999460000012
728,"[(0, 2), (0, 6), (1, 2), (3, 5), (3, 6), (4, 5)]","[(0, 1), (2, 3), (5, 6), (2, 4), (2, 6), (0, 6)]",0.0
727,"[(0, 5), (1, 4), (1, 5), (2, 4), (3, 4)]","[(2, 3), (4, 5), (2, 5), (1, 5), (0, 5)]",0.2499999943750001
720,"[(0, 4), (1, 3), (1, 4), (2, 3)]","[(2, 3), (2, 4), (1, 4), (0, 4)]",0.33333332722222225
724,"[(0, 4), (1, 3), (1, 4), (2, 3)]","[(0, 1), (0, 2), (0, 3), (0, 4)]",0.0
726,"[(0, 4), (1, 3), (1, 4), (2, 3)]","[(0, 1), (0, 2), (0, 3), (0, 4)]",0.0
729,"[(0, 4), (1, 3), (1, 4), (2, 3)]","[(2, 3), (2, 4), (1, 4), (0, 4)]",0.33333332722222225
723,"[(0, 3), (1, 2), (1, 3)]","[(0, 1), (0, 2), (0, 3)]",0.0
738,"[(0, 1), (0, 2), (0, 7), (3, 6), (3, 7), (4, 6), (5, 6)]","[(0, 1), (2, 3), (2, 4), (2, 5), (0, 5), (0, 6), (0, 7)]",0.16666666138888903
732,"[(0, 6), (1, 5), (1, 6), (2, 5), (3, 5), (4, 5)]","[(1, 2), (3, 4), (5, 6), (1, 4), (1, 6), (0, 6)]",0.19999999460000012
737,"[(0, 5), (1, 4), (1, 5), (2, 4), (3, 4)]","[(1, 2), (3, 4), (3, 5), (1, 5), (0, 5)]",0.2499999943750001
739,"[(0, 5), (1, 4), (1, 5), (2, 4), (3, 4)]","[(0, 1), (3, 4), (0, 2), (3, 5), (0, 5)]",0.0
730,"[(0, 4), (1, 3), (1, 4), (2, 3)]","[(0, 1), (2, 3), (0, 3), (0, 4)]",0.0
731,"[(0, 4), (1, 3), (1, 4), (2, 3)]","[(3, 4), (2, 4), (1, 4), (0, 4)]",0.33333332722222225
733,"[(0, 4), (1, 2), (1, 3), (1, 4)]","[(0, 1), (3, 4), (0, 2), (0, 4)]",0.0
734,"[(0, 1), (0, 4), (2, 3), (2, 4)]","[(0, 1), (2, 3), (2, 4), (0, 4)]",0.6666666594444445
735,"[(0, 4), (1, 3), (1, 4), (2, 3)]","[(3, 4), (2, 4), (1, 4), (0, 4)]",0.33333332722222225
736,"[(0, 4), (1, 3), (1, 4), (2, 3)]","[(0, 1), (3, 4), (0, 2), (0, 4)]",0.0
746,"[(0, 2), (0, 9), (1, 2), (3, 4), (3, 8), (3, 9), (5, 8), (6, 8), (7, 8)]","[(1, 2), (7, 8), (0, 2), (6, 8), (5, 8), (4, 8), (4, 9), (3, 9), (0, 9)]",0.6249999942187501
743,"[(0, 8), (1, 7), (1, 8), (2, 7), (3, 4), (3, 7), (5, 6), (5, 7)]","[(0, 1), (0, 2), (0, 3), (0, 4), (0, 5), (0, 6), (0, 7), (0, 8)]",0.0
744,"[(0, 2), (0, 8), (1, 2), (3, 7), (3, 8), (4, 7), (5, 7), (6, 7)]","[(7, 8), (6, 8), (5, 8), (4, 8), (3, 8), (2, 8), (1, 8), (0, 8)]",0.14285713765306143
749,"[(0, 8), (1, 7), (1, 8), (2, 7), (3, 4), (3, 7), (5, 6), (5, 7)]","[(1, 2), (5, 6), (1, 3), (5, 7), (0, 3), (0, 4), (0, 7), (0, 8)]",0.14285713765306143
740,"[(0, 6), (1, 5), (1, 6), (2, 5), (3, 4), (3, 5)]","[(5, 6), (4, 6), (3, 6), (2, 6), (1, 6), (0, 6)]",0.19999999460000012
745,"[(0, 6), (1, 5), (1, 6), (2, 5), (3, 5), (4, 5)]","[(5, 6), (4, 6), (3, 6), (2, 6), (1, 6), (0, 6)]",0.19999999460000012
748,"[(0, 6), (1, 5), (1, 6), (2, 5), (3, 4), (3, 5)]","[(3, 4), (5, 6), (2, 4), (1, 4), (0, 4), (0, 6)]",0.19999999460000012
742,"[(0, 1), (0, 5), (2, 4), (2, 5), (3, 4)]","[(0, 1), (0, 2), (0, 3), (0, 4), (0, 5)]",0.2499999943750001
747,"[(0, 5), (1, 4), (1, 5), (2, 3), (2, 4)]","[(0, 1), (2, 3), (4, 5), (2, 5), (0, 5)]",0.2499999943750001
741,"[(0, 4), (1, 3), (1, 4), (2, 3)]","[(0, 1), (0, 2), (0, 3), (0, 4)]",0.0
759,"[(0, 10), (1, 9), (1, 10), (2, 5), (2, 9), (3, 4), (3, 5), (6, 9), (7, 8), (7, 9)]","[(6, 7), (5, 7), (4, 7), (4, 8), (3, 8), (3, 9), (2, 9), (2, 10), (1, 10), (0, 10)]",0.22222221697530875
753,"[(0, 8), (1, 2), (1, 8), (3, 7), (3, 8), (4, 7), (5, 7), (6, 7)]","[(6, 7), (5, 7), (4, 7), (3, 7), (2, 7), (1, 7), (0, 7), (0, 8)]",0.42857142295918377
758,"[(0, 2), (0, 8), (1, 2), (3, 7), (3, 8), (4, 7), (5, 6), (5, 7)]","[(0, 1), (3, 4), (6, 7), (3, 5), (2, 5), (0, 5), (0, 7), (0, 8)]",0.0
756,"[(0, 5), (0, 6), (1, 2), (1, 3), (1, 5), (4, 5)]","[(5, 6), (4, 6), (3, 6), (2, 6), (1, 6), (0, 6)]",0.0
757,"[(0, 2), (0, 6), (1, 2), (3, 5), (3, 6), (4, 5)]","[(4, 5), (3, 5), (2, 5), (1, 5), (0, 5), (0, 6)]",0.19999999460000012
750,"[(0, 1), (0, 5), (2, 3), (2, 4), (2, 5)]","[(2, 3), (4, 5), (1, 3), (0, 3), (0, 5)]",0.2499999943750001
754,"[(0, 5), (1, 4), (1, 5), (2, 3), (2, 4)]","[(0, 1), (2, 3), (2, 4), (0, 4), (0, 5)]",0.2499999943750001
751,"[(0, 4), (1, 3), (1, 4), (2, 3)]","[(3, 4), (2, 4), (1, 4), (0, 4)]",0.33333332722222225
755,"[(0, 4), (1, 3), (1, 4), (2, 3)]","[(0, 1), (3, 4), (0, 2), (0, 4)]",0.0
752,"[(0, 3), (1, 2), (1, 3)]","[(1, 2), (1, 3), (0, 3)]",0.4999999925000001
766,"[(0, 7), (1, 3), (1, 6), (1, 7), (2, 3), (4, 5), (4, 6)]","[(0, 1), (2, 3), (4, 5), (6, 7), (0, 3), (0, 5), (0, 7)]",0.3333333277777778
767,"[(0, 2), (0, 7), (1, 2), (3, 6), (3, 7), (4, 6), (5, 6)]","[(6, 7), (5, 7), (4, 7), (3, 7), (2, 7), (1, 7), (0, 7)]",0.16666666138888903
761,"[(0, 6), (1, 5), (1, 6), (2, 5), (3, 5), (4, 5)]","[(5, 6), (4, 6), (3, 6), (2, 6), (1, 6), (0, 6)]",0.19999999460000012
765,"[(0, 6), (1, 5), (1, 6), (2, 5), (3, 5), (4, 5)]","[(2, 3), (5, 6), (1, 3), (4, 6), (1, 6), (0, 6)]",0.19999999460000012
768,"[(0, 1), (0, 6), (2, 5), (2, 6), (3, 4), (3, 5)]","[(0, 1), (2, 3), (2, 4), (2, 5), (0, 5), (0, 6)]",0.39999999420000004
760,"[(0, 5), (1, 4), (1, 5), (2, 4), (3, 4)]","[(0, 1), (2, 3), (2, 4), (2, 5), (0, 5)]",0.2499999943750001
762,"[(0, 5), (1, 4), (1, 5), (2, 4), (3, 4)]","[(2, 3), (1, 3), (0, 3), (0, 4), (0, 5)]",0.0
764,"[(0, 5), (1, 4), (1, 5), (2, 4), (3, 4)]","[(0, 1), (0, 2), (0, 3), (0, 4), (0, 5)]",0.0
769,"[(0, 5), (1, 4), (1, 5), (2, 4), (3, 4)]","[(1, 2), (3, 4), (1, 4), (1, 5), (0, 5)]",0.4999999937500001
763,"[(0, 4), (1, 3), (1, 4), (2, 3)]","[(0, 1), (0, 2), (0, 3), (0, 4)]",0.0
773,"[(0, 2), (0, 7), (1, 2), (3, 6), (3, 7), (4, 6), (5, 6)]","[(1, 2), (5, 6), (0, 2), (4, 6), (0, 3), (4, 7), (0, 7)]",0.4999999941666667
771,"[(0, 6), (1, 5), (1, 6), (2, 5), (3, 5), (4, 5)]","[(0, 1), (2, 3), (5, 6), (4, 6), (0, 3), (0, 6)]",0.0
774,"[(0, 6), (1, 5), (1, 6), (2, 5), (3, 4), (3, 5)]","[(5, 6), (4, 6), (3, 6), (2, 6), (1, 6), (0, 6)]",0.19999999460000012
775,"[(0, 6), (1, 5), (1, 6), (2, 5), (3, 4), (3, 5)]","[(1, 2), (3, 4), (0, 2), (0, 4), (0, 5), (0, 6)]",0.19999999460000012
776,"[(0, 1), (0, 6), (2, 5), (2, 6), (3, 4), (3, 5)]","[(0, 1), (3, 4), (5, 6), (2, 4), (2, 6), (0, 6)]",0.5999999938
777,"[(0, 6), (1, 5), (1, 6), (2, 5), (3, 4), (3, 5)]","[(0, 1), (0, 2), (0, 3), (0, 4), (0, 5), (0, 6)]",0.0
779,"[(0, 6), (1, 5), (1, 6), (2, 5), (3, 4), (3, 5)]","[(0, 1), (0, 2), (0, 3), (0, 4), (0, 5), (0, 6)]",0.0
770,"[(0, 5), (1, 4), (1, 5), (2, 3), (2, 4)]","[(1, 2), (1, 3), (0, 3), (0, 4), (0, 5)]",0.0
772,"[(0, 5), (1, 4), (1, 5), (2, 4), (3, 4)]","[(4, 5), (3, 5), (2, 5), (1, 5), (0, 5)]",0.2499999943750001
778,"[(0, 4), (1, 3), (1, 4), (2, 3)]","[(0, 1), (2, 3), (0, 3), (0, 4)]",0.0
780,"[(0, 2), (0, 3), (0, 4), (0, 5), (0, 8), (1, 2), (6, 7), (6, 8)]","[(0, 1), (3, 4), (5, 6), (7, 8), (2, 4), (2, 6), (2, 8), (0, 8)]",0.0
785,"[(0, 1), (0, 8), (2, 7), (2, 8), (3, 4), (3, 7), (5, 6), (5, 7)]","[(0, 1), (5, 6), (0, 2), (4, 6), (0, 3), (4, 7), (4, 8), (0, 8)]",0.28571428030612256
784,"[(0, 6), (1, 5), (1, 6), (2, 5), (3, 4), (3, 5)]","[(0, 1), (2, 3), (5, 6), (4, 6), (0, 3), (0, 6)]",0.0
786,"[(0, 1), (0, 2), (0, 6), (3, 5), (3, 6), (4, 5)]","[(0, 1), (3, 4), (5, 6), (2, 4), (0, 4), (0, 6)]",0.19999999460000012
787,"[(0, 2), (0, 6), (1, 2), (3, 5), (3, 6), (4, 5)]","[(0, 1), (3, 4), (0, 2), (3, 5), (0, 5), (0, 6)]",0.39999999420000004
788,"[(0, 2), (0, 6), (1, 2), (3, 5), (3, 6), (4, 5)]","[(1, 2), (1, 3), (1, 4), (0, 4), (0, 5), (0, 6)]",0.19999999460000012
783,"[(0, 2), (0, 5), (1, 2), (3, 4), (3, 5)]","[(0, 1), (0, 2), (0, 3), (0, 4), (0, 5)]",0.2499999943750001
789,"[(0, 5), (1, 4), (1, 5), (2, 4), (3, 4)]","[(0, 1), (3, 4), (3, 5), (2, 5), (0, 5)]",0.0
782,"[(0, 4), (1, 3), (1, 4), (2, 3)]","[(0, 1), (3, 4), (2, 4), (0, 4)]",0.0
781,"[(0, 3), (1, 2), (1, 3)]","[(0, 1), (2, 3), (0, 3)]",0.0
794,"[(0, 8), (1, 7), (1, 8), (2, 7), (3, 4), (3, 5), (3, 7), (6, 7)]","[(0, 1), (2, 3), (4, 5), (7, 8), (6, 8), (4, 8), (2, 8), (0, 8)]",0.0
793,"[(0, 2), (0, 6), (1, 2), (3, 5), (3, 6), (4, 5)]","[(2, 3), (5, 6), (4, 6), (2, 6), (1, 6), (0, 6)]",0.0
799,"[(0, 6), (1, 5), (1, 6), (2, 5), (3, 4), (3, 5)]","[(0, 1), (3, 4), (5, 6), (2, 4), (2, 6), (0, 6)]",0.19999999460000012
791,"[(0, 5), (1, 4), (1, 5), (2, 4), (3, 4)]","[(1, 2), (4, 5), (1, 3), (0, 3), (0, 5)]",0.0
796,"[(0, 5), (1, 4), (1, 5), (2, 4), (3, 4)]","[(0, 1), (0, 2), (0, 3), (0, 4), (0, 5)]",0.0
792,"[(0, 1), (0, 4), (2, 3), (2, 4)]","[(0, 1), (0, 2), (0, 3), (0, 4)]",0.33333332722222225
795,"[(0, 4), (1, 3), (1, 4), (2, 3)]","[(1, 2), (1, 3), (1, 4), (0, 4)]",0.6666666594444445
797,"[(0, 4), (1, 2), (1, 4), (3, 4)]","[(0, 1), (2, 3), (2, 4), (0, 4)]",0.0
798,"[(0, 4), (1, 3), (1, 4), (2, 3)]","[(1, 2), (3, 4), (0, 2), (0, 4)]",0.0
790,"[(0, 3), (1, 2), (1, 3)]","[(1, 2), (1, 3), (0, 3)]",0.4999999925000001
801,"[(0, 8), (1, 7), (1, 8), (2, 7), (3, 4), (3, 7), (5, 6), (5, 7)]","[(0, 1), (0, 2), (0, 3), (0, 4), (0, 5), (0, 6), (0, 7), (0, 8)]",0.0
802,"[(0, 8), (1, 7), (1, 8), (2, 7), (3, 4), (3, 7), (5, 6), (5, 7)]","[(2, 3), (6, 7), (2, 4), (5, 7), (2, 7), (1, 7), (0, 7), (0, 8)]",0.28571428030612256
803,"[(0, 2), (0, 7), (1, 2), (3, 6), (3, 7), (4, 5), (4, 6)]","[(6, 7), (5, 7), (4, 7), (3, 7), (2, 7), (1, 7), (0, 7)]",0.16666666138888903
804,"[(0, 7), (1, 6), (1, 7), (2, 6), (3, 6), (4, 5), (4, 6)]","[(1, 2), (1, 3), (1, 4), (1, 5), (1, 6), (1, 7), (0, 7)]",0.3333333277777778
807,"[(0, 6), (1, 5), (1, 6), (2, 4), (2, 5), (3, 4)]","[(5, 6), (4, 6), (3, 6), (2, 6), (1, 6), (0, 6)]",0.19999999460000012
800,"[(0, 5), (1, 4), (1, 5), (2, 3), (2, 4)]","[(2, 3), (4, 5), (1, 3), (1, 5), (0, 5)]",0.4999999937500001
805,"[(0, 5), (1, 4), (1, 5), (2, 4), (3, 4)]","[(0, 1), (2, 3), (4, 5), (0, 3), (0, 5)]",0.0
806,"[(0, 5), (1, 4), (1, 5), (2, 4), (3, 4)]","[(0, 1), (2, 3), (2, 4), (0, 4), (0, 5)]",0.2499999943750001
808,"[(0, 5), (1, 4), (1, 5), (2, 4), (3, 4)]","[(0, 1), (2, 3), (4, 5), (2, 5), (0, 5)]",0.0
809,"[(0, 5), (1, 4), (1, 5), (2, 4), (3, 4)]","[(0, 1), (0, 2), (0, 3), (0, 4), (0, 5)]",0.0
810,"[(0, 9), (1, 6), (1, 8), (1, 9), (2, 3), (2, 6), (4, 6), (5, 6), (7, 8)]","[(0, 1), (2, 3), (5, 6), (8, 9), (4, 6), (7, 9), (2, 6), (0, 6), (0, 9)]",0.49999999437500003
815,"[(0, 8), (1, 7), (1, 8), (2, 7), (3, 4), (3, 7), (5, 6), (5, 7)]","[(1, 2), (3, 4), (5, 6), (7, 8), (5, 8), (3, 8), (1, 8), (0, 8)]",0.42857142295918377
818,"[(0, 2), (0, 4), (0, 8), (1, 2), (3, 4), (5, 7), (5, 8), (6, 7)]","[(0, 1), (2, 3), (4, 5), (6, 7), (0, 3), (4, 7), (4, 8), (0, 8)]",0.0
816,"[(0, 7), (1, 6), (1, 7), (2, 6), (3, 4), (3, 6), (5, 6)]","[(0, 1), (3, 4), (6, 7), (0, 2), (0, 4), (0, 5), (0, 7)]",0.16666666138888903
817,"[(0, 2), (0, 7), (1, 2), (3, 6), (3, 7), (4, 6), (5, 6)]","[(0, 1), (2, 3), (4, 5), (6, 7), (4, 7), (2, 7), (0, 7)]",0.0
811,"[(0, 5), (1, 4), (1, 5), (2, 4), (3, 4)]","[(1, 2), (4, 5), (0, 2), (3, 5), (0, 5)]",0.0
813,"[(0, 2), (0, 5), (1, 2), (3, 4), (3, 5)]","[(0, 1), (0, 2), (0, 3), (0, 4), (0, 5)]",0.2499999943750001
814,"[(0, 5), (1, 4), (1, 5), (2, 3), (2, 4)]","[(4, 5), (3, 5), (2, 5), (1, 5), (0, 5)]",0.2499999943750001
819,"[(0, 2), (0, 5), (1, 2), (3, 4), (3, 5)]","[(3, 4), (2, 4), (1, 4), (0, 4), (0, 5)]",0.2499999943750001
812,"[(0, 1), (0, 3), (2, 3)]","[(2, 3), (1, 3), (0, 3)]",0.0
828,"[(0, 8), (1, 7), (1, 8), (2, 7), (3, 7), (4, 5), (4, 7), (6, 7)]","[(7, 8), (6, 8), (5, 8), (4, 8), (3, 8), (2, 8), (1, 8), (0, 8)]",0.14285713765306143
820,"[(0, 7), (1, 6), (1, 7), (2, 6), (3, 4), (3, 5), (3, 6)]","[(0, 1), (0, 2), (0, 3), (0, 4), (0, 5), (0, 6), (0, 7)]",0.0
821,"[(0, 1), (0, 2), (0, 7), (3, 6), (3, 7), (4, 6), (5, 6)]","[(0, 1), (2, 3), (4, 5), (6, 7), (2, 5), (2, 7), (0, 7)]",0.16666666138888903
822,"[(0, 7), (1, 6), (1, 7), (2, 6), (3, 5), (3, 6), (4, 5)]","[(6, 7), (5, 7), (4, 7), (3, 7), (2, 7), (1, 7), (0, 7)]",0.16666666138888903
829,"[(0, 7), (1, 2), (1, 6), (1, 7), (3, 6), (4, 6), (5, 6)]","[(0, 1), (2, 3), (4, 5), (6, 7), (0, 3), (0, 5), (0, 7)]",0.0
823,"[(0, 2), (0, 6), (1, 2), (3, 5), (3, 6), (4, 5)]","[(2, 3), (5, 6), (2, 4), (2, 6), (1, 6), (0, 6)]",0.0
825,"[(0, 1), (0, 6), (2, 5), (2, 6), (3, 5), (4, 5)]","[(0, 1), (2, 3), (5, 6), (0, 3), (0, 4), (0, 6)]",0.19999999460000012
826,"[(0, 1), (0, 6), (2, 4), (2, 5), (2, 6), (3, 4)]","[(1, 2), (0, 2), (0, 3), (0, 4), (0, 5), (0, 6)]",0.0
824,"[(0, 5), (1, 4), (1, 5), (2, 3), (2, 4)]","[(0, 1), (0, 2), (0, 3), (0, 4), (0, 5)]",0.0
827,"[(0, 4), (1, 3), (1, 4), (2, 3)]","[(3, 4), (2, 4), (1, 4), (0, 4)]",0.33333332722222225
830,"[(0, 1), (0, 3), (0, 8), (2, 3), (4, 7), (4, 8), (5, 7), (6, 7)]","[(1, 2), (3, 4), (5, 6), (5, 7), (1, 4), (5, 8), (0, 4), (0, 8)]",0.14285713765306143
835,"[(0, 2), (0, 8), (1, 2), (3, 7), (3, 8), (4, 7), (5, 6), (5, 7)]","[(0, 1), (2, 3), (5, 6), (7, 8), (5, 8), (4, 8), (2, 8), (0, 8)]",0.14285713765306143
834,"[(0, 2), (0, 7), (1, 2), (3, 6), (3, 7), (4, 6), (5, 6)]","[(1, 2), (1, 3), (1, 4), (1, 5), (1, 6), (1, 7), (0, 7)]",0.16666666138888903
831,"[(0, 5), (1, 4), (1, 5), (2, 4), (3, 4)]","[(4, 5), (3, 5), (2, 5), (1, 5), (0, 5)]",0.2499999943750001
836,"[(0, 1), (0, 5), (2, 3), (2, 4), (2, 5)]","[(2, 3), (4, 5), (1, 3), (1, 5), (0, 5)]",0.2499999943750001
838,"[(0, 5), (1, 3), (1, 4), (1, 5), (2, 3)]","[(1, 2), (1, 3), (0, 3), (0, 4), (0, 5)]",0.2499999943750001
832,"[(0, 4), (1, 3), (1, 4), (2, 3)]","[(0, 1), (3, 4), (0, 2), (0, 4)]",0.0
833,"[(0, 4), (1, 3), (1, 4), (2, 3)]","[(1, 2), (1, 3), (0, 3), (0, 4)]",0.33333332722222225
837,"[(0, 4), (1, 3), (1, 4), (2, 3)]","[(1, 2), (0, 2), (0, 3), (0, 4)]",0.0
839,"[(0, 4), (1, 3), (1, 4), (2, 3)]","[(1, 2), (3, 4), (1, 4), (0, 4)]",0.33333332722222225
844,"[(0, 1), (0, 2), (0, 6), (3, 5), (3, 6), (4, 5)]","[(5, 6), (4, 6), (3, 6), (2, 6), (1, 6), (0, 6)]",0.19999999460000012
845,"[(0, 1), (0, 2), (0, 6), (3, 5), (3, 6), (4, 5)]","[(4, 5), (4, 6), (3, 6), (2, 6), (1, 6), (0, 6)]",0.19999999460000012
848,"[(0, 6), (1, 5), (1, 6), (2, 5), (3, 4), (3, 5)]","[(1, 2), (3, 4), (5, 6), (3, 6), (1, 6), (0, 6)]",0.39999999420000004
841,"[(0, 5), (1, 4), (1, 5), (2, 3), (2, 4)]","[(3, 4), (3, 5), (2, 5), (1, 5), (0, 5)]",0.2499999943750001
843,"[(0, 5), (1, 4), (1, 5), (2, 4), (3, 4)]","[(0, 1), (0, 2), (0, 3), (0, 4), (0, 5)]",0.0
840,"[(0, 4), (1, 3), (1, 4), (2, 3)]","[(1, 2), (3, 4), (0, 2), (0, 4)]",0.0
842,"[(0, 4), (1, 3), (1, 4), (2, 3)]","[(0, 1), (0, 2), (0, 3), (0, 4)]",0.0
846,"[(0, 1), (0, 4), (2, 3), (2, 4)]","[(1, 2), (1, 3), (1, 4), (0, 4)]",0.0
847,"[(0, 4), (1, 3), (1, 4), (2, 3)]","[(1, 2), (3, 4), (0, 2), (0, 4)]",0.0
849,"[(0, 4), (1, 3), (1, 4), (2, 3)]","[(2, 3), (1, 3), (1, 4), (0, 4)]",0.6666666594444445
852,"[(0, 1), (0, 2), (0, 3), (0, 9), (4, 8), (4, 9), (5, 8), (6, 7), (6, 8)]","[(0, 1), (0, 2), (0, 3), (0, 4), (0, 5), (0, 6), (0, 7), (0, 8), (0, 9)]",0.37499999453125
855,"[(0, 1), (0, 2), (0, 9), (3, 8), (3, 9), (4, 8), (5, 6), (5, 7), (5, 8)]","[(0, 1), (2, 3), (5, 6), (8, 9), (4, 6), (7, 9), (4, 9), (2, 9), (0, 9)]",0.24999999468750006
856,"[(0, 1), (0, 2), (0, 3), (0, 7), (4, 6), (4, 7), (5, 6)]","[(1, 2), (6, 7), (0, 2), (5, 7), (4, 7), (3, 7), (0, 7)]",0.3333333277777778
851,"[(0, 6), (1, 5), (1, 6), (2, 5), (3, 4), (3, 5)]","[(1, 2), (3, 4), (0, 2), (3, 5), (3, 6), (0, 6)]",0.19999999460000012
854,"[(0, 6), (1, 5), (1, 6), (2, 5), (3, 4), (3, 5)]","[(0, 1), (2, 3), (4, 5), (0, 3), (0, 5), (0, 6)]",0.0
858,"[(0, 6), (1, 5), (1, 6), (2, 5), (3, 4), (3, 5)]","[(1, 2), (3, 4), (1, 4), (1, 5), (0, 5), (0, 6)]",0.39999999420000004
853,"[(0, 5), (1, 4), (1, 5), (2, 4), (3, 4)]","[(4, 5), (3, 5), (2, 5), (1, 5), (0, 5)]",0.2499999943750001
857,"[(0, 5), (1, 2), (1, 4), (1, 5), (3, 4)]","[(4, 5), (3, 5), (2, 5), (1, 5), (0, 5)]",0.2499999943750001
859,"[(0, 5), (1, 4), (1, 5), (2, 3), (2, 4)]","[(0, 1), (3, 4), (0, 2), (0, 4), (0, 5)]",0.0
850,"[(0, 4), (1, 3), (1, 4), (2, 3)]","[(1, 2), (3, 4), (1, 4), (0, 4)]",0.33333332722222225
861,"[(0, 8), (0, 9), (1, 2), (1, 8), (3, 8), (4, 8), (5, 6), (5, 7), (5, 8)]","[(8, 9), (7, 9), (6, 9), (5, 9), (4, 9), (3, 9), (2, 9), (1, 9), (0, 9)]",0.0
864,"[(0, 1), (0, 2), (0, 3), (0, 9), (4, 8), (4, 9), (5, 8), (6, 7), (6, 8)]","[(8, 9), (7, 9), (6, 9), (5, 9), (4, 9), (3, 9), (2, 9), (1, 9), (0, 9)]",0.12499999484375018
866,"[(0, 2), (0, 8), (1, 2), (3, 7), (3, 8), (4, 7), (5, 7), (6, 7)]","[(7, 8), (6, 8), (5, 8), (4, 8), (3, 8), (2, 8), (1, 8), (0, 8)]",0.14285713765306143
869,"[(0, 1), (0, 2), (0, 3), (0, 7), (4, 6), (4, 7), (5, 6)]","[(1, 2), (1, 3), (1, 4), (1, 5), (1, 6), (1, 7), (0, 7)]",0.0
867,"[(0, 6), (1, 5), (1, 6), (2, 5), (3, 4), (3, 5)]","[(4, 5), (4, 6), (3, 6), (2, 6), (1, 6), (0, 6)]",0.19999999460000012
868,"[(0, 1), (0, 6), (2, 5), (2, 6), (3, 4), (3, 5)]","[(0, 1), (2, 3), (4, 5), (2, 5), (2, 6), (0, 6)]",0.5999999938
860,"[(0, 1), (0, 5), (2, 4), (2, 5), (3, 4)]","[(3, 4), (2, 4), (1, 4), (1, 5), (0, 5)]",0.2499999943750001
862,"[(0, 5), (1, 4), (1, 5), (2, 4), (3, 4)]","[(2, 3), (1, 3), (1, 4), (1, 5), (0, 5)]",0.4999999937500001
863,"[(0, 5), (1, 4), (1, 5), (2, 4), (3, 4)]","[(4, 5), (3, 5), (2, 5), (1, 5), (0, 5)]",0.2499999943750001
865,"[(0, 5), (1, 4), (1, 5), (2, 3), (2, 4)]","[(1, 2), (3, 4), (1, 4), (0, 4), (0, 5)]",0.2499999943750001
871,"[(0, 8), (1, 7), (1, 8), (2, 7), (3, 7), (4, 7), (5, 6), (5, 7)]","[(6, 7), (5, 7), (4, 7), (4, 8), (3, 8), (2, 8), (1, 8), (0, 8)]",0.28571428030612256
875,"[(0, 8), (1, 7), (1, 8), (2, 7), (3, 4), (3, 5), (3, 7), (6, 7)]","[(4, 5), (7, 8), (3, 5), (2, 5), (2, 6), (2, 8), (1, 8), (0, 8)]",0.28571428030612256
877,"[(0, 2), (0, 3), (0, 8), (1, 2), (4, 7), (4, 8), (5, 6), (5, 7)]","[(0, 1), (4, 5), (0, 2), (4, 6), (0, 3), (0, 6), (0, 7), (0, 8)]",0.28571428030612256
878,"[(0, 8), (1, 7), (1, 8), (2, 7), (3, 4), (3, 7), (5, 6), (5, 7)]","[(0, 1), (3, 4), (0, 2), (3, 5), (3, 6), (0, 6), (0, 7), (0, 8)]",0.14285713765306143
874,"[(0, 7), (1, 6), (1, 7), (2, 3), (2, 4), (2, 5), (2, 6)]","[(4, 5), (3, 5), (2, 5), (2, 6), (1, 6), (1, 7), (0, 7)]",0.4999999941666667
870,"[(0, 6), (1, 5), (1, 6), (2, 5), (3, 5), (4, 5)]","[(0, 1), (0, 2), (0, 3), (0, 4), (0, 5), (0, 6)]",0.0
872,"[(0, 2), (0, 6), (1, 2), (3, 5), (3, 6), (4, 5)]","[(0, 1), (3, 4), (5, 6), (3, 6), (2, 6), (0, 6)]",0.19999999460000012
879,"[(0, 2), (0, 5), (1, 2), (3, 4), (3, 5)]","[(0, 1), (2, 3), (4, 5), (2, 5), (0, 5)]",0.0
873,"[(0, 4), (1, 3), (1, 4), (2, 3)]","[(0, 1), (0, 2), (0, 3), (0, 4)]",0.0
876,"[(0, 4), (1, 3), (1, 4), (2, 3)]","[(3, 4), (2, 4), (1, 4), (0, 4)]",0.33333332722222225
883,"[(0, 7), (1, 6), (1, 7), (2, 6), (3, 4), (3, 6), (5, 6)]","[(0, 1), (2, 3), (4, 5), (6, 7), (2, 5), (0, 5), (0, 7)]",0.0
880,"[(0, 6), (1, 5), (1, 6), (2, 5), (3, 4), (3, 5)]","[(1, 2), (5, 6), (4, 6), (3, 6), (1, 6), (0, 6)]",0.19999999460000012
886,"[(0, 6), (1, 5), (1, 6), (2, 5), (3, 4), (3, 5)]","[(0, 1), (4, 5), (0, 2), (4, 6), (0, 3), (0, 6)]",0.0
887,"[(0, 6), (1, 5), (1, 6), (2, 5), (3, 4), (3, 5)]","[(1, 2), (3, 4), (5, 6), (1, 4), (1, 6), (0, 6)]",0.39999999420000004
888,"[(0, 6), (1, 5), (1, 6), (2, 5), (3, 4), (3, 5)]","[(5, 6), (4, 6), (3, 6), (2, 6), (1, 6), (0, 6)]",0.19999999460000012
884,"[(0, 1), (0, 5), (2, 4), (2, 5), (3, 4)]","[(0, 1), (2, 3), (4, 5), (0, 3), (0, 5)]",0.2499999943750001
889,"[(0, 5), (1, 4), (1, 5), (2, 4), (3, 4)]","[(4, 5), (3, 5), (2, 5), (1, 5), (0, 5)]",0.2499999943750001
881,"[(0, 4), (1, 3), (1, 4), (2, 3)]","[(3, 4), (2, 4), (1, 4), (0, 4)]",0.33333332722222225
882,"[(0, 4), (1, 3), (1, 4), (2, 3)]","[(3, 4), (2, 4), (1, 4), (0, 4)]",0.33333332722222225
885,"[(0, 4), (1, 3), (1, 4), (2, 3)]","[(0, 1), (0, 2), (0, 3), (0, 4)]",0.0
892,"[(0, 7), (1, 6), (1, 7), (2, 6), (3, 5), (3, 6), (4, 5)]","[(0, 1), (2, 3), (4, 5), (6, 7), (0, 3), (0, 5), (0, 7)]",0.0
897,"[(0, 7), (1, 6), (1, 7), (2, 6), (3, 6), (4, 5), (4, 6)]","[(1, 2), (0, 2), (0, 3), (0, 4), (0, 5), (0, 6), (0, 7)]",0.0
890,"[(0, 2), (0, 6), (1, 2), (3, 5), (3, 6), (4, 5)]","[(5, 6), (4, 6), (3, 6), (2, 6), (1, 6), (0, 6)]",0.19999999460000012
895,"[(0, 6), (1, 5), (1, 6), (2, 5), (3, 4), (3, 5)]","[(0, 1), (2, 3), (2, 4), (2, 5), (2, 6), (0, 6)]",0.19999999460000012
898,"[(0, 6), (1, 5), (1, 6), (2, 5), (3, 4), (3, 5)]","[(5, 6), (4, 6), (3, 6), (2, 6), (1, 6), (0, 6)]",0.19999999460000012
891,"[(0, 5), (1, 4), (1, 5), (2, 4), (3, 4)]","[(0, 1), (2, 3), (4, 5), (2, 5), (0, 5)]",0.0
893,"[(0, 1), (0, 5), (2, 4), (2, 5), (3, 4)]","[(4, 5), (3, 5), (2, 5), (1, 5), (0, 5)]",0.2499999943750001
894,"[(0, 5), (1, 4), (1, 5), (2, 3), (2, 4)]","[(4, 5), (3, 5), (2, 5), (1, 5), (0, 5)]",0.2499999943750001
896,"[(0, 3), (1, 2), (1, 3)]","[(0, 1), (0, 2), (0, 3)]",0.0
899,"[(0, 3), (1, 2), (1, 3)]","[(2, 3), (1, 3), (0, 3)]",0.0
907,"[(0, 2), (0, 7), (0, 18), (1, 2), (3, 7), (4, 5), (4, 6), (4, 7), (8, 18), (9, 17), (9, 18), (10, 17), (11, 12), (11, 13), (11, 17), (14, 17), (15, 16), (15, 17)]","[(0, 1), (2, 3), (4, 5), (7, 8), (9, 10), (11, 12), (14, 15), (17, 18), (4, 6), (9, 12), (2, 6), (9, 13), (2, 8), (2, 13), (2, 15), (2, 16), (0, 16), (0, 18)]",0.17647058313148803
908,"[(0, 2), (0, 15), (1, 2), (3, 11), (3, 14), (3, 15), (4, 11), (5, 6), (5, 7), (5, 11), (8, 11), (9, 10), (9, 11), (12, 14), (13, 14)]","[(0, 1), (3, 4), (7, 8), (11, 12), (14, 15), (0, 2), (3, 5), (7, 9), (0, 5), (0, 6), (0, 9), (0, 10), (0, 12), (0, 13), (0, 15)]",0.07142856637755138
906,"[(0, 3), (0, 12), (1, 2), (1, 3), (4, 12), (5, 11), (5, 12), (6, 11), (7, 10), (7, 11), (8, 10), (9, 10)]","[(0, 1), (3, 4), (6, 7), (10, 11), (0, 2), (3, 5), (6, 8), (10, 12), (6, 9), (0, 5), (0, 9), (0, 12)]",0.0
901,"[(0, 6), (1, 5), (1, 6), (2, 5), (3, 4), (3, 5)]","[(1, 2), (3, 4), (5, 6), (1, 4), (0, 4), (0, 6)]",0.19999999460000012
903,"[(0, 5), (1, 4), (1, 5), (2, 4), (3, 4)]","[(1, 2), (4, 5), (0, 2), (3, 5), (0, 5)]",0.0
904,"[(0, 5), (1, 4), (1, 5), (2, 4), (3, 4)]","[(1, 2), (1, 3), (0, 3), (0, 4), (0, 5)]",0.0
900,"[(0, 4), (1, 3), (1, 4), (2, 3)]","[(0, 1), (2, 3), (0, 3), (0, 4)]",0.0
902,"[(0, 4), (1, 3), (1, 4), (2, 3)]","[(0, 1), (0, 2), (0, 3), (0, 4)]",0.0
905,"[(0, 1), (0, 4), (2, 3), (2, 4)]","[(0, 1), (2, 3), (0, 3), (0, 4)]",0.6666666594444445
909,"[(0, 4), (1, 3), (1, 4), (2, 3)]","[(0, 1), (3, 4), (0, 2), (0, 4)]",0.0
913,"[(0, 9), (1, 8), (1, 9), (2, 7), (2, 8), (3, 4), (3, 7), (5, 7), (6, 7)]","[(8, 9), (7, 9), (6, 9), (5, 9), (4, 9), (3, 9), (2, 9), (1, 9), (0, 9)]",0.12499999484375018
916,"[(0, 2), (0, 7), (1, 2), (3, 6), (3, 7), (4, 6), (5, 6)]","[(6, 7), (5, 7), (4, 7), (3, 7), (2, 7), (1, 7), (0, 7)]",0.16666666138888903
910,"[(0, 6), (1, 3), (1, 5), (1, 6), (2, 3), (4, 5)]","[(0, 1), (3, 4), (0, 2), (3, 5), (3, 6), (0, 6)]",0.0
915,"[(0, 6), (1, 5), (1, 6), (2, 5), (3, 4), (3, 5)]","[(2, 3), (1, 3), (0, 3), (0, 4), (0, 5), (0, 6)]",0.0
917,"[(0, 6), (1, 5), (1, 6), (2, 5), (3, 5), (4, 5)]","[(1, 2), (5, 6), (4, 6), (3, 6), (1, 6), (0, 6)]",0.19999999460000012
919,"[(0, 6), (1, 3), (1, 5), (1, 6), (2, 3), (4, 5)]","[(5, 6), (4, 6), (3, 6), (2, 6), (1, 6), (0, 6)]",0.19999999460000012
911,"[(0, 5), (1, 4), (1, 5), (2, 3), (2, 4)]","[(1, 2), (1, 3), (1, 4), (1, 5), (0, 5)]",0.4999999937500001
914,"[(0, 5), (1, 4), (1, 5), (2, 4), (3, 4)]","[(1, 2), (3, 4), (1, 4), (0, 4), (0, 5)]",0.2499999943750001
918,"[(0, 5), (1, 4), (1, 5), (2, 4), (3, 4)]","[(0, 1), (2, 3), (4, 5), (0, 3), (0, 5)]",0.0
912,"[(0, 3), (1, 2), (1, 3)]","[(2, 3), (1, 3), (0, 3)]",0.0
922,"[(0, 2), (0, 7), (1, 2), (3, 6), (3, 7), (4, 6), (5, 6)]","[(2, 3), (6, 7), (1, 3), (5, 7), (1, 4), (0, 4), (0, 7)]",0.0
926,"[(0, 6), (1, 5), (1, 6), (2, 5), (3, 4), (3, 5)]","[(1, 2), (3, 4), (5, 6), (0, 2), (0, 4), (0, 6)]",0.19999999460000012
928,"[(0, 6), (1, 5), (1, 6), (2, 5), (3, 4), (3, 5)]","[(0, 1), (3, 4), (0, 2), (3, 5), (0, 5), (0, 6)]",0.19999999460000012
921,"[(0, 5), (1, 4), (1, 5), (2, 4), (3, 4)]","[(0, 1), (4, 5), (3, 5), (2, 5), (0, 5)]",0.0
924,"[(0, 5), (1, 4), (1, 5), (2, 4), (3, 4)]","[(1, 2), (4, 5), (0, 2), (3, 5), (0, 5)]",0.0
927,"[(0, 5), (1, 4), (1, 5), (2, 4), (3, 4)]","[(4, 5), (3, 5), (2, 5), (1, 5), (0, 5)]",0.2499999943750001
929,"[(0, 5), (1, 4), (1, 5), (2, 4), (3, 4)]","[(3, 4), (2, 4), (1, 4), (1, 5), (0, 5)]",0.7499999931250001
920,"[(0, 4), (1, 3), (1, 4), (2, 3)]","[(0, 1), (0, 2), (0, 3), (0, 4)]",0.0
925,"[(0, 4), (1, 3), (1, 4), (2, 3)]","[(1, 2), (0, 2), (0, 3), (0, 4)]",0.0
923,"[(0, 3), (1, 2), (1, 3)]","[(0, 1), (0, 2), (0, 3)]",0.0
939,"[(0, 12), (1, 2), (1, 12), (3, 12), (4, 11), (4, 12), (5, 11), (6, 11), (7, 11), (8, 9), (8, 10), (8, 11)]","[(6, 7), (5, 7), (4, 7), (4, 8), (3, 8), (3, 9), (2, 9), (2, 10), (2, 11), (1, 11), (1, 12), (0, 12)]",0.09090908582644655
936,"[(0, 7), (1, 6), (1, 7), (2, 3), (2, 6), (4, 5), (4, 6)]","[(6, 7), (5, 7), (4, 7), (3, 7), (2, 7), (1, 7), (0, 7)]",0.16666666138888903
930,"[(0, 6), (1, 5), (1, 6), (2, 5), (3, 5), (4, 5)]","[(1, 2), (3, 4), (5, 6), (3, 6), (1, 6), (0, 6)]",0.19999999460000012
938,"[(0, 6), (1, 2), (1, 5), (1, 6), (3, 5), (4, 5)]","[(2, 3), (4, 5), (2, 5), (2, 6), (1, 6), (0, 6)]",0.19999999460000012
931,"[(0, 5), (1, 4), (1, 5), (2, 3), (2, 4)]","[(4, 5), (3, 5), (2, 5), (1, 5), (0, 5)]",0.2499999943750001
932,"[(0, 5), (1, 4), (1, 5), (2, 4), (3, 4)]","[(1, 2), (3, 4), (0, 2), (3, 5), (0, 5)]",0.0
933,"[(0, 5), (1, 2), (1, 4), (1, 5), (3, 4)]","[(0, 1), (0, 2), (0, 3), (0, 4), (0, 5)]",0.0
935,"[(0, 5), (1, 4), (1, 5), (2, 3), (2, 4)]","[(0, 1), (2, 3), (4, 5), (2, 5), (0, 5)]",0.2499999943750001
934,"[(0, 4), (1, 3), (1, 4), (2, 3)]","[(0, 1), (0, 2), (0, 3), (0, 4)]",0.0
937,"[(0, 4), (1, 3), (1, 4), (2, 3)]","[(2, 3), (2, 4), (1, 4), (0, 4)]",0.33333332722222225
941,"[(0, 6), (0, 13), (1, 6), (2, 6), (3, 4), (3, 5), (3, 6), (7, 13), (8, 9), (8, 12), (8, 13), (10, 12), (11, 12)]","[(3, 4), (6, 7), (10, 11), (12, 13), (2, 4), (5, 7), (9, 11), (9, 13), (2, 7), (8, 13), (1, 7), (0, 7), (0, 13)]",0.16666666152777793
943,"[(0, 7), (1, 4), (1, 6), (1, 7), (2, 3), (2, 4), (5, 6)]","[(0, 1), (6, 7), (0, 2), (0, 3), (0, 4), (0, 5), (0, 7)]",0.0
940,"[(0, 6), (1, 4), (1, 5), (1, 6), (2, 4), (3, 4)]","[(2, 3), (5, 6), (1, 3), (4, 6), (1, 6), (0, 6)]",0.19999999460000012
944,"[(0, 6), (1, 5), (1, 6), (2, 5), (3, 5), (4, 5)]","[(1, 2), (5, 6), (0, 2), (4, 6), (0, 3), (0, 6)]",0.0
949,"[(0, 6), (1, 5), (1, 6), (2, 5), (3, 4), (3, 5)]","[(2, 3), (5, 6), (1, 3), (4, 6), (0, 3), (0, 6)]",0.0
942,"[(0, 5), (1, 2), (1, 4), (1, 5), (3, 4)]","[(0, 1), (2, 3), (4, 5), (2, 5), (0, 5)]",0.0
945,"[(0, 5), (1, 4), (1, 5), (2, 4), (3, 4)]","[(0, 1), (3, 4), (0, 2), (3, 5), (0, 5)]",0.0
946,"[(0, 5), (1, 4), (1, 5), (2, 4), (3, 4)]","[(1, 2), (0, 2), (0, 3), (0, 4), (0, 5)]",0.0
947,"[(0, 5), (1, 4), (1, 5), (2, 3), (2, 4)]","[(4, 5), (3, 5), (2, 5), (1, 5), (0, 5)]",0.2499999943750001
948,"[(0, 5), (1, 4), (1, 5), (2, 4), (3, 4)]","[(0, 1), (0, 2), (0, 3), (0, 4), (0, 5)]",0.0
959,"[(0, 10), (1, 6), (1, 9), (1, 10), (2, 3), (2, 4), (2, 6), (5, 6), (7, 9), (8, 9)]","[(6, 7), (8, 9), (6, 9), (6, 10), (5, 10), (4, 10), (3, 10), (2, 10), (1, 10), (0, 10)]",0.11111110598765454
958,"[(0, 6), (1, 4), (1, 6), (2, 4), (3, 4), (5, 6)]","[(0, 1), (4, 5), (0, 2), (0, 3), (0, 5), (0, 6)]",0.0
951,"[(0, 5), (1, 4), (1, 5), (2, 4), (3, 4)]","[(0, 1), (0, 2), (0, 3), (0, 4), (0, 5)]",0.0
954,"[(0, 5), (1, 2), (1, 4), (1, 5), (3, 4)]","[(0, 1), (2, 3), (4, 5), (0, 3), (0, 5)]",0.0
952,"[(0, 4), (1, 3), (1, 4), (2, 3)]","[(3, 4), (2, 4), (1, 4), (0, 4)]",0.33333332722222225
953,"[(0, 4), (1, 3), (1, 4), (2, 3)]","[(1, 2), (1, 3), (0, 3), (0, 4)]",0.33333332722222225
956,"[(0, 1), (0, 4), (2, 3), (2, 4)]","[(0, 1), (2, 3), (2, 4), (0, 4)]",0.6666666594444445
957,"[(0, 3), (0, 4), (1, 2), (1, 3)]","[(1, 2), (1, 3), (0, 3), (0, 4)]",0.6666666594444445
950,"[(0, 3), (1, 2), (1, 3)]","[(2, 3), (1, 3), (0, 3)]",0.0
955,"[(0, 3), (1, 2), (1, 3)]","[(1, 2), (1, 3), (0, 3)]",0.4999999925000001
960,"[(0, 8), (1, 3), (1, 7), (1, 8), (2, 3), (4, 7), (5, 7), (6, 7)]","[(7, 8), (6, 8), (5, 8), (4, 8), (3, 8), (2, 8), (1, 8), (0, 8)]",0.14285713765306143
965,"[(0, 8), (1, 5), (1, 7), (1, 8), (2, 3), (2, 4), (2, 5), (6, 7)]","[(0, 1), (3, 4), (6, 7), (0, 2), (3, 5), (6, 8), (0, 5), (0, 8)]",0.0
964,"[(0, 6), (0, 7), (1, 6), (2, 6), (3, 6), (4, 6), (5, 6)]","[(0, 1), (0, 2), (0, 3), (0, 4), (0, 5), (0, 6), (0, 7)]",0.16666666138888903
966,"[(0, 7), (1, 6), (1, 7), (2, 3), (2, 6), (4, 6), (5, 6)]","[(1, 2), (3, 4), (6, 7), (1, 4), (1, 5), (1, 7), (0, 7)]",0.16666666138888903
967,"[(0, 7), (1, 3), (1, 6), (1, 7), (2, 3), (4, 5), (4, 6)]","[(0, 1), (2, 3), (4, 5), (6, 7), (0, 3), (0, 5), (0, 7)]",0.3333333277777778
962,"[(0, 1), (0, 2), (0, 6), (3, 5), (3, 6), (4, 5)]","[(0, 1), (3, 4), (5, 6), (0, 2), (0, 4), (0, 6)]",0.39999999420000004
963,"[(0, 5), (1, 4), (1, 5), (2, 4), (3, 4)]","[(4, 5), (3, 5), (2, 5), (1, 5), (0, 5)]",0.2499999943750001
968,"[(0, 5), (1, 4), (1, 5), (2, 4), (3, 4)]","[(0, 1), (3, 4), (2, 4), (0, 4), (0, 5)]",0.2499999943750001
961,"[(0, 4), (1, 3), (1, 4), (2, 3)]","[(0, 1), (2, 3), (2, 4), (0, 4)]",0.0
969,"[(0, 3), (1, 2), (1, 3)]","[(2, 3), (1, 3), (0, 3)]",0.0
974,"[(0, 7), (1, 6), (1, 7), (2, 6), (3, 4), (3, 6), (5, 6)]","[(2, 3), (5, 6), (4, 6), (2, 6), (2, 7), (1, 7), (0, 7)]",0.3333333277777778
975,"[(0, 7), (1, 6), (1, 7), (2, 6), (3, 4), (3, 6), (5, 6)]","[(0, 1), (2, 3), (4, 5), (6, 7), (0, 3), (0, 5), (0, 7)]",0.0
978,"[(0, 7), (1, 3), (1, 6), (1, 7), (2, 3), (4, 6), (5, 6)]","[(0, 1), (2, 3), (5, 6), (4, 6), (2, 6), (2, 7), (0, 7)]",0.3333333277777778
979,"[(0, 7), (1, 6), (1, 7), (2, 6), (3, 4), (3, 6), (5, 6)]","[(2, 3), (2, 4), (1, 4), (0, 4), (0, 5), (0, 6), (0, 7)]",0.0
973,"[(0, 5), (0, 6), (1, 2), (1, 3), (1, 5), (4, 5)]","[(3, 4), (5, 6), (2, 4), (1, 4), (0, 4), (0, 6)]",0.0
976,"[(0, 6), (1, 5), (1, 6), (2, 5), (3, 5), (4, 5)]","[(0, 1), (0, 2), (0, 3), (0, 4), (0, 5), (0, 6)]",0.0
970,"[(0, 5), (1, 4), (1, 5), (2, 4), (3, 4)]","[(0, 1), (2, 3), (4, 5), (2, 5), (0, 5)]",0.0
972,"[(0, 5), (1, 4), (1, 5), (2, 4), (3, 4)]","[(3, 4), (3, 5), (2, 5), (1, 5), (0, 5)]",0.2499999943750001
971,"[(0, 4), (1, 3), (1, 4), (2, 3)]","[(0, 1), (0, 2), (0, 3), (0, 4)]",0.0
977,"[(0, 3), (1, 2), (1, 3)]","[(1, 2), (0, 2), (0, 3)]",0.4999999925000001
985,"[(0, 2), (0, 13), (1, 2), (3, 12), (3, 13), (4, 7), (4, 12), (5, 6), (5, 7), (8, 12), (9, 12), (10, 12), (11, 12)]","[(12, 13), (11, 13), (10, 13), (9, 13), (8, 13), (7, 13), (6, 13), (5, 13), (4, 13), (3, 13), (2, 13), (1, 13), (0, 13)]",0.08333332826388919
983,"[(0, 11), (1, 10), (1, 11), (2, 3), (2, 4), (2, 10), (5, 10), (6, 7), (6, 10), (8, 9), (8, 10)]","[(0, 1), (2, 3), (4, 5), (6, 7), (8, 9), (10, 11), (0, 3), (0, 5), (0, 7), (0, 9), (0, 11)]",0.29999999470000005
986,"[(0, 9), (1, 8), (1, 9), (2, 8), (3, 8), (4, 8), (5, 8), (6, 8), (7, 8)]","[(8, 9), (7, 9), (6, 9), (5, 9), (4, 9), (3, 9), (2, 9), (1, 9), (0, 9)]",0.12499999484375018
981,"[(0, 7), (1, 6), (1, 7), (2, 6), (3, 4), (3, 6), (5, 6)]","[(0, 1), (0, 2), (0, 3), (0, 4), (0, 5), (0, 6), (0, 7)]",0.0
982,"[(0, 7), (1, 3), (1, 6), (1, 7), (2, 3), (4, 6), (5, 6)]","[(3, 4), (3, 5), (2, 5), (2, 6), (1, 6), (0, 6), (0, 7)]",0.16666666138888903
984,"[(0, 7), (1, 3), (1, 6), (1, 7), (2, 3), (4, 6), (5, 6)]","[(0, 1), (0, 2), (0, 3), (0, 4), (0, 5), (0, 6), (0, 7)]",0.0
988,"[(0, 7), (1, 2), (1, 6), (1, 7), (3, 6), (4, 6), (5, 6)]","[(0, 1), (3, 4), (6, 7), (0, 2), (3, 5), (3, 7), (0, 7)]",0.0
989,"[(0, 6), (1, 5), (1, 6), (2, 5), (3, 4), (3, 5)]","[(0, 1), (2, 3), (5, 6), (2, 4), (0, 4), (0, 6)]",0.0
987,"[(0, 5), (1, 4), (1, 5), (2, 4), (3, 4)]","[(0, 1), (2, 3), (4, 5), (0, 3), (0, 5)]",0.0
980,"[(0, 4), (1, 3), (1, 4), (2, 3)]","[(0, 1), (0, 2), (0, 3), (0, 4)]",0.0
992,"[(0, 1), (0, 2), (0, 3), (0, 9), (4, 8), (4, 9), (5, 8), (6, 7), (6, 8)]","[(0, 1), (2, 3), (4, 5), (6, 7), (8, 9), (0, 3), (0, 5), (0, 7), (0, 9)]",0.37499999453125
998,"[(0, 8), (1, 7), (1, 8), (2, 7), (3, 4), (3, 7), (5, 6), (5, 7)]","[(1, 2), (5, 6), (5, 7), (4, 7), (3, 7), (1, 7), (1, 8), (0, 8)]",0.5714285656122451
991,"[(0, 7), (1, 6), (1, 7), (2, 6), (3, 6), (4, 5), (4, 6)]","[(0, 1), (3, 4), (6, 7), (0, 2), (0, 4), (0, 5), (0, 7)]",0.0
993,"[(0, 6), (1, 5), (1, 6), (2, 5), (3, 4), (3, 5)]","[(0, 1), (3, 4), (5, 6), (3, 6), (2, 6), (0, 6)]",0.19999999460000012
995,"[(0, 6), (1, 5), (1, 6), (2, 5), (3, 4), (3, 5)]","[(0, 1), (3, 4), (5, 6), (3, 6), (2, 6), (0, 6)]",0.19999999460000012
996,"[(0, 6), (1, 5), (1, 6), (2, 5), (3, 4), (3, 5)]","[(0, 1), (0, 2), (0, 3), (0, 4), (0, 5), (0, 6)]",0.0
997,"[(0, 6), (1, 5), (1, 6), (2, 3), (2, 5), (4, 5)]","[(0, 1), (3, 4), (0, 2), (0, 4), (0, 5), (0, 6)]",0.0
999,"[(0, 6), (1, 5), (1, 6), (2, 5), (3, 4), (3, 5)]","[(0, 1), (0, 2), (0, 3), (0, 4), (0, 5), (0, 6)]",0.0
990,"[(0, 5), (1, 4), (1, 5), (2, 4), (3, 4)]","[(0, 1), (3, 4), (2, 4), (2, 5), (0, 5)]",0.2499999943750001
994,"[(0, 5), (1, 2), (1, 4), (1, 5), (3, 4)]","[(0, 1), (0, 2), (0, 3), (0, 4), (0, 5)]",0.0
