3,"[(0, 9), (1, 8), (1, 9), (2, 8), (3, 4), (3, 8), (5, 6), (5, 7), (5, 8)]","[(8, 9), (7, 9), (6, 9), (5, 9), (4, 9), (3, 9), (2, 9), (1, 9), (0, 9)]",0.12499999484375018
0,"[(0, 8), (1, 2), (1, 8), (3, 7), (3, 8), (4, 7), (5, 7), (6, 7)]","[(3, 4), (7, 8), (2, 4), (6, 8), (1, 4), (5, 8), (0, 4), (0, 8)]",0.0
2,"[(0, 8), (1, 7), (1, 8), (2, 7), (3, 4), (3, 7), (5, 6), (5, 7)]","[(0, 1), (2, 3), (5, 6), (7, 8), (0, 3), (0, 4), (0, 6), (0, 8)]",0.14285713765306143
7,"[(0, 8), (1, 2), (1, 8), (3, 8), (4, 7), (4, 8), (5, 7), (6, 7)]","[(7, 8), (6, 8), (5, 8), (4, 8), (3, 8), (2, 8), (1, 8), (0, 8)]",0.42857142295918377
4,"[(0, 6), (1, 5), (1, 6), (2, 5), (3, 5), (4, 5)]","[(2, 3), (5, 6), (1, 3), (4, 6), (1, 6), (0, 6)]",0.19999999460000012
6,"[(0, 6), (1, 5), (1, 6), (2, 5), (3, 5), (4, 5)]","[(1, 2), (1, 3), (1, 4), (1, 5), (0, 5), (0, 6)]",0.19999999460000012
8,"[(0, 6), (1, 5), (1, 6), (2, 3), (2, 4), (2, 5)]","[(0, 1), (4, 5), (0, 2), (4, 6), (0, 3), (0, 6)]",0.0
5,"[(0, 5), (1, 4), (1, 5), (2, 4), (3, 4)]","[(0, 1), (2, 3), (4, 5), (0, 3), (0, 5)]",0.0
1,"[(0, 4), (1, 3), (1, 4), (2, 3)]","[(0, 1), (3, 4), (2, 4), (0, 4)]",0.0
9,"[(0, 3), (1, 2), (1, 3)]","[(0, 1), (0, 2), (0, 3)]",0.0
19,"[(0, 10), (1, 6), (1, 9), (1, 10), (2, 6), (3, 6), (4, 5), (4, 6), (7, 9), (8, 9)]","[(0, 1), (0, 2), (0, 3), (0, 4), (0, 5), (0, 6), (0, 7), (0, 8), (0, 9), (0, 10)]",0.0
17,"[(0, 2), (0, 8), (1, 2), (3, 5), (3, 7), (3, 8), (4, 5), (6, 7)]","[(0, 1), (3, 4), (7, 8), (2, 4), (6, 8), (5, 8), (0, 4), (0, 8)]",0.0
12,"[(0, 7), (1, 6), (1, 7), (2, 6), (3, 6), (4, 5), (4, 6)]","[(6, 7), (5, 7), (4, 7), (3, 7), (2, 7), (1, 7), (0, 7)]",0.16666666138888903
14,"[(0, 2), (0, 7), (1, 2), (3, 5), (3, 6), (3, 7), (4, 5)]","[(4, 5), (6, 7), (4, 7), (3, 7), (2, 7), (1, 7), (0, 7)]",0.16666666138888903
15,"[(0, 7), (1, 6), (1, 7), (2, 6), (3, 4), (3, 6), (5, 6)]","[(1, 2), (4, 5), (6, 7), (4, 7), (3, 7), (1, 7), (0, 7)]",0.16666666138888903
10,"[(0, 6), (1, 5), (1, 6), (2, 5), (3, 4), (3, 5)]","[(0, 1), (0, 2), (0, 3), (0, 4), (0, 5), (0, 6)]",0.0
13,"[(0, 6), (1, 5), (1, 6), (2, 5), (3, 5), (4, 5)]","[(5, 6), (4, 6), (3, 6), (2, 6), (1, 6), (0, 6)]",0.19999999460000012
18,"[(0, 6), (1, 5), (1, 6), (2, 5), (3, 5), (4, 5)]","[(3, 4), (2, 4), (1, 4), (0, 4), (0, 5), (0, 6)]",0.0
11,"[(0, 4), (1, 3), (1, 4), (2, 3)]","[(0, 1), (3, 4), (0, 2), (0, 4)]",0.0
16,"[(0, 3), (1, 2), (1, 3)]","[(2, 3), (1, 3), (0, 3)]",0.0
28,"[(0, 7), (1, 2), (1, 6), (1, 7), (3, 4), (3, 6), (5, 6)]","[(3, 4), (2, 4), (2, 5), (1, 5), (1, 6), (0, 6), (0, 7)]",0.3333333277777778
29,"[(0, 7), (1, 4), (1, 6), (1, 7), (2, 4), (3, 4), (5, 6)]","[(2, 3), (4, 5), (6, 7), (2, 5), (1, 5), (1, 7), (0, 7)]",0.16666666138888903
20,"[(0, 5), (0, 6), (1, 3), (1, 5), (2, 3), (4, 5)]","[(0, 1), (5, 6), (0, 2), (0, 3), (0, 4), (0, 6)]",0.0
23,"[(0, 6), (1, 5), (1, 6), (2, 5), (3, 5), (4, 5)]","[(1, 2), (5, 6), (1, 3), (0, 3), (0, 4), (0, 6)]",0.0
27,"[(0, 2), (0, 6), (1, 2), (3, 5), (3, 6), (4, 5)]","[(5, 6), (4, 6), (3, 6), (2, 6), (1, 6), (0, 6)]",0.19999999460000012
25,"[(0, 5), (1, 4), (1, 5), (2, 4), (3, 4)]","[(2, 3), (1, 3), (1, 4), (0, 4), (0, 5)]",0.2499999943750001
22,"[(0, 4), (1, 3), (1, 4), (2, 3)]","[(0, 1), (3, 4), (0, 2), (0, 4)]",0.0
24,"[(0, 4), (1, 3), (1, 4), (2, 3)]","[(2, 3), (1, 3), (0, 3), (0, 4)]",0.33333332722222225
21,"[(0, 3), (1, 2), (1, 3)]","[(0, 1), (2, 3), (0, 3)]",0.0
26,"[(0, 3), (1, 2), (1, 3)]","[(0, 1), (2, 3), (0, 3)]",0.0
31,"[(0, 7), (1, 6), (1, 7), (2, 6), (3, 6), (4, 6), (5, 6)]","[(0, 1), (2, 3), (6, 7), (2, 4), (5, 7), (0, 4), (0, 7)]",0.0
35,"[(0, 7), (1, 6), (1, 7), (2, 6), (3, 6), (4, 5), (4, 6)]","[(1, 2), (1, 3), (1, 4), (1, 5), (1, 6), (1, 7), (0, 7)]",0.3333333277777778
30,"[(0, 1), (0, 2), (0, 6), (3, 5), (3, 6), (4, 5)]","[(1, 2), (1, 3), (1, 4), (1, 5), (0, 5), (0, 6)]",0.0
33,"[(0, 2), (0, 6), (1, 2), (3, 5), (3, 6), (4, 5)]","[(1, 2), (4, 5), (1, 3), (0, 3), (0, 5), (0, 6)]",0.19999999460000012
36,"[(0, 1), (0, 6), (2, 5), (2, 6), (3, 4), (3, 5)]","[(0, 1), (3, 4), (5, 6), (0, 2), (0, 4), (0, 6)]",0.39999999420000004
38,"[(0, 6), (1, 5), (1, 6), (2, 5), (3, 4), (3, 5)]","[(0, 1), (0, 2), (0, 3), (0, 4), (0, 5), (0, 6)]",0.0
39,"[(0, 6), (1, 5), (1, 6), (2, 5), (3, 4), (3, 5)]","[(0, 1), (2, 3), (4, 5), (4, 6), (2, 6), (0, 6)]",0.0
32,"[(0, 5), (1, 4), (1, 5), (2, 4), (3, 4)]","[(0, 1), (3, 4), (0, 2), (3, 5), (0, 5)]",0.0
34,"[(0, 5), (1, 4), (1, 5), (2, 3), (2, 4)]","[(4, 5), (3, 5), (2, 5), (1, 5), (0, 5)]",0.2499999943750001
37,"[(0, 5), (1, 3), (1, 4), (1, 5), (2, 3)]","[(4, 5), (3, 5), (2, 5), (1, 5), (0, 5)]",0.2499999943750001
48,"[(0, 8), (1, 2), (1, 7), (1, 8), (3, 7), (4, 5), (4, 6), (4, 7)]","[(0, 1), (4, 5), (0, 2), (4, 6), (0, 3), (4, 7), (0, 7), (0, 8)]",0.28571428030612256
43,"[(0, 6), (0, 7), (1, 2), (1, 3), (1, 6), (4, 6), (5, 6)]","[(0, 1), (2, 3), (4, 5), (6, 7), (2, 5), (2, 7), (0, 7)]",0.0
40,"[(0, 6), (1, 5), (1, 6), (2, 5), (3, 4), (3, 5)]","[(5, 6), (4, 6), (3, 6), (2, 6), (1, 6), (0, 6)]",0.19999999460000012
41,"[(0, 6), (1, 5), (1, 6), (2, 5), (3, 4), (3, 5)]","[(0, 1), (2, 3), (2, 4), (2, 5), (2, 6), (0, 6)]",0.19999999460000012
42,"[(0, 2), (0, 6), (1, 2), (3, 5), (3, 6), (4, 5)]","[(1, 2), (3, 4), (5, 6), (1, 4), (0, 4), (0, 6)]",0.19999999460000012
47,"[(0, 6), (1, 5), (1, 6), (2, 3), (2, 5), (4, 5)]","[(1, 2), (5, 6), (4, 6), (3, 6), (1, 6), (0, 6)]",0.19999999460000012
46,"[(0, 5), (1, 4), (1, 5), (2, 4), (3, 4)]","[(0, 1), (0, 2), (0, 3), (0, 4), (0, 5)]",0.0
49,"[(0, 5), (1, 2), (1, 4), (1, 5), (3, 4)]","[(1, 2), (3, 4), (0, 2), (3, 5), (0, 5)]",0.2499999943750001
45,"[(0, 4), (1, 3), (1, 4), (2, 3)]","[(0, 1), (3, 4), (0, 2), (0, 4)]",0.0
44,"[(0, 3), (1, 2), (1, 3)]","[(1, 2), (0, 2), (0, 3)]",0.4999999925000001
50,"[(0, 2), (0, 7), (1, 2), (3, 6), (3, 7), (4, 6), (5, 6)]","[(2, 3), (5, 6), (2, 4), (1, 4), (1, 6), (0, 6), (0, 7)]",0.0
52,"[(0, 2), (0, 7), (1, 2), (3, 6), (3, 7), (4, 6), (5, 6)]","[(0, 1), (5, 6), (0, 2), (5, 7), (0, 3), (4, 7), (0, 7)]",0.16666666138888903
54,"[(0, 6), (0, 7), (1, 2), (1, 3), (1, 6), (4, 6), (5, 6)]","[(0, 1), (3, 4), (6, 7), (3, 5), (3, 7), (2, 7), (0, 7)]",0.0
51,"[(0, 1), (0, 2), (0, 6), (3, 5), (3, 6), (4, 5)]","[(1, 2), (4, 5), (0, 2), (4, 6), (0, 3), (0, 6)]",0.19999999460000012
53,"[(0, 1), (0, 2), (0, 6), (3, 5), (3, 6), (4, 5)]","[(5, 6), (4, 6), (3, 6), (2, 6), (1, 6), (0, 6)]",0.19999999460000012
58,"[(0, 6), (1, 5), (1, 6), (2, 4), (2, 5), (3, 4)]","[(1, 2), (4, 5), (1, 3), (1, 5), (0, 5), (0, 6)]",0.19999999460000012
55,"[(0, 5), (1, 4), (1, 5), (2, 4), (3, 4)]","[(2, 3), (1, 3), (1, 4), (0, 4), (0, 5)]",0.2499999943750001
56,"[(0, 5), (1, 4), (1, 5), (2, 4), (3, 4)]","[(0, 1), (2, 3), (4, 5), (2, 5), (0, 5)]",0.0
57,"[(0, 5), (1, 4), (1, 5), (2, 3), (2, 4)]","[(0, 1), (2, 3), (4, 5), (2, 5), (0, 5)]",0.2499999943750001
59,"[(0, 4), (1, 3), (1, 4), (2, 3)]","[(0, 1), (3, 4), (0, 2), (0, 4)]",0.0
69,"[(0, 9), (1, 3), (1, 8), (1, 9), (2, 3), (4, 8), (5, 8), (6, 7), (6, 8)]","[(0, 1), (0, 2), (0, 3), (0, 4), (0, 5), (0, 6), (0, 7), (0, 8), (0, 9)]",0.0
64,"[(0, 6), (1, 5), (1, 6), (2, 5), (3, 4), (3, 5)]","[(5, 6), (4, 6), (3, 6), (2, 6), (1, 6), (0, 6)]",0.19999999460000012
68,"[(0, 6), (1, 5), (1, 6), (2, 5), (3, 5), (4, 5)]","[(0, 1), (3, 4), (5, 6), (2, 4), (0, 4), (0, 6)]",0.0
60,"[(0, 1), (0, 5), (2, 4), (2, 5), (3, 4)]","[(0, 1), (2, 3), (4, 5), (2, 5), (0, 5)]",0.4999999937500001
62,"[(0, 1), (0, 5), (2, 4), (2, 5), (3, 4)]","[(3, 4), (2, 4), (1, 4), (0, 4), (0, 5)]",0.2499999943750001
63,"[(0, 5), (1, 4), (1, 5), (2, 4), (3, 4)]","[(4, 5), (3, 5), (2, 5), (1, 5), (0, 5)]",0.2499999943750001
65,"[(0, 5), (1, 4), (1, 5), (2, 4), (3, 4)]","[(1, 2), (3, 4), (3, 5), (1, 5), (0, 5)]",0.2499999943750001
66,"[(0, 5), (1, 4), (1, 5), (2, 4), (3, 4)]","[(4, 5), (3, 5), (2, 5), (1, 5), (0, 5)]",0.2499999943750001
67,"[(0, 5), (1, 2), (1, 4), (1, 5), (3, 4)]","[(0, 1), (2, 3), (4, 5), (0, 3), (0, 5)]",0.0
61,"[(0, 4), (1, 3), (1, 4), (2, 3)]","[(0, 1), (0, 2), (0, 3), (0, 4)]",0.0
71,"[(0, 2), (0, 10), (1, 2), (3, 9), (3, 10), (4, 9), (5, 9), (6, 9), (7, 9), (8, 9)]","[(0, 1), (3, 4), (6, 7), (9, 10), (2, 4), (5, 7), (8, 10), (2, 7), (0, 7), (0, 10)]",0.0
70,"[(0, 8), (1, 7), (1, 8), (2, 7), (3, 4), (3, 5), (3, 7), (6, 7)]","[(6, 7), (5, 7), (4, 7), (4, 8), (3, 8), (2, 8), (1, 8), (0, 8)]",0.14285713765306143
78,"[(0, 7), (1, 3), (1, 6), (1, 7), (2, 3), (4, 6), (5, 6)]","[(1, 2), (4, 5), (1, 3), (4, 6), (0, 3), (4, 7), (0, 7)]",0.3333333277777778
76,"[(0, 1), (0, 2), (0, 6), (3, 5), (3, 6), (4, 5)]","[(0, 1), (2, 3), (5, 6), (2, 4), (2, 6), (0, 6)]",0.19999999460000012
72,"[(0, 5), (1, 4), (1, 5), (2, 4), (3, 4)]","[(0, 1), (2, 3), (2, 4), (0, 4), (0, 5)]",0.2499999943750001
73,"[(0, 1), (0, 5), (2, 4), (2, 5), (3, 4)]","[(1, 2), (1, 3), (0, 3), (0, 4), (0, 5)]",0.0
74,"[(0, 5), (1, 4), (1, 5), (2, 4), (3, 4)]","[(4, 5), (3, 5), (2, 5), (1, 5), (0, 5)]",0.2499999943750001
75,"[(0, 1), (0, 5), (2, 4), (2, 5), (3, 4)]","[(0, 1), (0, 2), (0, 3), (0, 4), (0, 5)]",0.2499999943750001
79,"[(0, 4), (1, 3), (1, 4), (2, 3)]","[(0, 1), (0, 2), (0, 3), (0, 4)]",0.0
77,"[(0, 3), (1, 2), (1, 3)]","[(1, 2), (0, 2), (0, 3)]",0.4999999925000001
84,"[(0, 6), (1, 5), (1, 6), (2, 5), (3, 4), (3, 5)]","[(1, 2), (3, 4), (5, 6), (3, 6), (1, 6), (0, 6)]",0.39999999420000004
86,"[(0, 2), (0, 6), (1, 2), (3, 4), (3, 5), (3, 6)]","[(5, 6), (4, 6), (3, 6), (2, 6), (1, 6), (0, 6)]",0.0
80,"[(0, 5), (1, 4), (1, 5), (2, 4), (3, 4)]","[(0, 1), (2, 3), (4, 5), (2, 5), (0, 5)]",0.0
83,"[(0, 5), (1, 4), (1, 5), (2, 3), (2, 4)]","[(0, 1), (4, 5), (0, 2), (0, 3), (0, 5)]",0.0
81,"[(0, 4), (1, 3), (1, 4), (2, 3)]","[(0, 1), (3, 4), (0, 2), (0, 4)]",0.0
82,"[(0, 4), (1, 3), (1, 4), (2, 3)]","[(0, 1), (2, 3), (0, 3), (0, 4)]",0.0
85,"[(0, 4), (1, 3), (1, 4), (2, 3)]","[(0, 1), (0, 2), (0, 3), (0, 4)]",0.0
87,"[(0, 4), (1, 3), (1, 4), (2, 3)]","[(0, 1), (2, 3), (0, 3), (0, 4)]",0.0
88,"[(0, 4), (1, 3), (1, 4), (2, 3)]","[(0, 1), (0, 2), (0, 3), (0, 4)]",0.0
89,"[(0, 4), (1, 3), (1, 4), (2, 3)]","[(1, 2), (1, 3), (0, 3), (0, 4)]",0.33333332722222225
99,"[(0, 1), (0, 2), (0, 9), (3, 7), (3, 8), (3, 9), (4, 5), (4, 7), (6, 7)]","[(8, 9), (7, 9), (6, 9), (5, 9), (4, 9), (3, 9), (2, 9), (1, 9), (0, 9)]",0.12499999484375018
92,"[(0, 1), (0, 2), (0, 8), (3, 7), (3, 8), (4, 7), (5, 6), (5, 7)]","[(1, 2), (4, 5), (7, 8), (6, 8), (4, 8), (3, 8), (1, 8), (0, 8)]",0.14285713765306143
90,"[(0, 6), (1, 5), (1, 6), (2, 5), (3, 4), (3, 5)]","[(5, 6), (4, 6), (3, 6), (2, 6), (1, 6), (0, 6)]",0.19999999460000012
91,"[(0, 2), (0, 6), (1, 2), (3, 5), (3, 6), (4, 5)]","[(1, 2), (3, 4), (5, 6), (0, 2), (3, 6), (0, 6)]",0.5999999938
98,"[(0, 5), (1, 4), (1, 5), (2, 3), (2, 4)]","[(3, 4), (3, 5), (2, 5), (1, 5), (0, 5)]",0.2499999943750001
93,"[(0, 4), (1, 3), (1, 4), (2, 3)]","[(3, 4), (2, 4), (1, 4), (0, 4)]",0.33333332722222225
94,"[(0, 4), (1, 3), (1, 4), (2, 3)]","[(0, 1), (0, 2), (0, 3), (0, 4)]",0.0
95,"[(0, 4), (1, 3), (1, 4), (2, 3)]","[(2, 3), (1, 3), (1, 4), (0, 4)]",0.6666666594444445
96,"[(0, 4), (1, 3), (1, 4), (2, 3)]","[(0, 1), (0, 2), (0, 3), (0, 4)]",0.0
97,"[(0, 1), (0, 4), (2, 3), (2, 4)]","[(0, 1), (3, 4), (2, 4), (0, 4)]",0.33333332722222225
107,"[(0, 8), (1, 7), (1, 8), (2, 3), (2, 7), (4, 7), (5, 6), (5, 7)]","[(1, 2), (6, 7), (1, 3), (5, 7), (0, 3), (0, 4), (0, 7), (0, 8)]",0.0
100,"[(0, 1), (0, 2), (0, 7), (3, 6), (3, 7), (4, 6), (5, 6)]","[(6, 7), (5, 7), (4, 7), (3, 7), (2, 7), (1, 7), (0, 7)]",0.16666666138888903
101,"[(0, 6), (1, 3), (1, 5), (1, 6), (2, 3), (4, 5)]","[(0, 1), (2, 3), (4, 5), (0, 3), (0, 5), (0, 6)]",0.19999999460000012
105,"[(0, 1), (0, 2), (0, 6), (3, 5), (3, 6), (4, 5)]","[(1, 2), (1, 3), (0, 3), (0, 4), (0, 5), (0, 6)]",0.0
103,"[(0, 5), (1, 4), (1, 5), (2, 4), (3, 4)]","[(2, 3), (1, 3), (1, 4), (1, 5), (0, 5)]",0.4999999937500001
104,"[(0, 5), (1, 4), (1, 5), (2, 4), (3, 4)]","[(0, 1), (4, 5), (3, 5), (2, 5), (0, 5)]",0.0
102,"[(0, 4), (1, 3), (1, 4), (2, 3)]","[(2, 3), (1, 3), (0, 3), (0, 4)]",0.33333332722222225
108,"[(0, 4), (1, 3), (1, 4), (2, 3)]","[(0, 1), (2, 3), (0, 3), (0, 4)]",0.0
109,"[(0, 4), (1, 3), (1, 4), (2, 3)]","[(1, 2), (1, 3), (0, 3), (0, 4)]",0.33333332722222225
106,"[(0, 3), (1, 2), (1, 3)]","[(1, 2), (1, 3), (0, 3)]",0.4999999925000001
112,"[(0, 7), (1, 6), (1, 7), (2, 6), (3, 6), (4, 6), (5, 6)]","[(2, 3), (1, 3), (1, 4), (0, 4), (0, 5), (0, 6), (0, 7)]",0.0
115,"[(0, 1), (0, 2), (0, 6), (3, 5), (3, 6), (4, 5)]","[(0, 1), (4, 5), (3, 5), (3, 6), (2, 6), (0, 6)]",0.5999999938
116,"[(0, 6), (1, 5), (1, 6), (2, 5), (3, 5), (4, 5)]","[(1, 2), (0, 2), (0, 3), (0, 4), (0, 5), (0, 6)]",0.0
111,"[(0, 2), (0, 5), (1, 2), (3, 4), (3, 5)]","[(0, 1), (0, 2), (0, 3), (0, 4), (0, 5)]",0.2499999943750001
118,"[(0, 2), (0, 5), (1, 2), (3, 4), (3, 5)]","[(0, 1), (0, 2), (0, 3), (0, 4), (0, 5)]",0.2499999943750001
119,"[(0, 1), (0, 2), (0, 5), (3, 4), (3, 5)]","[(0, 1), (2, 3), (4, 5), (2, 5), (0, 5)]",0.2499999943750001
110,"[(0, 4), (1, 3), (1, 4), (2, 3)]","[(0, 1), (3, 4), (2, 4), (0, 4)]",0.0
113,"[(0, 4), (1, 3), (1, 4), (2, 3)]","[(0, 1), (3, 4), (0, 2), (0, 4)]",0.0
117,"[(0, 4), (1, 3), (1, 4), (2, 3)]","[(1, 2), (3, 4), (0, 2), (0, 4)]",0.0
114,"[(0, 3), (1, 2), (1, 3)]","[(0, 1), (2, 3), (0, 3)]",0.0
122,"[(0, 7), (1, 3), (1, 7), (2, 3), (4, 6), (4, 7), (5, 6)]","[(0, 1), (0, 2), (0, 3), (0, 4), (0, 5), (0, 6), (0, 7)]",0.0
128,"[(0, 1), (0, 2), (0, 7), (3, 6), (3, 7), (4, 6), (5, 6)]","[(1, 2), (3, 4), (6, 7), (3, 5), (1, 5), (1, 7), (0, 7)]",0.0
120,"[(0, 1), (0, 2), (0, 6), (3, 5), (3, 6), (4, 5)]","[(1, 2), (3, 4), (5, 6), (3, 6), (1, 6), (0, 6)]",0.19999999460000012
121,"[(0, 1), (0, 2), (0, 6), (3, 5), (3, 6), (4, 5)]","[(1, 2), (3, 4), (5, 6), (0, 2), (3, 6), (0, 6)]",0.39999999420000004
126,"[(0, 1), (0, 6), (2, 5), (2, 6), (3, 4), (3, 5)]","[(1, 2), (5, 6), (0, 2), (4, 6), (3, 6), (0, 6)]",0.0
125,"[(0, 5), (1, 3), (1, 4), (1, 5), (2, 3)]","[(1, 2), (3, 4), (1, 4), (1, 5), (0, 5)]",0.4999999937500001
123,"[(0, 4), (1, 3), (1, 4), (2, 3)]","[(0, 1), (0, 2), (0, 3), (0, 4)]",0.0
124,"[(0, 4), (1, 3), (1, 4), (2, 3)]","[(1, 2), (3, 4), (0, 2), (0, 4)]",0.0
129,"[(0, 4), (1, 3), (1, 4), (2, 3)]","[(0, 1), (3, 4), (2, 4), (0, 4)]",0.0
127,"[(0, 3), (1, 2), (1, 3)]","[(0, 1), (2, 3), (0, 3)]",0.0
132,"[(0, 1), (0, 8), (2, 7), (2, 8), (3, 4), (3, 7), (5, 6), (5, 7)]","[(2, 3), (2, 4), (1, 4), (0, 4), (0, 5), (0, 6), (0, 7), (0, 8)]",0.0
131,"[(0, 7), (1, 6), (1, 7), (2, 4), (2, 6), (3, 4), (5, 6)]","[(6, 7), (5, 7), (4, 7), (3, 7), (2, 7), (1, 7), (0, 7)]",0.16666666138888903
133,"[(0, 6), (1, 4), (1, 5), (1, 6), (2, 3), (2, 4)]","[(0, 1), (2, 3), (4, 5), (0, 3), (0, 5), (0, 6)]",0.19999999460000012
135,"[(0, 2), (0, 6), (1, 2), (3, 5), (3, 6), (4, 5)]","[(1, 2), (1, 3), (0, 3), (0, 4), (0, 5), (0, 6)]",0.19999999460000012
130,"[(0, 4), (1, 3), (1, 4), (2, 3)]","[(3, 4), (2, 4), (1, 4), (0, 4)]",0.33333332722222225
134,"[(0, 4), (1, 3), (1, 4), (2, 3)]","[(0, 1), (2, 3), (0, 3), (0, 4)]",0.0
137,"[(0, 4), (1, 3), (1, 4), (2, 3)]","[(0, 1), (0, 2), (0, 3), (0, 4)]",0.0
138,"[(0, 4), (1, 3), (1, 4), (2, 3)]","[(0, 1), (3, 4), (2, 4), (0, 4)]",0.0
139,"[(0, 4), (1, 3), (1, 4), (2, 3)]","[(3, 4), (2, 4), (1, 4), (0, 4)]",0.33333332722222225
136,"[(0, 3), (1, 2), (1, 3)]","[(2, 3), (1, 3), (0, 3)]",0.0
147,"[(0, 6), (1, 2), (1, 5), (1, 6), (3, 5), (4, 5)]","[(3, 4), (2, 4), (1, 4), (1, 5), (0, 5), (0, 6)]",0.19999999460000012
141,"[(0, 1), (0, 5), (2, 4), (2, 5), (3, 4)]","[(3, 4), (2, 4), (1, 4), (0, 4), (0, 5)]",0.2499999943750001
142,"[(0, 3), (0, 5), (1, 3), (2, 3), (4, 5)]","[(4, 5), (3, 5), (2, 5), (1, 5), (0, 5)]",0.0
140,"[(0, 4), (1, 3), (1, 4), (2, 3)]","[(0, 1), (0, 2), (0, 3), (0, 4)]",0.0
143,"[(0, 1), (0, 4), (2, 3), (2, 4)]","[(3, 4), (2, 4), (1, 4), (0, 4)]",0.0
144,"[(0, 4), (1, 3), (1, 4), (2, 3)]","[(3, 4), (2, 4), (1, 4), (0, 4)]",0.33333332722222225
145,"[(0, 4), (1, 3), (1, 4), (2, 3)]","[(1, 2), (3, 4), (1, 4), (0, 4)]",0.33333332722222225
146,"[(0, 4), (1, 3), (1, 4), (2, 3)]","[(0, 1), (3, 4), (2, 4), (0, 4)]",0.0
148,"[(0, 4), (1, 3), (1, 4), (2, 3)]","[(0, 1), (2, 3), (0, 3), (0, 4)]",0.0
149,"[(0, 4), (1, 3), (1, 4), (2, 3)]","[(1, 2), (1, 3), (1, 4), (0, 4)]",0.6666666594444445
151,"[(0, 10), (1, 9), (1, 10), (2, 9), (3, 4), (3, 9), (5, 6), (5, 7), (5, 9), (8, 9)]","[(2, 3), (4, 5), (6, 7), (9, 10), (2, 5), (2, 7), (1, 7), (0, 7), (0, 8), (0, 10)]",0.0
153,"[(0, 1), (0, 2), (0, 10), (3, 9), (3, 10), (4, 6), (4, 9), (5, 6), (7, 8), (7, 9)]","[(0, 1), (2, 3), (4, 5), (7, 8), (9, 10), (4, 6), (0, 3), (0, 6), (0, 8), (0, 10)]",0.333333327962963
152,"[(0, 7), (1, 6), (1, 7), (2, 6), (3, 6), (4, 5), (4, 6)]","[(0, 1), (2, 3), (4, 5), (6, 7), (4, 7), (2, 7), (0, 7)]",0.16666666138888903
155,"[(0, 1), (0, 2), (0, 7), (3, 6), (3, 7), (4, 6), (5, 6)]","[(6, 7), (5, 7), (4, 7), (3, 7), (2, 7), (1, 7), (0, 7)]",0.16666666138888903
154,"[(0, 2), (0, 6), (1, 2), (3, 5), (3, 6), (4, 5)]","[(1, 2), (4, 5), (1, 3), (1, 5), (0, 5), (0, 6)]",0.19999999460000012
157,"[(0, 6), (1, 2), (1, 5), (1, 6), (3, 5), (4, 5)]","[(5, 6), (4, 6), (3, 6), (2, 6), (1, 6), (0, 6)]",0.19999999460000012
159,"[(0, 2), (0, 6), (1, 2), (3, 5), (3, 6), (4, 5)]","[(0, 1), (2, 3), (5, 6), (4, 6), (0, 3), (0, 6)]",0.0
158,"[(0, 5), (1, 4), (1, 5), (2, 3), (2, 4)]","[(0, 1), (0, 2), (0, 3), (0, 4), (0, 5)]",0.0
150,"[(0, 4), (1, 3), (1, 4), (2, 3)]","[(1, 2), (3, 4), (1, 4), (0, 4)]",0.33333332722222225
156,"[(0, 4), (1, 2), (1, 3), (1, 4)]","[(0, 1), (2, 3), (0, 3), (0, 4)]",0.0
162,"[(0, 7), (1, 6), (1, 7), (2, 6), (3, 4), (3, 6), (5, 6)]","[(0, 1), (3, 4), (6, 7), (0, 2), (3, 5), (3, 7), (0, 7)]",0.16666666138888903
164,"[(0, 7), (1, 6), (1, 7), (2, 6), (3, 5), (3, 6), (4, 5)]","[(6, 7), (5, 7), (4, 7), (3, 7), (2, 7), (1, 7), (0, 7)]",0.16666666138888903
166,"[(0, 6), (1, 5), (1, 6), (2, 5), (3, 5), (4, 5)]","[(3, 4), (2, 4), (2, 5), (1, 5), (1, 6), (0, 6)]",0.5999999938
167,"[(0, 6), (1, 5), (1, 6), (2, 5), (3, 4), (3, 5)]","[(0, 1), (2, 3), (2, 4), (2, 5), (0, 5), (0, 6)]",0.19999999460000012
168,"[(0, 2), (0, 6), (1, 2), (3, 5), (3, 6), (4, 5)]","[(2, 3), (2, 4), (1, 4), (1, 5), (1, 6), (0, 6)]",0.0
160,"[(0, 5), (1, 4), (1, 5), (2, 4), (3, 4)]","[(4, 5), (3, 5), (2, 5), (1, 5), (0, 5)]",0.2499999943750001
161,"[(0, 5), (1, 4), (1, 5), (2, 4), (3, 4)]","[(2, 3), (1, 3), (1, 4), (0, 4), (0, 5)]",0.2499999943750001
163,"[(0, 5), (1, 4), (1, 5), (2, 4), (3, 4)]","[(2, 3), (1, 3), (1, 4), (1, 5), (0, 5)]",0.4999999937500001
165,"[(0, 5), (1, 4), (1, 5), (2, 3), (2, 4)]","[(0, 1), (2, 3), (4, 5), (2, 5), (0, 5)]",0.2499999943750001
169,"[(0, 4), (1, 3), (1, 4), (2, 3)]","[(3, 4), (2, 4), (1, 4), (0, 4)]",0.33333332722222225
171,"[(0, 7), (1, 6), (1, 7), (2, 3), (2, 6), (4, 5), (4, 6)]","[(0, 1), (2, 3), (4, 5), (6, 7), (0, 3), (0, 5), (0, 7)]",0.3333333277777778
176,"[(0, 7), (1, 6), (1, 7), (2, 6), (3, 6), (4, 5), (4, 6)]","[(2, 3), (6, 7), (1, 3), (5, 7), (1, 4), (1, 7), (0, 7)]",0.16666666138888903
177,"[(0, 7), (1, 6), (1, 7), (2, 6), (3, 6), (4, 5), (4, 6)]","[(0, 1), (3, 4), (5, 6), (0, 2), (3, 6), (0, 6), (0, 7)]",0.16666666138888903
179,"[(0, 2), (0, 7), (1, 2), (3, 6), (3, 7), (4, 6), (5, 6)]","[(1, 2), (1, 3), (1, 4), (1, 5), (1, 6), (0, 6), (0, 7)]",0.16666666138888903
170,"[(0, 2), (0, 5), (1, 2), (3, 4), (3, 5)]","[(2, 3), (1, 3), (1, 4), (0, 4), (0, 5)]",0.0
172,"[(0, 1), (0, 5), (2, 4), (2, 5), (3, 4)]","[(0, 1), (0, 2), (0, 3), (0, 4), (0, 5)]",0.2499999943750001
173,"[(0, 5), (1, 2), (1, 4), (1, 5), (3, 4)]","[(4, 5), (3, 5), (2, 5), (1, 5), (0, 5)]",0.2499999943750001
174,"[(0, 4), (1, 3), (1, 4), (2, 3)]","[(2, 3), (1, 3), (0, 3), (0, 4)]",0.33333332722222225
175,"[(0, 4), (1, 3), (1, 4), (2, 3)]","[(3, 4), (2, 4), (1, 4), (0, 4)]",0.33333332722222225
178,"[(0, 4), (1, 3), (1, 4), (2, 3)]","[(1, 2), (1, 3), (1, 4), (0, 4)]",0.6666666594444445
180,"[(0, 9), (1, 8), (1, 9), (2, 8), (3, 8), (4, 8), (5, 6), (5, 8), (7, 8)]","[(0, 1), (4, 5), (8, 9), (0, 2), (4, 6), (3, 6), (3, 7), (0, 7), (0, 9)]",0.0
186,"[(0, 2), (0, 9), (1, 2), (3, 8), (3, 9), (4, 8), (5, 6), (5, 8), (7, 8)]","[(2, 3), (6, 7), (2, 4), (2, 5), (2, 7), (2, 8), (1, 8), (1, 9), (0, 9)]",0.0
189,"[(0, 1), (0, 2), (0, 8), (3, 7), (3, 8), (4, 6), (4, 7), (5, 6)]","[(3, 4), (3, 5), (2, 5), (2, 6), (1, 6), (1, 7), (0, 7), (0, 8)]",0.0
182,"[(0, 1), (0, 3), (0, 7), (2, 3), (4, 6), (4, 7), (5, 6)]","[(1, 2), (0, 2), (0, 3), (0, 4), (0, 5), (0, 6), (0, 7)]",0.16666666138888903
181,"[(0, 6), (1, 3), (1, 5), (1, 6), (2, 3), (4, 5)]","[(0, 1), (0, 2), (0, 3), (0, 4), (0, 5), (0, 6)]",0.0
183,"[(0, 5), (1, 2), (1, 4), (1, 5), (3, 4)]","[(0, 1), (3, 4), (2, 4), (0, 4), (0, 5)]",0.0
184,"[(0, 5), (1, 4), (1, 5), (2, 4), (3, 4)]","[(0, 1), (2, 3), (4, 5), (0, 3), (0, 5)]",0.0
188,"[(0, 2), (0, 5), (1, 2), (3, 4), (3, 5)]","[(3, 4), (2, 4), (1, 4), (0, 4), (0, 5)]",0.2499999943750001
187,"[(0, 4), (1, 3), (1, 4), (2, 3)]","[(1, 2), (3, 4), (0, 2), (0, 4)]",0.0
185,"[(0, 3), (1, 2), (1, 3)]","[(0, 1), (0, 2), (0, 3)]",0.0
191,"[(0, 2), (0, 8), (1, 2), (3, 7), (3, 8), (4, 7), (5, 6), (5, 7)]","[(1, 2), (3, 4), (1, 4), (1, 5), (1, 6), (0, 6), (0, 7), (0, 8)]",0.14285713765306143
197,"[(0, 7), (1, 6), (1, 7), (2, 6), (3, 4), (3, 6), (5, 6)]","[(3, 4), (3, 5), (2, 5), (2, 6), (1, 6), (1, 7), (0, 7)]",0.6666666605555556
192,"[(0, 6), (1, 5), (1, 6), (2, 5), (3, 4), (3, 5)]","[(0, 1), (4, 5), (3, 5), (3, 6), (2, 6), (0, 6)]",0.0
195,"[(0, 6), (1, 5), (1, 6), (2, 5), (3, 5), (4, 5)]","[(5, 6), (4, 6), (3, 6), (2, 6), (1, 6), (0, 6)]",0.19999999460000012
196,"[(0, 6), (1, 5), (1, 6), (2, 5), (3, 4), (3, 5)]","[(1, 2), (3, 4), (0, 2), (3, 5), (3, 6), (0, 6)]",0.19999999460000012
198,"[(0, 6), (1, 5), (1, 6), (2, 5), (3, 4), (3, 5)]","[(0, 1), (0, 2), (0, 3), (0, 4), (0, 5), (0, 6)]",0.0
199,"[(0, 5), (1, 4), (1, 5), (2, 3), (2, 4)]","[(2, 3), (2, 4), (2, 5), (1, 5), (0, 5)]",0.4999999937500001
190,"[(0, 4), (1, 3), (1, 4), (2, 3)]","[(1, 2), (0, 2), (0, 3), (0, 4)]",0.0
194,"[(0, 4), (1, 3), (1, 4), (2, 3)]","[(0, 1), (0, 2), (0, 3), (0, 4)]",0.0
193,"[(0, 3), (1, 2), (1, 3)]","[(0, 1), (2, 3), (0, 3)]",0.0
203,"[(0, 11), (1, 10), (1, 11), (2, 10), (3, 4), (3, 5), (3, 10), (6, 10), (7, 10), (8, 9), (8, 10)]","[(0, 1), (0, 2), (0, 3), (0, 4), (0, 5), (0, 6), (0, 7), (0, 8), (0, 9), (0, 10), (0, 11)]",0.0
208,"[(0, 8), (1, 2), (1, 8), (3, 8), (4, 7), (4, 8), (5, 7), (6, 7)]","[(7, 8), (6, 8), (5, 8), (4, 8), (3, 8), (2, 8), (1, 8), (0, 8)]",0.42857142295918377
206,"[(0, 7), (1, 2), (1, 6), (1, 7), (3, 6), (4, 6), (5, 6)]","[(0, 1), (2, 3), (5, 6), (5, 7), (0, 3), (0, 4), (0, 7)]",0.0
200,"[(0, 6), (1, 5), (1, 6), (2, 5), (3, 4), (3, 5)]","[(0, 1), (4, 5), (0, 2), (3, 5), (3, 6), (0, 6)]",0.0
201,"[(0, 2), (0, 6), (1, 2), (3, 5), (3, 6), (4, 5)]","[(0, 1), (0, 2), (0, 3), (0, 4), (0, 5), (0, 6)]",0.19999999460000012
202,"[(0, 6), (1, 5), (1, 6), (2, 3), (2, 5), (4, 5)]","[(2, 3), (2, 4), (1, 4), (1, 5), (0, 5), (0, 6)]",0.39999999420000004
204,"[(0, 6), (1, 5), (1, 6), (2, 5), (3, 4), (3, 5)]","[(1, 2), (3, 4), (5, 6), (3, 6), (1, 6), (0, 6)]",0.39999999420000004
209,"[(0, 6), (1, 5), (1, 6), (2, 5), (3, 4), (3, 5)]","[(5, 6), (4, 6), (3, 6), (2, 6), (1, 6), (0, 6)]",0.19999999460000012
207,"[(0, 5), (1, 2), (1, 4), (1, 5), (3, 4)]","[(2, 3), (4, 5), (2, 5), (1, 5), (0, 5)]",0.2499999943750001
205,"[(0, 3), (1, 2), (1, 3)]","[(2, 3), (1, 3), (0, 3)]",0.0
213,"[(0, 7), (1, 6), (1, 7), (2, 5), (2, 6), (3, 5), (4, 5)]","[(0, 1), (2, 3), (4, 5), (6, 7), (4, 7), (2, 7), (0, 7)]",0.0
211,"[(0, 6), (1, 5), (1, 6), (2, 5), (3, 4), (3, 5)]","[(5, 6), (4, 6), (3, 6), (2, 6), (1, 6), (0, 6)]",0.19999999460000012
212,"[(0, 2), (0, 6), (1, 2), (3, 5), (3, 6), (4, 5)]","[(0, 1), (2, 3), (4, 5), (2, 5), (0, 5), (0, 6)]",0.0
215,"[(0, 1), (0, 2), (0, 6), (3, 5), (3, 6), (4, 5)]","[(2, 3), (5, 6), (1, 3), (1, 4), (0, 4), (0, 6)]",0.0
216,"[(0, 6), (1, 5), (1, 6), (2, 5), (3, 4), (3, 5)]","[(0, 1), (3, 4), (3, 5), (3, 6), (2, 6), (0, 6)]",0.19999999460000012
217,"[(0, 6), (1, 5), (1, 6), (2, 5), (3, 5), (4, 5)]","[(1, 2), (5, 6), (1, 3), (1, 4), (1, 6), (0, 6)]",0.19999999460000012
214,"[(0, 5), (1, 4), (1, 5), (2, 4), (3, 4)]","[(0, 1), (2, 3), (4, 5), (0, 3), (0, 5)]",0.0
218,"[(0, 5), (1, 4), (1, 5), (2, 3), (2, 4)]","[(1, 2), (4, 5), (0, 2), (3, 5), (0, 5)]",0.0
219,"[(0, 5), (1, 4), (1, 5), (2, 4), (3, 4)]","[(4, 5), (3, 5), (2, 5), (1, 5), (0, 5)]",0.2499999943750001
210,"[(0, 4), (1, 3), (1, 4), (2, 3)]","[(1, 2), (3, 4), (1, 4), (0, 4)]",0.33333332722222225
225,"[(0, 2), (0, 6), (1, 2), (3, 5), (3, 6), (4, 5)]","[(0, 1), (3, 4), (0, 2), (3, 5), (0, 5), (0, 6)]",0.39999999420000004
228,"[(0, 6), (1, 5), (1, 6), (2, 3), (2, 5), (4, 5)]","[(1, 2), (4, 5), (1, 3), (4, 6), (0, 3), (0, 6)]",0.0
221,"[(0, 1), (0, 5), (2, 4), (2, 5), (3, 4)]","[(2, 3), (1, 3), (0, 3), (0, 4), (0, 5)]",0.0
223,"[(0, 5), (1, 4), (1, 5), (2, 4), (3, 4)]","[(0, 1), (2, 3), (4, 5), (2, 5), (0, 5)]",0.0
229,"[(0, 5), (1, 2), (1, 4), (1, 5), (3, 4)]","[(0, 1), (2, 3), (4, 5), (2, 5), (0, 5)]",0.0
220,"[(0, 4), (1, 3), (1, 4), (2, 3)]","[(0, 1), (0, 2), (0, 3), (0, 4)]",0.0
222,"[(0, 4), (1, 3), (1, 4), (2, 3)]","[(0, 1), (0, 2), (0, 3), (0, 4)]",0.0
224,"[(0, 4), (1, 3), (1, 4), (2, 3)]","[(0, 1), (3, 4), (2, 4), (0, 4)]",0.0
227,"[(0, 1), (0, 4), (2, 3), (2, 4)]","[(1, 2), (3, 4), (0, 2), (0, 4)]",0.0
226,"[(0, 3), (1, 2), (1, 3)]","[(0, 1), (2, 3), (0, 3)]",0.0
239,"[(0, 1), (0, 2), (0, 9), (3, 8), (3, 9), (4, 8), (5, 7), (5, 8), (6, 7)]","[(0, 1), (3, 4), (6, 7), (8, 9), (2, 4), (5, 7), (0, 4), (0, 7), (0, 9)]",0.24999999468750006
231,"[(0, 2), (0, 6), (1, 2), (3, 5), (3, 6), (4, 5)]","[(5, 6), (4, 6), (3, 6), (2, 6), (1, 6), (0, 6)]",0.19999999460000012
234,"[(0, 6), (1, 5), (1, 6), (2, 4), (2, 5), (3, 4)]","[(1, 2), (3, 4), (5, 6), (1, 4), (1, 6), (0, 6)]",0.19999999460000012
237,"[(0, 2), (0, 6), (1, 2), (3, 5), (3, 6), (4, 5)]","[(2, 3), (2, 4), (2, 5), (1, 5), (1, 6), (0, 6)]",0.0
238,"[(0, 6), (1, 5), (1, 6), (2, 5), (3, 4), (3, 5)]","[(0, 1), (2, 3), (5, 6), (2, 4), (0, 4), (0, 6)]",0.0
235,"[(0, 5), (1, 4), (1, 5), (2, 4), (3, 4)]","[(0, 1), (2, 3), (4, 5), (0, 3), (0, 5)]",0.0
236,"[(0, 1), (0, 5), (2, 4), (2, 5), (3, 4)]","[(3, 4), (2, 4), (1, 4), (0, 4), (0, 5)]",0.2499999943750001
232,"[(0, 4), (1, 2), (1, 3), (1, 4)]","[(0, 1), (0, 2), (0, 3), (0, 4)]",0.0
233,"[(0, 4), (1, 3), (1, 4), (2, 3)]","[(3, 4), (2, 4), (1, 4), (0, 4)]",0.33333332722222225
230,"[(0, 3), (1, 2), (1, 3)]","[(1, 2), (0, 2), (0, 3)]",0.4999999925000001
243,"[(0, 6), (1, 5), (1, 6), (2, 5), (3, 4), (3, 5)]","[(1, 2), (3, 4), (5, 6), (1, 4), (0, 4), (0, 6)]",0.19999999460000012
244,"[(0, 6), (1, 5), (1, 6), (2, 5), (3, 4), (3, 5)]","[(1, 2), (5, 6), (0, 2), (4, 6), (3, 6), (0, 6)]",0.0
246,"[(0, 6), (1, 5), (1, 6), (2, 5), (3, 4), (3, 5)]","[(0, 1), (2, 3), (5, 6), (4, 6), (0, 3), (0, 6)]",0.0
240,"[(0, 5), (1, 3), (1, 4), (1, 5), (2, 3)]","[(0, 1), (0, 2), (0, 3), (0, 4), (0, 5)]",0.0
241,"[(0, 5), (1, 4), (1, 5), (2, 3), (2, 4)]","[(4, 5), (3, 5), (2, 5), (1, 5), (0, 5)]",0.2499999943750001
242,"[(0, 5), (1, 4), (1, 5), (2, 4), (3, 4)]","[(0, 1), (2, 3), (4, 5), (0, 3), (0, 5)]",0.0
245,"[(0, 5), (1, 4), (1, 5), (2, 4), (3, 4)]","[(0, 1), (2, 3), (4, 5), (2, 5), (0, 5)]",0.0
247,"[(0, 5), (1, 4), (1, 5), (2, 4), (3, 4)]","[(4, 5), (3, 5), (2, 5), (1, 5), (0, 5)]",0.2499999943750001
249,"[(0, 5), (1, 4), (1, 5), (2, 3), (2, 4)]","[(0, 1), (0, 2), (0, 3), (0, 4), (0, 5)]",0.0
248,"[(0, 4), (1, 3), (1, 4), (2, 3)]","[(1, 2), (1, 3), (1, 4), (0, 4)]",0.6666666594444445
251,"[(0, 7), (1, 6), (1, 7), (2, 6), (3, 6), (4, 6), (5, 6)]","[(0, 1), (3, 4), (5, 6), (3, 6), (2, 6), (0, 6), (0, 7)]",0.3333333277777778
256,"[(0, 7), (1, 6), (1, 7), (2, 3), (2, 6), (4, 5), (4, 6)]","[(3, 4), (5, 6), (3, 6), (3, 7), (2, 7), (1, 7), (0, 7)]",0.16666666138888903
252,"[(0, 5), (1, 4), (1, 5), (2, 3), (2, 4)]","[(4, 5), (3, 5), (2, 5), (1, 5), (0, 5)]",0.2499999943750001
253,"[(0, 5), (1, 4), (1, 5), (2, 4), (3, 4)]","[(0, 1), (2, 3), (4, 5), (2, 5), (0, 5)]",0.0
254,"[(0, 1), (0, 5), (2, 4), (2, 5), (3, 4)]","[(3, 4), (2, 4), (1, 4), (1, 5), (0, 5)]",0.2499999943750001
257,"[(0, 5), (1, 4), (1, 5), (2, 3), (2, 4)]","[(0, 1), (0, 2), (0, 3), (0, 4), (0, 5)]",0.0
258,"[(0, 5), (1, 4), (1, 5), (2, 3), (2, 4)]","[(0, 1), (0, 2), (0, 3), (0, 4), (0, 5)]",0.0
250,"[(0, 4), (1, 3), (1, 4), (2, 3)]","[(0, 1), (3, 4), (0, 2), (0, 4)]",0.0
255,"[(0, 4), (1, 3), (1, 4), (2, 3)]","[(2, 3), (1, 3), (0, 3), (0, 4)]",0.33333332722222225
259,"[(0, 4), (1, 3), (1, 4), (2, 3)]","[(3, 4), (2, 4), (1, 4), (0, 4)]",0.33333332722222225
262,"[(0, 1), (0, 2), (0, 10), (3, 9), (3, 10), (4, 9), (5, 7), (5, 8), (5, 9), (6, 7)]","[(5, 6), (5, 7), (4, 7), (4, 8), (3, 8), (2, 8), (2, 9), (1, 9), (1, 10), (0, 10)]",0.11111110598765454
263,"[(0, 6), (1, 5), (1, 6), (2, 5), (3, 4), (3, 5)]","[(1, 2), (3, 4), (5, 6), (0, 2), (0, 4), (0, 6)]",0.19999999460000012
265,"[(0, 6), (1, 3), (1, 5), (1, 6), (2, 3), (4, 5)]","[(2, 3), (5, 6), (1, 3), (4, 6), (0, 3), (0, 6)]",0.39999999420000004
266,"[(0, 2), (0, 6), (1, 2), (3, 5), (3, 6), (4, 5)]","[(1, 2), (3, 4), (5, 6), (1, 4), (1, 6), (0, 6)]",0.19999999460000012
268,"[(0, 6), (1, 5), (1, 6), (2, 5), (3, 4), (3, 5)]","[(0, 1), (3, 4), (0, 2), (3, 5), (3, 6), (0, 6)]",0.19999999460000012
264,"[(0, 5), (1, 3), (1, 4), (1, 5), (2, 3)]","[(0, 1), (2, 3), (4, 5), (0, 3), (0, 5)]",0.0
267,"[(0, 5), (1, 4), (1, 5), (2, 4), (3, 4)]","[(1, 2), (1, 3), (0, 3), (0, 4), (0, 5)]",0.0
261,"[(0, 4), (1, 3), (1, 4), (2, 3)]","[(0, 1), (0, 2), (0, 3), (0, 4)]",0.0
269,"[(0, 4), (1, 3), (1, 4), (2, 3)]","[(1, 2), (1, 3), (1, 4), (0, 4)]",0.6666666594444445
260,"[(0, 3), (1, 2), (1, 3)]","[(0, 1), (0, 2), (0, 3)]",0.0
272,"[(0, 1), (0, 2), (0, 10), (3, 9), (3, 10), (4, 9), (5, 7), (5, 8), (5, 9), (6, 7)]","[(4, 5), (7, 8), (9, 10), (3, 5), (6, 8), (2, 5), (1, 5), (6, 10), (1, 10), (0, 10)]",0.0
274,"[(0, 8), (1, 7), (1, 8), (2, 3), (2, 7), (4, 7), (5, 6), (5, 7)]","[(1, 2), (4, 5), (7, 8), (0, 2), (6, 8), (0, 3), (0, 5), (0, 8)]",0.0
270,"[(0, 7), (1, 4), (1, 6), (1, 7), (2, 4), (3, 4), (5, 6)]","[(6, 7), (5, 7), (4, 7), (3, 7), (2, 7), (1, 7), (0, 7)]",0.16666666138888903
273,"[(0, 6), (1, 5), (1, 6), (2, 5), (3, 4), (3, 5)]","[(0, 1), (3, 4), (5, 6), (3, 6), (2, 6), (0, 6)]",0.19999999460000012
279,"[(0, 6), (1, 5), (1, 6), (2, 5), (3, 4), (3, 5)]","[(0, 1), (2, 3), (5, 6), (4, 6), (2, 6), (0, 6)]",0.0
275,"[(0, 5), (1, 4), (1, 5), (2, 4), (3, 4)]","[(0, 1), (0, 2), (0, 3), (0, 4), (0, 5)]",0.0
271,"[(0, 4), (1, 3), (1, 4), (2, 3)]","[(3, 4), (2, 4), (1, 4), (0, 4)]",0.33333332722222225
276,"[(0, 4), (1, 3), (1, 4), (2, 3)]","[(0, 1), (0, 2), (0, 3), (0, 4)]",0.0
277,"[(0, 4), (1, 3), (1, 4), (2, 3)]","[(0, 1), (3, 4), (2, 4), (0, 4)]",0.0
278,"[(0, 1), (0, 4), (2, 3), (2, 4)]","[(0, 1), (3, 4), (0, 2), (0, 4)]",0.33333332722222225
287,"[(0, 9), (1, 8), (1, 9), (2, 8), (3, 4), (3, 8), (5, 6), (5, 7), (5, 8)]","[(6, 7), (5, 7), (4, 7), (3, 7), (3, 8), (2, 8), (2, 9), (1, 9), (0, 9)]",0.49999999437500003
281,"[(0, 1), (0, 2), (0, 7), (3, 6), (3, 7), (4, 6), (5, 6)]","[(6, 7), (5, 7), (4, 7), (3, 7), (2, 7), (1, 7), (0, 7)]",0.16666666138888903
282,"[(0, 7), (1, 6), (1, 7), (2, 6), (3, 4), (3, 6), (5, 6)]","[(0, 1), (0, 2), (0, 3), (0, 4), (0, 5), (0, 6), (0, 7)]",0.0
284,"[(0, 6), (1, 5), (1, 6), (2, 3), (2, 5), (4, 5)]","[(0, 1), (2, 3), (4, 5), (2, 5), (0, 5), (0, 6)]",0.39999999420000004
286,"[(0, 6), (1, 5), (1, 6), (2, 5), (3, 4), (3, 5)]","[(5, 6), (4, 6), (3, 6), (2, 6), (1, 6), (0, 6)]",0.19999999460000012
288,"[(0, 6), (1, 2), (1, 4), (1, 6), (3, 4), (5, 6)]","[(0, 1), (2, 3), (4, 5), (0, 3), (0, 5), (0, 6)]",0.0
283,"[(0, 5), (1, 4), (1, 5), (2, 4), (3, 4)]","[(4, 5), (3, 5), (2, 5), (1, 5), (0, 5)]",0.2499999943750001
280,"[(0, 4), (1, 3), (1, 4), (2, 3)]","[(0, 1), (0, 2), (0, 3), (0, 4)]",0.0
285,"[(0, 4), (1, 3), (1, 4), (2, 3)]","[(2, 3), (1, 3), (1, 4), (0, 4)]",0.6666666594444445
289,"[(0, 4), (1, 2), (1, 3), (1, 4)]","[(2, 3), (1, 3), (1, 4), (0, 4)]",0.33333332722222225
299,"[(0, 2), (0, 3), (0, 7), (1, 2), (4, 6), (4, 7), (5, 6)]","[(1, 2), (3, 4), (5, 6), (1, 4), (1, 6), (0, 6), (0, 7)]",0.16666666138888903
294,"[(0, 6), (1, 5), (1, 6), (2, 3), (2, 5), (4, 5)]","[(0, 1), (2, 3), (5, 6), (4, 6), (0, 3), (0, 6)]",0.19999999460000012
297,"[(0, 6), (1, 5), (1, 6), (2, 5), (3, 4), (3, 5)]","[(0, 1), (5, 6), (0, 2), (0, 3), (0, 4), (0, 6)]",0.0
293,"[(0, 5), (1, 4), (1, 5), (2, 4), (3, 4)]","[(4, 5), (3, 5), (2, 5), (1, 5), (0, 5)]",0.2499999943750001
298,"[(0, 5), (1, 4), (1, 5), (2, 4), (3, 4)]","[(0, 1), (0, 2), (0, 3), (0, 4), (0, 5)]",0.0
290,"[(0, 4), (1, 3), (1, 4), (2, 3)]","[(0, 1), (0, 2), (0, 3), (0, 4)]",0.0
291,"[(0, 4), (1, 3), (1, 4), (2, 3)]","[(1, 2), (3, 4), (1, 4), (0, 4)]",0.33333332722222225
292,"[(0, 1), (0, 4), (2, 3), (2, 4)]","[(0, 1), (2, 3), (0, 3), (0, 4)]",0.6666666594444445
295,"[(0, 4), (1, 3), (1, 4), (2, 3)]","[(0, 1), (2, 3), (2, 4), (0, 4)]",0.0
296,"[(0, 4), (1, 3), (1, 4), (2, 3)]","[(3, 4), (2, 4), (1, 4), (0, 4)]",0.33333332722222225
308,"[(0, 2), (0, 7), (1, 2), (3, 6), (3, 7), (4, 5), (4, 6)]","[(0, 1), (0, 2), (0, 3), (0, 4), (0, 5), (0, 6), (0, 7)]",0.16666666138888903
300,"[(0, 6), (1, 5), (1, 6), (2, 5), (3, 5), (4, 5)]","[(1, 2), (3, 4), (5, 6), (3, 6), (1, 6), (0, 6)]",0.19999999460000012
303,"[(0, 6), (1, 5), (1, 6), (2, 5), (3, 4), (3, 5)]","[(0, 1), (5, 6), (0, 2), (4, 6), (0, 3), (0, 6)]",0.0
307,"[(0, 6), (1, 5), (1, 6), (2, 3), (2, 4), (2, 5)]","[(5, 6), (4, 6), (3, 6), (2, 6), (1, 6), (0, 6)]",0.19999999460000012
304,"[(0, 5), (1, 4), (1, 5), (2, 4), (3, 4)]","[(0, 1), (0, 2), (0, 3), (0, 4), (0, 5)]",0.0
306,"[(0, 5), (1, 4), (1, 5), (2, 4), (3, 4)]","[(3, 4), (2, 4), (1, 4), (0, 4), (0, 5)]",0.4999999937500001
309,"[(0, 5), (1, 4), (1, 5), (2, 4), (3, 4)]","[(0, 1), (4, 5), (0, 2), (0, 3), (0, 5)]",0.0
301,"[(0, 4), (1, 3), (1, 4), (2, 3)]","[(0, 1), (3, 4), (2, 4), (0, 4)]",0.0
305,"[(0, 4), (1, 3), (1, 4), (2, 3)]","[(1, 2), (1, 3), (1, 4), (0, 4)]",0.6666666594444445
302,"[(0, 3), (1, 2), (1, 3)]","[(1, 2), (1, 3), (0, 3)]",0.4999999925000001
319,"[(0, 1), (0, 9), (2, 8), (2, 9), (3, 4), (3, 8), (5, 7), (5, 8), (6, 7)]","[(0, 1), (0, 2), (0, 3), (0, 4), (0, 5), (0, 6), (0, 7), (0, 8), (0, 9)]",0.12499999484375018
310,"[(0, 6), (1, 5), (1, 6), (2, 5), (3, 5), (4, 5)]","[(0, 1), (3, 4), (5, 6), (2, 4), (0, 4), (0, 6)]",0.0
312,"[(0, 6), (1, 5), (1, 6), (2, 5), (3, 5), (4, 5)]","[(3, 4), (3, 5), (3, 6), (2, 6), (1, 6), (0, 6)]",0.39999999420000004
314,"[(0, 6), (1, 5), (1, 6), (2, 5), (3, 5), (4, 5)]","[(0, 1), (2, 3), (4, 5), (2, 5), (2, 6), (0, 6)]",0.19999999460000012
315,"[(0, 6), (1, 5), (1, 6), (2, 5), (3, 5), (4, 5)]","[(0, 1), (5, 6), (0, 2), (0, 3), (0, 4), (0, 6)]",0.0
311,"[(0, 1), (0, 5), (2, 4), (2, 5), (3, 4)]","[(1, 2), (4, 5), (0, 2), (3, 5), (0, 5)]",0.0
313,"[(0, 5), (1, 4), (1, 5), (2, 4), (3, 4)]","[(0, 1), (4, 5), (0, 2), (0, 3), (0, 5)]",0.0
318,"[(0, 2), (0, 5), (1, 2), (3, 4), (3, 5)]","[(1, 2), (1, 3), (1, 4), (1, 5), (0, 5)]",0.2499999943750001
316,"[(0, 4), (1, 3), (1, 4), (2, 3)]","[(0, 1), (0, 2), (0, 3), (0, 4)]",0.0
317,"[(0, 4), (1, 3), (1, 4), (2, 3)]","[(3, 4), (2, 4), (1, 4), (0, 4)]",0.33333332722222225
326,"[(0, 6), (0, 12), (1, 6), (2, 6), (3, 6), (4, 6), (5, 6), (7, 12), (8, 11), (8, 12), (9, 11), (10, 11)]","[(0, 1), (2, 3), (4, 5), (7, 8), (9, 10), (11, 12), (9, 12), (7, 12), (6, 12), (4, 12), (2, 12), (0, 12)]",0.09090908582644655
328,"[(0, 8), (1, 7), (1, 8), (2, 7), (3, 7), (4, 7), (5, 6), (5, 7)]","[(2, 3), (4, 5), (7, 8), (6, 8), (2, 5), (1, 5), (1, 8), (0, 8)]",0.14285713765306143
322,"[(0, 6), (1, 5), (1, 6), (2, 4), (2, 5), (3, 4)]","[(5, 6), (4, 6), (3, 6), (2, 6), (1, 6), (0, 6)]",0.19999999460000012
324,"[(0, 1), (0, 6), (2, 5), (2, 6), (3, 5), (4, 5)]","[(1, 2), (3, 4), (5, 6), (3, 6), (1, 6), (0, 6)]",0.0
321,"[(0, 5), (1, 4), (1, 5), (2, 4), (3, 4)]","[(4, 5), (3, 5), (2, 5), (1, 5), (0, 5)]",0.2499999943750001
323,"[(0, 5), (1, 2), (1, 4), (1, 5), (3, 4)]","[(0, 1), (0, 2), (0, 3), (0, 4), (0, 5)]",0.0
327,"[(0, 5), (1, 4), (1, 5), (2, 4), (3, 4)]","[(0, 1), (0, 2), (0, 3), (0, 4), (0, 5)]",0.0
325,"[(0, 4), (1, 2), (1, 3), (1, 4)]","[(0, 1), (3, 4), (0, 2), (0, 4)]",0.0
320,"[(0, 3), (1, 2), (1, 3)]","[(2, 3), (1, 3), (0, 3)]",0.0
329,"[(0, 3), (1, 2), (1, 3)]","[(2, 3), (1, 3), (0, 3)]",0.0
336,"[(0, 8), (1, 3), (1, 7), (1, 8), (2, 3), (4, 7), (5, 7), (6, 7)]","[(7, 8), (6, 8), (5, 8), (4, 8), (3, 8), (2, 8), (1, 8), (0, 8)]",0.14285713765306143
338,"[(0, 1), (0, 8), (2, 3), (2, 4), (2, 5), (2, 7), (2, 8), (6, 7)]","[(1, 2), (5, 6), (4, 6), (3, 6), (1, 6), (1, 7), (1, 8), (0, 8)]",0.0
339,"[(0, 8), (1, 2), (1, 8), (3, 7), (3, 8), (4, 7), (5, 7), (6, 7)]","[(0, 1), (0, 2), (0, 3), (0, 4), (0, 5), (0, 6), (0, 7), (0, 8)]",0.0
337,"[(0, 7), (1, 6), (1, 7), (2, 6), (3, 5), (3, 6), (4, 5)]","[(0, 1), (0, 2), (0, 3), (0, 4), (0, 5), (0, 6), (0, 7)]",0.0
331,"[(0, 5), (0, 6), (1, 2), (1, 3), (1, 5), (4, 5)]","[(0, 1), (0, 2), (0, 3), (0, 4), (0, 5), (0, 6)]",0.19999999460000012
332,"[(0, 6), (1, 5), (1, 6), (2, 5), (3, 4), (3, 5)]","[(5, 6), (4, 6), (3, 6), (2, 6), (1, 6), (0, 6)]",0.19999999460000012
335,"[(0, 6), (1, 5), (1, 6), (2, 5), (3, 4), (3, 5)]","[(4, 5), (3, 5), (2, 5), (1, 5), (0, 5), (0, 6)]",0.39999999420000004
334,"[(0, 5), (1, 4), (1, 5), (2, 4), (3, 4)]","[(0, 1), (2, 3), (4, 5), (0, 3), (0, 5)]",0.0
330,"[(0, 4), (1, 3), (1, 4), (2, 3)]","[(0, 1), (0, 2), (0, 3), (0, 4)]",0.0
333,"[(0, 4), (1, 3), (1, 4), (2, 3)]","[(0, 1), (0, 2), (0, 3), (0, 4)]",0.0
343,"[(0, 9), (1, 5), (1, 8), (1, 9), (2, 3), (2, 5), (4, 5), (6, 8), (7, 8)]","[(1, 2), (6, 7), (8, 9), (5, 7), (5, 9), (4, 9), (3, 9), (1, 9), (0, 9)]",0.12499999484375018
342,"[(0, 8), (1, 7), (1, 8), (2, 7), (3, 4), (3, 7), (5, 6), (5, 7)]","[(0, 1), (2, 3), (4, 5), (7, 8), (4, 6), (0, 3), (4, 8), (0, 8)]",0.0
348,"[(0, 6), (1, 2), (1, 5), (1, 6), (3, 5), (4, 5)]","[(5, 6), (4, 6), (3, 6), (2, 6), (1, 6), (0, 6)]",0.19999999460000012
340,"[(0, 5), (1, 4), (1, 5), (2, 4), (3, 4)]","[(2, 3), (1, 3), (0, 3), (0, 4), (0, 5)]",0.0
341,"[(0, 5), (1, 4), (1, 5), (2, 4), (3, 4)]","[(1, 2), (4, 5), (0, 2), (3, 5), (0, 5)]",0.0
344,"[(0, 1), (0, 2), (0, 5), (3, 4), (3, 5)]","[(0, 1), (4, 5), (3, 5), (2, 5), (0, 5)]",0.2499999943750001
347,"[(0, 4), (0, 5), (1, 4), (2, 3), (2, 4)]","[(4, 5), (3, 5), (2, 5), (1, 5), (0, 5)]",0.0
345,"[(0, 1), (0, 4), (2, 3), (2, 4)]","[(1, 2), (1, 3), (1, 4), (0, 4)]",0.0
346,"[(0, 4), (1, 3), (1, 4), (2, 3)]","[(3, 4), (2, 4), (1, 4), (0, 4)]",0.33333332722222225
349,"[(0, 4), (1, 3), (1, 4), (2, 3)]","[(1, 2), (3, 4), (1, 4), (0, 4)]",0.33333332722222225
355,"[(0, 7), (1, 3), (1, 6), (1, 7), (2, 3), (4, 6), (5, 6)]","[(0, 1), (3, 4), (5, 6), (0, 2), (5, 7), (0, 4), (0, 7)]",0.0
354,"[(0, 6), (1, 5), (1, 6), (2, 5), (3, 4), (3, 5)]","[(0, 1), (3, 4), (5, 6), (0, 2), (3, 6), (0, 6)]",0.19999999460000012
356,"[(0, 6), (1, 5), (1, 6), (2, 5), (3, 4), (3, 5)]","[(4, 5), (3, 5), (2, 5), (1, 5), (0, 5), (0, 6)]",0.39999999420000004
358,"[(0, 6), (1, 5), (1, 6), (2, 5), (3, 4), (3, 5)]","[(1, 2), (1, 3), (1, 4), (1, 5), (1, 6), (0, 6)]",0.39999999420000004
352,"[(0, 5), (1, 4), (1, 5), (2, 4), (3, 4)]","[(4, 5), (3, 5), (2, 5), (1, 5), (0, 5)]",0.2499999943750001
357,"[(0, 5), (1, 4), (1, 5), (2, 3), (2, 4)]","[(4, 5), (3, 5), (2, 5), (1, 5), (0, 5)]",0.2499999943750001
350,"[(0, 4), (1, 3), (1, 4), (2, 3)]","[(3, 4), (2, 4), (1, 4), (0, 4)]",0.33333332722222225
351,"[(0, 1), (0, 4), (2, 3), (2, 4)]","[(1, 2), (3, 4), (1, 4), (0, 4)]",0.0
353,"[(0, 4), (1, 3), (1, 4), (2, 3)]","[(1, 2), (3, 4), (1, 4), (0, 4)]",0.33333332722222225
359,"[(0, 4), (1, 3), (1, 4), (2, 3)]","[(0, 1), (0, 2), (0, 3), (0, 4)]",0.0
362,"[(0, 2), (0, 10), (1, 2), (3, 9), (3, 10), (4, 9), (5, 6), (5, 9), (7, 9), (8, 9)]","[(0, 1), (4, 5), (7, 8), (9, 10), (0, 2), (0, 3), (7, 10), (0, 5), (0, 6), (0, 10)]",0.11111110598765454
366,"[(0, 6), (1, 5), (1, 6), (2, 5), (3, 4), (3, 5)]","[(5, 6), (4, 6), (3, 6), (2, 6), (1, 6), (0, 6)]",0.19999999460000012
360,"[(0, 5), (1, 4), (1, 5), (2, 4), (3, 4)]","[(0, 1), (2, 3), (4, 5), (0, 3), (0, 5)]",0.0
367,"[(0, 5), (1, 4), (1, 5), (2, 4), (3, 4)]","[(0, 1), (0, 2), (0, 3), (0, 4), (0, 5)]",0.0
368,"[(0, 5), (1, 3), (1, 4), (1, 5), (2, 3)]","[(0, 1), (0, 2), (0, 3), (0, 4), (0, 5)]",0.0
363,"[(0, 4), (1, 3), (1, 4), (2, 3)]","[(0, 1), (0, 2), (0, 3), (0, 4)]",0.0
364,"[(0, 4), (1, 3), (1, 4), (2, 3)]","[(0, 1), (2, 3), (0, 3), (0, 4)]",0.0
369,"[(0, 4), (1, 3), (1, 4), (2, 3)]","[(1, 2), (1, 3), (1, 4), (0, 4)]",0.6666666594444445
361,"[(0, 3), (1, 2), (1, 3)]","[(2, 3), (1, 3), (0, 3)]",0.0
365,"[(0, 3), (1, 2), (1, 3)]","[(1, 2), (0, 2), (0, 3)]",0.4999999925000001
374,"[(0, 8), (1, 7), (1, 8), (2, 7), (3, 7), (4, 6), (4, 7), (5, 6)]","[(0, 1), (0, 2), (0, 3), (0, 4), (0, 5), (0, 6), (0, 7), (0, 8)]",0.0
376,"[(0, 8), (1, 7), (1, 8), (2, 7), (3, 7), (4, 6), (4, 7), (5, 6)]","[(0, 1), (3, 4), (6, 7), (0, 2), (5, 7), (3, 7), (0, 7), (0, 8)]",0.14285713765306143
370,"[(0, 6), (1, 5), (1, 6), (2, 5), (3, 4), (3, 5)]","[(5, 6), (4, 6), (3, 6), (2, 6), (1, 6), (0, 6)]",0.19999999460000012
372,"[(0, 6), (1, 5), (1, 6), (2, 5), (3, 5), (4, 5)]","[(1, 2), (4, 5), (1, 3), (1, 5), (0, 5), (0, 6)]",0.19999999460000012
373,"[(0, 6), (1, 5), (1, 6), (2, 5), (3, 4), (3, 5)]","[(1, 2), (3, 4), (5, 6), (1, 4), (1, 6), (0, 6)]",0.39999999420000004
377,"[(0, 6), (1, 5), (1, 6), (2, 5), (3, 4), (3, 5)]","[(0, 1), (3, 4), (5, 6), (0, 2), (0, 4), (0, 6)]",0.19999999460000012
379,"[(0, 2), (0, 6), (1, 2), (3, 5), (3, 6), (4, 5)]","[(2, 3), (5, 6), (1, 3), (4, 6), (0, 3), (0, 6)]",0.0
378,"[(0, 2), (0, 5), (1, 2), (3, 4), (3, 5)]","[(0, 1), (4, 5), (3, 5), (2, 5), (0, 5)]",0.0
371,"[(0, 4), (1, 3), (1, 4), (2, 3)]","[(2, 3), (2, 4), (1, 4), (0, 4)]",0.33333332722222225
375,"[(0, 2), (0, 4), (1, 2), (3, 4)]","[(0, 1), (0, 2), (0, 3), (0, 4)]",0.33333332722222225
383,"[(0, 9), (0, 10), (1, 5), (1, 9), (2, 3), (2, 5), (4, 5), (6, 9), (7, 9), (8, 9)]","[(0, 1), (0, 2), (0, 3), (0, 4), (0, 5), (0, 6), (0, 7), (0, 8), (0, 9), (0, 10)]",0.11111110598765454
382,"[(0, 2), (0, 6), (1, 2), (3, 5), (3, 6), (4, 5)]","[(2, 3), (2, 4), (1, 4), (1, 5), (1, 6), (0, 6)]",0.0
384,"[(0, 6), (1, 5), (1, 6), (2, 5), (3, 4), (3, 5)]","[(1, 2), (1, 3), (1, 4), (1, 5), (0, 5), (0, 6)]",0.19999999460000012
385,"[(0, 6), (1, 5), (1, 6), (2, 5), (3, 5), (4, 5)]","[(2, 3), (2, 4), (2, 5), (2, 6), (1, 6), (0, 6)]",0.39999999420000004
388,"[(0, 6), (1, 5), (1, 6), (2, 5), (3, 5), (4, 5)]","[(0, 1), (4, 5), (0, 2), (0, 3), (0, 5), (0, 6)]",0.0
380,"[(0, 5), (1, 4), (1, 5), (2, 4), (3, 4)]","[(0, 1), (2, 3), (4, 5), (0, 3), (0, 5)]",0.0
387,"[(0, 5), (1, 4), (1, 5), (2, 4), (3, 4)]","[(0, 1), (2, 3), (4, 5), (0, 3), (0, 5)]",0.0
389,"[(0, 5), (1, 4), (1, 5), (2, 3), (2, 4)]","[(4, 5), (3, 5), (2, 5), (1, 5), (0, 5)]",0.2499999943750001
381,"[(0, 4), (1, 3), (1, 4), (2, 3)]","[(3, 4), (2, 4), (1, 4), (0, 4)]",0.33333332722222225
386,"[(0, 4), (1, 3), (1, 4), (2, 3)]","[(0, 1), (0, 2), (0, 3), (0, 4)]",0.0
390,"[(0, 7), (1, 2), (1, 6), (1, 7), (3, 6), (4, 6), (5, 6)]","[(0, 1), (2, 3), (4, 5), (6, 7), (4, 7), (2, 7), (0, 7)]",0.0
391,"[(0, 7), (1, 2), (1, 6), (1, 7), (3, 6), (4, 6), (5, 6)]","[(5, 6), (4, 6), (3, 6), (2, 6), (2, 7), (1, 7), (0, 7)]",0.4999999941666667
392,"[(0, 2), (0, 7), (1, 2), (3, 6), (3, 7), (4, 6), (5, 6)]","[(2, 3), (6, 7), (1, 3), (5, 7), (4, 7), (1, 7), (0, 7)]",0.0
397,"[(0, 7), (1, 6), (1, 7), (2, 3), (2, 6), (4, 6), (5, 6)]","[(1, 2), (3, 4), (5, 6), (5, 7), (3, 7), (1, 7), (0, 7)]",0.16666666138888903
399,"[(0, 7), (1, 3), (1, 6), (1, 7), (2, 3), (4, 6), (5, 6)]","[(4, 5), (6, 7), (3, 5), (2, 5), (1, 5), (1, 7), (0, 7)]",0.16666666138888903
396,"[(0, 2), (0, 6), (1, 2), (3, 5), (3, 6), (4, 5)]","[(5, 6), (4, 6), (3, 6), (2, 6), (1, 6), (0, 6)]",0.19999999460000012
398,"[(0, 6), (1, 5), (1, 6), (2, 5), (3, 4), (3, 5)]","[(5, 6), (4, 6), (3, 6), (2, 6), (1, 6), (0, 6)]",0.19999999460000012
393,"[(0, 4), (1, 3), (1, 4), (2, 3)]","[(1, 2), (3, 4), (0, 2), (0, 4)]",0.0
394,"[(0, 4), (1, 3), (1, 4), (2, 3)]","[(1, 2), (0, 2), (0, 3), (0, 4)]",0.0
395,"[(0, 3), (1, 2), (1, 3)]","[(2, 3), (1, 3), (0, 3)]",0.0
403,"[(0, 2), (0, 8), (1, 2), (3, 7), (3, 8), (4, 7), (5, 7), (6, 7)]","[(1, 2), (6, 7), (1, 3), (5, 7), (1, 4), (1, 7), (0, 7), (0, 8)]",0.28571428030612256
404,"[(0, 6), (0, 7), (1, 2), (1, 6), (3, 6), (4, 6), (5, 6)]","[(0, 1), (2, 3), (4, 5), (6, 7), (0, 3), (0, 5), (0, 7)]",0.0
405,"[(0, 7), (1, 6), (1, 7), (2, 6), (3, 6), (4, 6), (5, 6)]","[(0, 1), (2, 3), (4, 5), (4, 6), (2, 6), (2, 7), (0, 7)]",0.3333333277777778
400,"[(0, 6), (1, 3), (1, 5), (1, 6), (2, 3), (4, 5)]","[(0, 1), (0, 2), (0, 3), (0, 4), (0, 5), (0, 6)]",0.0
402,"[(0, 2), (0, 6), (1, 2), (3, 5), (3, 6), (4, 5)]","[(0, 1), (4, 5), (0, 2), (4, 6), (0, 3), (0, 6)]",0.19999999460000012
401,"[(0, 2), (0, 5), (1, 2), (3, 4), (3, 5)]","[(0, 1), (2, 3), (4, 5), (0, 3), (0, 5)]",0.0
406,"[(0, 4), (1, 3), (1, 4), (2, 3)]","[(3, 4), (2, 4), (1, 4), (0, 4)]",0.33333332722222225
407,"[(0, 4), (1, 3), (1, 4), (2, 3)]","[(1, 2), (1, 3), (1, 4), (0, 4)]",0.6666666594444445
408,"[(0, 4), (1, 3), (1, 4), (2, 3)]","[(0, 1), (0, 2), (0, 3), (0, 4)]",0.0
409,"[(0, 4), (1, 3), (1, 4), (2, 3)]","[(3, 4), (2, 4), (1, 4), (0, 4)]",0.33333332722222225
417,"[(0, 8), (1, 7), (1, 8), (2, 3), (2, 7), (4, 7), (5, 7), (6, 7)]","[(1, 2), (1, 3), (1, 4), (0, 4), (0, 5), (0, 6), (0, 7), (0, 8)]",0.0
410,"[(0, 7), (1, 6), (1, 7), (2, 6), (3, 6), (4, 5), (4, 6)]","[(1, 2), (0, 2), (0, 3), (0, 4), (0, 5), (0, 6), (0, 7)]",0.0
412,"[(0, 2), (0, 7), (1, 2), (3, 6), (3, 7), (4, 6), (5, 6)]","[(0, 1), (2, 3), (6, 7), (2, 4), (0, 4), (0, 5), (0, 7)]",0.0
414,"[(0, 7), (1, 6), (1, 7), (2, 6), (3, 6), (4, 6), (5, 6)]","[(0, 1), (2, 3), (4, 5), (6, 7), (4, 7), (2, 7), (0, 7)]",0.0
418,"[(0, 7), (1, 6), (1, 7), (2, 6), (3, 6), (4, 5), (4, 6)]","[(0, 1), (2, 3), (4, 5), (2, 5), (0, 5), (0, 6), (0, 7)]",0.16666666138888903
413,"[(0, 6), (1, 5), (1, 6), (2, 5), (3, 4), (3, 5)]","[(1, 2), (1, 3), (0, 3), (0, 4), (0, 5), (0, 6)]",0.0
416,"[(0, 6), (1, 6), (2, 6), (3, 5), (3, 6), (4, 5)]","[(1, 2), (0, 2), (0, 3), (0, 4), (0, 5), (0, 6)]",0.0
411,"[(0, 5), (1, 3), (1, 5), (2, 3), (4, 5)]","[(0, 1), (0, 2), (0, 3), (0, 4), (0, 5)]",0.0
415,"[(0, 5), (1, 4), (1, 5), (2, 4), (3, 4)]","[(1, 2), (1, 3), (1, 4), (1, 5), (0, 5)]",0.4999999937500001
419,"[(0, 2), (0, 5), (1, 2), (3, 4), (3, 5)]","[(3, 4), (2, 4), (1, 4), (1, 5), (0, 5)]",0.2499999943750001
422,"[(0, 1), (0, 2), (0, 3), (0, 8), (4, 7), (4, 8), (5, 6), (5, 7)]","[(0, 1), (3, 4), (5, 6), (7, 8), (0, 2), (5, 8), (3, 8), (0, 8)]",0.42857142295918377
421,"[(0, 1), (0, 2), (0, 3), (0, 7), (4, 6), (4, 7), (5, 6)]","[(1, 2), (1, 3), (1, 4), (1, 5), (1, 6), (0, 6), (0, 7)]",0.0
426,"[(0, 7), (1, 6), (1, 7), (2, 3), (2, 4), (2, 6), (5, 6)]","[(1, 2), (1, 3), (1, 4), (1, 5), (1, 6), (1, 7), (0, 7)]",0.3333333277777778
424,"[(0, 5), (1, 4), (1, 5), (2, 3), (2, 4)]","[(0, 1), (2, 3), (4, 5), (0, 3), (0, 5)]",0.2499999943750001
429,"[(0, 5), (1, 4), (1, 5), (2, 3), (2, 4)]","[(0, 1), (4, 5), (0, 2), (0, 3), (0, 5)]",0.0
423,"[(0, 4), (1, 3), (1, 4), (2, 3)]","[(2, 3), (1, 3), (0, 3), (0, 4)]",0.33333332722222225
425,"[(0, 4), (1, 3), (1, 4), (2, 3)]","[(2, 3), (2, 4), (1, 4), (0, 4)]",0.33333332722222225
428,"[(0, 4), (1, 3), (1, 4), (2, 3)]","[(2, 3), (1, 3), (1, 4), (0, 4)]",0.6666666594444445
420,"[(0, 3), (1, 2), (1, 3)]","[(0, 1), (0, 2), (0, 3)]",0.0
427,"[(0, 3), (1, 2), (1, 3)]","[(2, 3), (1, 3), (0, 3)]",0.0
431,"[(0, 1), (0, 2), (0, 10), (3, 9), (3, 10), (4, 5), (4, 6), (4, 7), (4, 8), (4, 9)]","[(0, 1), (7, 8), (0, 2), (7, 9), (0, 3), (6, 9), (0, 4), (0, 5), (0, 9), (0, 10)]",0.22222221697530875
433,"[(0, 7), (1, 6), (1, 7), (2, 6), (3, 6), (4, 5), (4, 6)]","[(6, 7), (5, 7), (4, 7), (3, 7), (2, 7), (1, 7), (0, 7)]",0.16666666138888903
435,"[(0, 7), (1, 6), (1, 7), (2, 5), (2, 6), (3, 4), (3, 5)]","[(2, 3), (4, 5), (6, 7), (2, 5), (1, 5), (0, 5), (0, 7)]",0.16666666138888903
439,"[(0, 7), (1, 6), (1, 7), (2, 5), (2, 6), (3, 4), (3, 5)]","[(1, 2), (5, 6), (4, 6), (3, 6), (3, 7), (1, 7), (0, 7)]",0.16666666138888903
430,"[(0, 6), (1, 5), (1, 6), (2, 5), (3, 4), (3, 5)]","[(0, 1), (2, 3), (4, 5), (0, 3), (0, 5), (0, 6)]",0.0
432,"[(0, 6), (1, 5), (1, 6), (2, 5), (3, 4), (3, 5)]","[(4, 5), (3, 5), (2, 5), (1, 5), (0, 5), (0, 6)]",0.39999999420000004
434,"[(0, 2), (0, 6), (1, 2), (3, 4), (3, 5), (3, 6)]","[(0, 1), (0, 2), (0, 3), (0, 4), (0, 5), (0, 6)]",0.19999999460000012
438,"[(0, 6), (1, 5), (1, 6), (2, 5), (3, 4), (3, 5)]","[(1, 2), (3, 4), (5, 6), (3, 6), (1, 6), (0, 6)]",0.39999999420000004
436,"[(0, 5), (1, 4), (1, 5), (2, 4), (3, 4)]","[(0, 1), (3, 4), (2, 4), (0, 4), (0, 5)]",0.2499999943750001
437,"[(0, 4), (1, 3), (1, 4), (2, 3)]","[(1, 2), (3, 4), (1, 4), (0, 4)]",0.33333332722222225
441,"[(0, 8), (1, 7), (1, 8), (2, 7), (3, 4), (3, 7), (5, 6), (5, 7)]","[(2, 3), (1, 3), (0, 3), (0, 4), (0, 5), (0, 6), (0, 7), (0, 8)]",0.0
445,"[(0, 8), (1, 7), (1, 8), (2, 7), (3, 7), (4, 6), (4, 7), (5, 6)]","[(1, 2), (7, 8), (0, 2), (6, 8), (0, 3), (5, 8), (4, 8), (0, 8)]",0.0
446,"[(0, 1), (0, 2), (0, 7), (3, 5), (3, 6), (3, 7), (4, 5)]","[(0, 1), (2, 3), (4, 5), (6, 7), (4, 7), (2, 7), (0, 7)]",0.16666666138888903
442,"[(0, 6), (1, 2), (1, 5), (1, 6), (3, 5), (4, 5)]","[(2, 3), (5, 6), (1, 3), (4, 6), (0, 3), (0, 6)]",0.0
443,"[(0, 6), (1, 3), (1, 4), (1, 6), (2, 3), (5, 6)]","[(0, 1), (0, 2), (0, 3), (0, 4), (0, 5), (0, 6)]",0.0
447,"[(0, 6), (1, 5), (1, 6), (2, 5), (3, 4), (3, 5)]","[(1, 2), (1, 3), (1, 4), (1, 5), (1, 6), (0, 6)]",0.39999999420000004
448,"[(0, 6), (1, 5), (1, 6), (2, 5), (3, 4), (3, 5)]","[(2, 3), (4, 5), (1, 3), (4, 6), (1, 6), (0, 6)]",0.19999999460000012
440,"[(0, 5), (1, 4), (1, 5), (2, 4), (3, 4)]","[(1, 2), (4, 5), (0, 2), (3, 5), (0, 5)]",0.0
444,"[(0, 5), (1, 4), (1, 5), (2, 3), (2, 4)]","[(2, 3), (4, 5), (2, 5), (1, 5), (0, 5)]",0.4999999937500001
449,"[(0, 2), (0, 5), (1, 2), (3, 4), (3, 5)]","[(0, 1), (0, 2), (0, 3), (0, 4), (0, 5)]",0.2499999943750001
457,"[(0, 1), (0, 6), (2, 5), (2, 6), (3, 4), (3, 5)]","[(0, 1), (0, 2), (0, 3), (0, 4), (0, 5), (0, 6)]",0.19999999460000012
450,"[(0, 5), (1, 4), (1, 5), (2, 4), (3, 4)]","[(0, 1), (0, 2), (0, 3), (0, 4), (0, 5)]",0.0
451,"[(0, 5), (1, 4), (1, 5), (2, 3), (2, 4)]","[(0, 1), (0, 2), (0, 3), (0, 4), (0, 5)]",0.0
456,"[(0, 5), (1, 2), (1, 4), (1, 5), (3, 4)]","[(2, 3), (1, 3), (0, 3), (0, 4), (0, 5)]",0.0
458,"[(0, 1), (0, 5), (2, 4), (2, 5), (3, 4)]","[(0, 1), (2, 3), (4, 5), (2, 5), (0, 5)]",0.4999999937500001
459,"[(0, 5), (1, 4), (1, 5), (2, 3), (2, 4)]","[(2, 3), (1, 3), (0, 3), (0, 4), (0, 5)]",0.2499999943750001
452,"[(0, 4), (1, 3), (1, 4), (2, 3)]","[(0, 1), (0, 2), (0, 3), (0, 4)]",0.0
453,"[(0, 1), (0, 4), (2, 3), (2, 4)]","[(1, 2), (3, 4), (1, 4), (0, 4)]",0.0
454,"[(0, 4), (1, 3), (1, 4), (2, 3)]","[(0, 1), (3, 4), (0, 2), (0, 4)]",0.0
455,"[(0, 3), (1, 2), (1, 3)]","[(0, 1), (0, 2), (0, 3)]",0.0
464,"[(0, 1), (0, 2), (0, 10), (3, 9), (3, 10), (4, 7), (4, 9), (5, 6), (5, 7), (8, 9)]","[(9, 10), (8, 10), (7, 10), (6, 10), (5, 10), (4, 10), (3, 10), (2, 10), (1, 10), (0, 10)]",0.11111110598765454
460,"[(0, 7), (1, 6), (1, 7), (2, 6), (3, 6), (4, 6), (5, 6)]","[(6, 7), (5, 7), (4, 7), (3, 7), (2, 7), (1, 7), (0, 7)]",0.16666666138888903
466,"[(0, 7), (1, 6), (1, 7), (2, 3), (2, 6), (4, 5), (4, 6)]","[(3, 4), (3, 5), (2, 5), (1, 5), (1, 6), (1, 7), (0, 7)]",0.3333333277777778
462,"[(0, 6), (1, 5), (1, 6), (2, 5), (3, 4), (3, 5)]","[(0, 1), (2, 3), (5, 6), (2, 4), (2, 6), (0, 6)]",0.0
463,"[(0, 1), (0, 2), (0, 6), (3, 5), (3, 6), (4, 5)]","[(0, 1), (0, 2), (0, 3), (0, 4), (0, 5), (0, 6)]",0.39999999420000004
465,"[(0, 1), (0, 6), (2, 5), (2, 6), (3, 4), (3, 5)]","[(0, 1), (2, 3), (5, 6), (2, 4), (2, 6), (0, 6)]",0.39999999420000004
461,"[(0, 5), (1, 4), (1, 5), (2, 4), (3, 4)]","[(2, 3), (1, 3), (1, 4), (0, 4), (0, 5)]",0.2499999943750001
467,"[(0, 5), (1, 4), (1, 5), (2, 3), (2, 4)]","[(4, 5), (3, 5), (2, 5), (1, 5), (0, 5)]",0.2499999943750001
468,"[(0, 5), (1, 4), (1, 5), (2, 3), (2, 4)]","[(0, 1), (2, 3), (4, 5), (2, 5), (0, 5)]",0.2499999943750001
469,"[(0, 4), (1, 3), (1, 4), (2, 3)]","[(0, 1), (0, 2), (0, 3), (0, 4)]",0.0
479,"[(0, 4), (0, 11), (1, 4), (2, 4), (3, 4), (5, 11), (6, 10), (6, 11), (7, 10), (8, 9), (8, 10)]","[(2, 3), (6, 7), (10, 11), (1, 3), (5, 7), (9, 11), (4, 7), (1, 7), (0, 7), (0, 8), (0, 11)]",0.0
476,"[(0, 7), (1, 6), (1, 7), (2, 6), (3, 4), (3, 5), (3, 6)]","[(0, 1), (3, 4), (0, 2), (0, 4), (0, 5), (0, 6), (0, 7)]",0.16666666138888903
470,"[(0, 6), (1, 5), (1, 6), (2, 5), (3, 4), (3, 5)]","[(0, 1), (3, 4), (5, 6), (2, 4), (0, 4), (0, 6)]",0.19999999460000012
471,"[(0, 1), (0, 6), (2, 5), (2, 6), (3, 4), (3, 5)]","[(3, 4), (5, 6), (2, 4), (1, 4), (1, 6), (0, 6)]",0.19999999460000012
473,"[(0, 1), (0, 2), (0, 6), (3, 5), (3, 6), (4, 5)]","[(2, 3), (2, 4), (1, 4), (1, 5), (0, 5), (0, 6)]",0.0
474,"[(0, 1), (0, 6), (2, 5), (2, 6), (3, 4), (3, 5)]","[(0, 1), (2, 3), (4, 5), (2, 5), (0, 5), (0, 6)]",0.39999999420000004
477,"[(0, 6), (1, 5), (1, 6), (2, 5), (3, 4), (3, 5)]","[(0, 1), (2, 3), (4, 5), (4, 6), (2, 6), (0, 6)]",0.0
478,"[(0, 1), (0, 6), (2, 5), (2, 6), (3, 4), (3, 5)]","[(0, 1), (3, 4), (5, 6), (2, 4), (0, 4), (0, 6)]",0.39999999420000004
472,"[(0, 5), (1, 4), (1, 5), (2, 3), (2, 4)]","[(0, 1), (0, 2), (0, 3), (0, 4), (0, 5)]",0.0
475,"[(0, 3), (1, 2), (1, 3)]","[(1, 2), (1, 3), (0, 3)]",0.4999999925000001
484,"[(0, 8), (1, 7), (1, 8), (2, 7), (3, 4), (3, 7), (5, 6), (5, 7)]","[(3, 4), (3, 5), (2, 5), (2, 6), (2, 7), (1, 7), (1, 8), (0, 8)]",0.5714285656122451
480,"[(0, 6), (1, 3), (1, 5), (1, 6), (2, 3), (4, 5)]","[(3, 4), (3, 5), (2, 5), (1, 5), (1, 6), (0, 6)]",0.39999999420000004
481,"[(0, 5), (1, 4), (1, 5), (2, 3), (2, 4)]","[(0, 1), (4, 5), (0, 2), (0, 3), (0, 5)]",0.0
487,"[(0, 5), (1, 4), (1, 5), (2, 3), (2, 4)]","[(2, 3), (1, 3), (1, 4), (1, 5), (0, 5)]",0.7499999931250001
482,"[(0, 1), (0, 4), (2, 3), (2, 4)]","[(1, 2), (3, 4), (1, 4), (0, 4)]",0.0
483,"[(0, 4), (1, 3), (1, 4), (2, 3)]","[(0, 1), (0, 2), (0, 3), (0, 4)]",0.0
485,"[(0, 4), (1, 3), (1, 4), (2, 3)]","[(0, 1), (0, 2), (0, 3), (0, 4)]",0.0
488,"[(0, 4), (1, 3), (1, 4), (2, 3)]","[(0, 1), (3, 4), (0, 2), (0, 4)]",0.0
489,"[(0, 4), (1, 3), (1, 4), (2, 3)]","[(0, 1), (3, 4), (2, 4), (0, 4)]",0.0
486,"[(0, 3), (1, 2), (1, 3)]","[(0, 1), (0, 2), (0, 3)]",0.0
492,"[(0, 6), (1, 2), (1, 5), (1, 6), (3, 5), (4, 5)]","[(0, 1), (0, 2), (0, 3), (0, 4), (0, 5), (0, 6)]",0.0
496,"[(0, 6), (1, 5), (1, 6), (2, 5), (3, 4), (3, 5)]","[(5, 6), (4, 6), (3, 6), (2, 6), (1, 6), (0, 6)]",0.19999999460000012
499,"[(0, 6), (1, 5), (1, 6), (2, 5), (3, 5), (4, 5)]","[(5, 6), (4, 6), (3, 6), (2, 6), (1, 6), (0, 6)]",0.19999999460000012
491,"[(0, 5), (1, 4), (1, 5), (2, 4), (3, 4)]","[(0, 1), (0, 2), (0, 3), (0, 4), (0, 5)]",0.0
493,"[(0, 5), (1, 2), (1, 4), (1, 5), (3, 4)]","[(4, 5), (3, 5), (2, 5), (1, 5), (0, 5)]",0.2499999943750001
495,"[(0, 5), (1, 4), (1, 5), (2, 4), (3, 4)]","[(4, 5), (3, 5), (2, 5), (1, 5), (0, 5)]",0.2499999943750001
490,"[(0, 4), (1, 2), (1, 4), (3, 4)]","[(2, 3), (1, 3), (0, 3), (0, 4)]",0.0
494,"[(0, 4), (1, 3), (1, 4), (2, 3)]","[(1, 2), (3, 4), (1, 4), (0, 4)]",0.33333332722222225
497,"[(0, 4), (1, 3), (1, 4), (2, 3)]","[(3, 4), (2, 4), (1, 4), (0, 4)]",0.33333332722222225
498,"[(0, 4), (1, 2), (1, 4), (3, 4)]","[(0, 1), (0, 2), (0, 3), (0, 4)]",0.0
500,"[(0, 6), (1, 5), (1, 6), (2, 5), (3, 5), (4, 5)]","[(0, 1), (2, 3), (4, 5), (4, 6), (2, 6), (0, 6)]",0.0
501,"[(0, 6), (1, 2), (1, 5), (1, 6), (3, 5), (4, 5)]","[(2, 3), (2, 4), (1, 4), (1, 5), (1, 6), (0, 6)]",0.39999999420000004
502,"[(0, 6), (1, 3), (1, 5), (1, 6), (2, 3), (4, 5)]","[(1, 2), (4, 5), (0, 2), (3, 5), (3, 6), (0, 6)]",0.0
503,"[(0, 6), (1, 5), (1, 6), (2, 4), (2, 5), (3, 4)]","[(0, 1), (2, 3), (5, 6), (0, 3), (0, 4), (0, 6)]",0.0
506,"[(0, 1), (0, 6), (2, 5), (2, 6), (3, 4), (3, 5)]","[(0, 1), (2, 3), (4, 5), (0, 3), (0, 5), (0, 6)]",0.19999999460000012
505,"[(0, 5), (1, 4), (1, 5), (2, 4), (3, 4)]","[(0, 1), (2, 3), (4, 5), (0, 3), (0, 5)]",0.0
508,"[(0, 5), (1, 4), (1, 5), (2, 4), (3, 4)]","[(0, 1), (0, 2), (0, 3), (0, 4), (0, 5)]",0.0
507,"[(0, 4), (1, 3), (1, 4), (2, 3)]","[(1, 2), (1, 3), (1, 4), (0, 4)]",0.6666666594444445
509,"[(0, 4), (1, 3), (1, 4), (2, 3)]","[(0, 1), (3, 4), (0, 2), (0, 4)]",0.0
504,"[(0, 3), (1, 2), (1, 3)]","[(0, 1), (0, 2), (0, 3)]",0.0
515,"[(0, 1), (0, 7), (2, 6), (2, 7), (3, 5), (3, 6), (4, 5)]","[(2, 3), (5, 6), (1, 3), (5, 7), (4, 7), (1, 7), (0, 7)]",0.0
513,"[(0, 6), (1, 3), (1, 5), (1, 6), (2, 3), (4, 5)]","[(1, 2), (3, 4), (5, 6), (1, 4), (0, 4), (0, 6)]",0.0
514,"[(0, 5), (1, 4), (1, 5), (2, 4), (3, 4)]","[(0, 1), (3, 4), (2, 4), (0, 4), (0, 5)]",0.2499999943750001
517,"[(0, 5), (1, 4), (1, 5), (2, 4), (3, 4)]","[(1, 2), (4, 5), (0, 2), (0, 3), (0, 5)]",0.0
511,"[(0, 4), (1, 3), (1, 4), (2, 3)]","[(2, 3), (1, 3), (1, 4), (0, 4)]",0.6666666594444445
516,"[(0, 4), (1, 3), (1, 4), (2, 3)]","[(0, 1), (3, 4), (0, 2), (0, 4)]",0.0
518,"[(0, 4), (1, 3), (1, 4), (2, 3)]","[(0, 1), (3, 4), (0, 2), (0, 4)]",0.0
519,"[(0, 4), (1, 3), (1, 4), (2, 3)]","[(0, 1), (0, 2), (0, 3), (0, 4)]",0.0
510,"[(0, 3), (1, 2), (1, 3)]","[(1, 2), (1, 3), (0, 3)]",0.4999999925000001
512,"[(0, 3), (1, 2), (1, 3)]","[(0, 1), (0, 2), (0, 3)]",0.0
520,"[(0, 7), (1, 6), (1, 7), (2, 3), (2, 6), (4, 6), (5, 6)]","[(2, 3), (4, 5), (6, 7), (1, 3), (1, 5), (0, 5), (0, 7)]",0.16666666138888903
525,"[(0, 6), (1, 5), (1, 6), (2, 5), (3, 4), (3, 5)]","[(0, 1), (2, 3), (4, 5), (0, 3), (0, 5), (0, 6)]",0.0
521,"[(0, 1), (0, 5), (2, 4), (2, 5), (3, 4)]","[(0, 1), (0, 2), (0, 3), (0, 4), (0, 5)]",0.2499999943750001
529,"[(0, 5), (1, 4), (1, 5), (2, 3), (2, 4)]","[(2, 3), (1, 3), (1, 4), (0, 4), (0, 5)]",0.4999999937500001
523,"[(0, 4), (1, 3), (1, 4), (2, 3)]","[(0, 1), (3, 4), (0, 2), (0, 4)]",0.0
524,"[(0, 4), (1, 3), (1, 4), (2, 3)]","[(0, 1), (2, 3), (0, 3), (0, 4)]",0.0
527,"[(0, 4), (1, 3), (1, 4), (2, 3)]","[(0, 1), (2, 3), (0, 3), (0, 4)]",0.0
522,"[(0, 3), (1, 2), (1, 3)]","[(0, 1), (0, 2), (0, 3)]",0.0
526,"[(0, 3), (1, 2), (1, 3)]","[(1, 2), (0, 2), (0, 3)]",0.4999999925000001
528,"[(0, 3), (1, 2), (1, 3)]","[(0, 1), (2, 3), (0, 3)]",0.0
533,"[(0, 1), (0, 2), (0, 6), (3, 4), (3, 5), (3, 6)]","[(0, 1), (0, 2), (0, 3), (0, 4), (0, 5), (0, 6)]",0.39999999420000004
537,"[(0, 6), (1, 5), (1, 6), (2, 5), (3, 4), (3, 5)]","[(0, 1), (2, 3), (4, 5), (0, 3), (0, 5), (0, 6)]",0.0
539,"[(0, 6), (1, 5), (1, 6), (2, 5), (3, 4), (3, 5)]","[(1, 2), (1, 3), (1, 4), (1, 5), (0, 5), (0, 6)]",0.19999999460000012
530,"[(0, 5), (1, 4), (1, 5), (2, 4), (3, 4)]","[(0, 1), (0, 2), (0, 3), (0, 4), (0, 5)]",0.0
532,"[(0, 5), (1, 4), (1, 5), (2, 3), (2, 4)]","[(4, 5), (3, 5), (2, 5), (1, 5), (0, 5)]",0.2499999943750001
535,"[(0, 5), (1, 4), (1, 5), (2, 4), (3, 4)]","[(0, 1), (2, 3), (4, 5), (2, 5), (0, 5)]",0.0
534,"[(0, 4), (1, 3), (1, 4), (2, 3)]","[(2, 3), (2, 4), (1, 4), (0, 4)]",0.33333332722222225
536,"[(0, 4), (1, 3), (1, 4), (2, 3)]","[(0, 1), (2, 3), (2, 4), (0, 4)]",0.0
538,"[(0, 4), (1, 3), (1, 4), (2, 3)]","[(3, 4), (2, 4), (1, 4), (0, 4)]",0.33333332722222225
531,"[(0, 3), (1, 2), (1, 3)]","[(0, 1), (0, 2), (0, 3)]",0.0
541,"[(0, 6), (1, 5), (1, 6), (2, 5), (3, 4), (3, 5)]","[(0, 1), (0, 2), (0, 3), (0, 4), (0, 5), (0, 6)]",0.0
546,"[(0, 6), (1, 5), (1, 6), (2, 5), (3, 5), (4, 5)]","[(0, 1), (3, 4), (3, 5), (2, 5), (2, 6), (0, 6)]",0.39999999420000004
547,"[(0, 1), (0, 6), (2, 5), (2, 6), (3, 4), (3, 5)]","[(4, 5), (3, 5), (2, 5), (1, 5), (0, 5), (0, 6)]",0.19999999460000012
542,"[(0, 5), (1, 4), (1, 5), (2, 4), (3, 4)]","[(3, 4), (2, 4), (1, 4), (0, 4), (0, 5)]",0.4999999937500001
543,"[(0, 5), (1, 4), (1, 5), (2, 4), (3, 4)]","[(0, 1), (3, 4), (2, 4), (0, 4), (0, 5)]",0.2499999943750001
544,"[(0, 5), (1, 4), (1, 5), (2, 4), (3, 4)]","[(0, 1), (2, 3), (4, 5), (0, 3), (0, 5)]",0.0
548,"[(0, 1), (0, 5), (2, 4), (2, 5), (3, 4)]","[(0, 1), (2, 3), (4, 5), (0, 3), (0, 5)]",0.2499999943750001
545,"[(0, 4), (1, 3), (1, 4), (2, 3)]","[(1, 2), (0, 2), (0, 3), (0, 4)]",0.0
549,"[(0, 4), (1, 3), (1, 4), (2, 3)]","[(0, 1), (0, 2), (0, 3), (0, 4)]",0.0
540,"[(0, 3), (1, 2), (1, 3)]","[(2, 3), (1, 3), (0, 3)]",0.0
556,"[(0, 7), (1, 5), (1, 6), (1, 7), (2, 4), (2, 5), (3, 4)]","[(1, 2), (3, 4), (6, 7), (0, 2), (0, 4), (0, 5), (0, 7)]",0.0
557,"[(0, 1), (0, 7), (2, 6), (2, 7), (3, 6), (4, 5), (4, 6)]","[(2, 3), (6, 7), (5, 7), (4, 7), (2, 7), (1, 7), (0, 7)]",0.16666666138888903
550,"[(0, 2), (0, 3), (0, 6), (1, 2), (4, 5), (4, 6)]","[(1, 2), (1, 3), (1, 4), (0, 4), (0, 5), (0, 6)]",0.19999999460000012
555,"[(0, 5), (0, 6), (1, 5), (2, 4), (2, 5), (3, 4)]","[(0, 1), (2, 3), (4, 5), (2, 5), (2, 6), (0, 6)]",0.19999999460000012
559,"[(0, 5), (0, 6), (1, 5), (2, 4), (2, 5), (3, 4)]","[(0, 1), (3, 4), (5, 6), (3, 6), (2, 6), (0, 6)]",0.0
551,"[(0, 1), (0, 5), (2, 4), (2, 5), (3, 4)]","[(4, 5), (3, 5), (2, 5), (1, 5), (0, 5)]",0.2499999943750001
552,"[(0, 5), (1, 2), (1, 5), (3, 4), (3, 5)]","[(1, 2), (3, 4), (0, 2), (0, 4), (0, 5)]",0.4999999937500001
558,"[(0, 5), (1, 4), (1, 5), (2, 4), (3, 4)]","[(1, 2), (4, 5), (0, 2), (3, 5), (0, 5)]",0.0
554,"[(0, 2), (0, 4), (1, 2), (3, 4)]","[(0, 1), (0, 2), (0, 3), (0, 4)]",0.33333332722222225
553,"[(0, 2), (0, 3), (1, 2)]","[(0, 1), (2, 3), (0, 3)]",0.0
569,"[(0, 5), (0, 6), (1, 5), (2, 4), (2, 5), (3, 4)]","[(5, 6), (4, 6), (3, 6), (2, 6), (1, 6), (0, 6)]",0.0
563,"[(0, 5), (1, 3), (1, 4), (1, 5), (2, 3)]","[(1, 2), (4, 5), (0, 2), (3, 5), (0, 5)]",0.0
564,"[(0, 5), (1, 4), (1, 5), (2, 3), (2, 4)]","[(0, 1), (4, 5), (0, 2), (0, 3), (0, 5)]",0.0
566,"[(0, 1), (0, 5), (2, 4), (2, 5), (3, 4)]","[(4, 5), (3, 5), (2, 5), (1, 5), (0, 5)]",0.2499999943750001
568,"[(0, 1), (0, 5), (2, 4), (2, 5), (3, 4)]","[(0, 1), (0, 2), (0, 3), (0, 4), (0, 5)]",0.2499999943750001
560,"[(0, 4), (1, 2), (1, 3), (1, 4)]","[(0, 1), (3, 4), (0, 2), (0, 4)]",0.0
562,"[(0, 4), (1, 3), (1, 4), (2, 3)]","[(1, 2), (1, 3), (1, 4), (0, 4)]",0.6666666594444445
565,"[(0, 1), (0, 4), (2, 3), (2, 4)]","[(3, 4), (2, 4), (1, 4), (0, 4)]",0.0
567,"[(0, 1), (0, 4), (2, 3), (2, 4)]","[(2, 3), (2, 4), (1, 4), (0, 4)]",0.33333332722222225
561,"[(0, 3), (1, 2), (1, 3)]","[(0, 1), (0, 2), (0, 3)]",0.0
573,"[(0, 1), (0, 7), (2, 6), (2, 7), (3, 6), (4, 5), (4, 6)]","[(0, 1), (0, 2), (0, 3), (0, 4), (0, 5), (0, 6), (0, 7)]",0.16666666138888903
575,"[(0, 1), (0, 2), (0, 7), (3, 6), (3, 7), (4, 5), (4, 6)]","[(0, 1), (4, 5), (6, 7), (3, 5), (2, 5), (0, 5), (0, 7)]",0.3333333277777778
576,"[(0, 6), (1, 5), (1, 6), (2, 5), (3, 5), (4, 5)]","[(0, 1), (4, 5), (0, 2), (0, 3), (0, 5), (0, 6)]",0.0
577,"[(0, 1), (0, 2), (0, 6), (3, 5), (3, 6), (4, 5)]","[(1, 2), (3, 4), (5, 6), (0, 2), (0, 4), (0, 6)]",0.19999999460000012
578,"[(0, 2), (0, 6), (1, 2), (3, 5), (3, 6), (4, 5)]","[(0, 1), (0, 2), (0, 3), (0, 4), (0, 5), (0, 6)]",0.19999999460000012
574,"[(0, 3), (0, 4), (1, 3), (2, 3)]","[(3, 4), (2, 4), (1, 4), (0, 4)]",0.0
579,"[(0, 4), (1, 3), (1, 4), (2, 3)]","[(1, 2), (1, 3), (0, 3), (0, 4)]",0.33333332722222225
570,"[(0, 3), (1, 2), (1, 3)]","[(0, 1), (0, 2), (0, 3)]",0.0
571,"[(0, 1), (0, 3), (2, 3)]","[(0, 1), (2, 3), (0, 3)]",0.4999999925000001
572,"[(0, 3), (1, 2), (1, 3)]","[(0, 1), (2, 3), (0, 3)]",0.0
582,"[(0, 8), (1, 4), (1, 7), (1, 8), (2, 4), (3, 4), (5, 7), (6, 7)]","[(1, 2), (3, 4), (5, 6), (7, 8), (1, 4), (1, 6), (1, 8), (0, 8)]",0.42857142295918377
581,"[(0, 5), (0, 6), (1, 2), (1, 3), (1, 5), (4, 5)]","[(0, 1), (2, 3), (5, 6), (2, 4), (2, 6), (0, 6)]",0.0
580,"[(0, 1), (0, 5), (2, 4), (2, 5), (3, 4)]","[(0, 1), (0, 2), (0, 3), (0, 4), (0, 5)]",0.2499999943750001
586,"[(0, 5), (1, 4), (1, 5), (2, 4), (3, 4)]","[(0, 1), (0, 2), (0, 3), (0, 4), (0, 5)]",0.0
583,"[(0, 4), (1, 3), (1, 4), (2, 3)]","[(1, 2), (3, 4), (0, 2), (0, 4)]",0.0
587,"[(0, 4), (1, 3), (1, 4), (2, 3)]","[(0, 1), (3, 4), (0, 2), (0, 4)]",0.0
588,"[(0, 4), (1, 3), (1, 4), (2, 3)]","[(2, 3), (1, 3), (1, 4), (0, 4)]",0.6666666594444445
584,"[(0, 3), (1, 2), (1, 3)]","[(0, 1), (2, 3), (0, 3)]",0.0
585,"[(0, 3), (1, 2), (1, 3)]","[(2, 3), (1, 3), (0, 3)]",0.0
589,"[(0, 3), (1, 2), (1, 3)]","[(2, 3), (1, 3), (0, 3)]",0.0
591,"[(0, 8), (1, 4), (1, 7), (1, 8), (2, 4), (3, 4), (5, 7), (6, 7)]","[(4, 5), (7, 8), (6, 8), (4, 8), (3, 8), (2, 8), (1, 8), (0, 8)]",0.14285713765306143
596,"[(0, 8), (1, 3), (1, 7), (1, 8), (2, 3), (4, 7), (5, 7), (6, 7)]","[(1, 2), (3, 4), (5, 6), (7, 8), (5, 8), (3, 8), (1, 8), (0, 8)]",0.14285713765306143
593,"[(0, 1), (0, 2), (0, 7), (3, 6), (3, 7), (4, 6), (5, 6)]","[(1, 2), (3, 4), (6, 7), (5, 7), (3, 7), (1, 7), (0, 7)]",0.16666666138888903
595,"[(0, 7), (1, 3), (1, 6), (1, 7), (2, 3), (4, 6), (5, 6)]","[(6, 7), (5, 7), (4, 7), (3, 7), (2, 7), (1, 7), (0, 7)]",0.16666666138888903
597,"[(0, 7), (1, 5), (1, 6), (1, 7), (2, 5), (3, 4), (3, 5)]","[(2, 3), (2, 4), (1, 4), (1, 5), (1, 6), (0, 6), (0, 7)]",0.3333333277777778
594,"[(0, 6), (1, 2), (1, 5), (1, 6), (3, 5), (4, 5)]","[(1, 2), (3, 4), (5, 6), (3, 6), (1, 6), (0, 6)]",0.39999999420000004
599,"[(0, 1), (0, 5), (2, 4), (2, 5), (3, 4)]","[(0, 1), (2, 3), (4, 5), (0, 3), (0, 5)]",0.2499999943750001
592,"[(0, 4), (1, 3), (1, 4), (2, 3)]","[(2, 3), (2, 4), (1, 4), (0, 4)]",0.33333332722222225
590,"[(0, 3), (1, 2), (1, 3)]","[(0, 1), (0, 2), (0, 3)]",0.0
598,"[(0, 3), (1, 2), (1, 3)]","[(0, 1), (2, 3), (0, 3)]",0.0
604,"[(0, 1), (0, 2), (0, 11), (3, 6), (3, 10), (3, 11), (4, 5), (4, 6), (7, 10), (8, 9), (8, 10)]","[(0, 1), (2, 3), (5, 6), (8, 9), (10, 11), (8, 11), (7, 11), (5, 11), (4, 11), (2, 11), (0, 11)]",0.19999999480000014
605,"[(0, 9), (1, 8), (1, 9), (2, 8), (3, 4), (3, 8), (5, 6), (5, 7), (5, 8)]","[(4, 5), (3, 5), (3, 6), (2, 6), (2, 7), (1, 7), (1, 8), (0, 8), (0, 9)]",0.12499999484375018
600,"[(0, 8), (1, 7), (1, 8), (2, 7), (3, 7), (4, 5), (4, 7), (6, 7)]","[(0, 1), (3, 4), (5, 6), (2, 4), (5, 7), (0, 4), (0, 7), (0, 8)]",0.0
606,"[(0, 8), (1, 7), (1, 8), (2, 7), (3, 4), (3, 7), (5, 7), (6, 7)]","[(1, 2), (1, 3), (0, 3), (0, 4), (0, 5), (0, 6), (0, 7), (0, 8)]",0.0
608,"[(0, 1), (0, 5), (2, 4), (2, 5), (3, 4)]","[(0, 1), (0, 2), (0, 3), (0, 4), (0, 5)]",0.2499999943750001
602,"[(0, 4), (1, 3), (1, 4), (2, 3)]","[(1, 2), (3, 4), (1, 4), (0, 4)]",0.33333332722222225
603,"[(0, 4), (1, 3), (1, 4), (2, 3)]","[(3, 4), (2, 4), (1, 4), (0, 4)]",0.33333332722222225
609,"[(0, 4), (1, 3), (1, 4), (2, 3)]","[(1, 2), (3, 4), (1, 4), (0, 4)]",0.33333332722222225
601,"[(0, 3), (1, 2), (1, 3)]","[(1, 2), (0, 2), (0, 3)]",0.4999999925000001
607,"[(0, 3), (1, 2), (1, 3)]","[(1, 2), (0, 2), (0, 3)]",0.4999999925000001
614,"[(0, 9), (1, 5), (1, 8), (1, 9), (2, 5), (3, 5), (4, 5), (6, 8), (7, 8)]","[(8, 9), (7, 9), (6, 9), (5, 9), (4, 9), (3, 9), (2, 9), (1, 9), (0, 9)]",0.12499999484375018
616,"[(0, 1), (0, 7), (2, 6), (2, 7), (3, 6), (4, 5), (4, 6)]","[(0, 1), (0, 2), (0, 3), (0, 4), (0, 5), (0, 6), (0, 7)]",0.16666666138888903
613,"[(0, 6), (1, 5), (1, 6), (2, 3), (2, 5), (4, 5)]","[(1, 2), (1, 3), (1, 4), (1, 5), (1, 6), (0, 6)]",0.39999999420000004
615,"[(0, 2), (0, 6), (1, 2), (3, 5), (3, 6), (4, 5)]","[(5, 6), (4, 6), (3, 6), (2, 6), (1, 6), (0, 6)]",0.19999999460000012
617,"[(0, 6), (1, 5), (1, 6), (2, 5), (3, 4), (3, 5)]","[(0, 1), (3, 4), (5, 6), (2, 4), (0, 4), (0, 6)]",0.19999999460000012
611,"[(0, 5), (1, 4), (1, 5), (2, 4), (3, 4)]","[(2, 3), (2, 4), (2, 5), (1, 5), (0, 5)]",0.4999999937500001
612,"[(0, 5), (1, 4), (1, 5), (2, 4), (3, 4)]","[(2, 3), (4, 5), (1, 3), (0, 3), (0, 5)]",0.0
618,"[(0, 1), (0, 5), (2, 4), (2, 5), (3, 4)]","[(4, 5), (3, 5), (2, 5), (1, 5), (0, 5)]",0.2499999943750001
619,"[(0, 1), (0, 5), (2, 4), (2, 5), (3, 4)]","[(1, 2), (4, 5), (3, 5), (1, 5), (0, 5)]",0.0
610,"[(0, 4), (1, 3), (1, 4), (2, 3)]","[(0, 1), (0, 2), (0, 3), (0, 4)]",0.0
621,"[(0, 10), (1, 9), (1, 10), (2, 9), (3, 4), (3, 9), (5, 6), (5, 7), (5, 8), (5, 9)]","[(0, 1), (0, 2), (0, 3), (0, 4), (0, 5), (0, 6), (0, 7), (0, 8), (0, 9), (0, 10)]",0.0
622,"[(0, 9), (0, 10), (1, 2), (1, 9), (3, 9), (4, 5), (4, 8), (4, 9), (6, 7), (6, 8)]","[(0, 1), (3, 4), (6, 7), (0, 2), (3, 5), (6, 8), (3, 8), (0, 8), (0, 9), (0, 10)]",0.22222221697530875
623,"[(0, 9), (0, 10), (1, 2), (1, 9), (3, 9), (4, 5), (4, 8), (4, 9), (6, 7), (6, 8)]","[(3, 4), (5, 6), (7, 8), (9, 10), (3, 6), (2, 6), (2, 8), (1, 8), (1, 10), (0, 10)]",0.0
627,"[(0, 10), (1, 2), (1, 10), (3, 10), (4, 9), (4, 10), (5, 9), (6, 9), (7, 9), (8, 9)]","[(0, 1), (5, 6), (7, 8), (9, 10), (0, 2), (0, 3), (5, 8), (4, 8), (4, 10), (0, 10)]",0.11111110598765454
624,"[(0, 9), (1, 5), (1, 8), (1, 9), (2, 5), (3, 5), (4, 5), (6, 8), (7, 8)]","[(0, 1), (2, 3), (5, 6), (7, 8), (0, 3), (5, 8), (4, 8), (4, 9), (0, 9)]",0.0
626,"[(0, 1), (0, 3), (0, 8), (2, 3), (4, 8), (5, 7), (5, 8), (6, 7)]","[(1, 2), (0, 2), (0, 3), (0, 4), (0, 5), (0, 6), (0, 7), (0, 8)]",0.14285713765306143
628,"[(0, 8), (1, 4), (1, 7), (1, 8), (2, 4), (3, 4), (5, 7), (6, 7)]","[(0, 1), (2, 3), (4, 5), (6, 7), (2, 5), (2, 7), (2, 8), (0, 8)]",0.0
625,"[(0, 7), (1, 6), (1, 7), (2, 6), (3, 6), (4, 6), (5, 6)]","[(5, 6), (5, 7), (4, 7), (3, 7), (2, 7), (1, 7), (0, 7)]",0.16666666138888903
629,"[(0, 6), (0, 7), (1, 2), (1, 3), (1, 6), (4, 5), (4, 6)]","[(5, 6), (5, 7), (4, 7), (3, 7), (2, 7), (1, 7), (0, 7)]",0.0
620,"[(0, 1), (0, 2), (0, 6), (3, 5), (3, 6), (4, 5)]","[(5, 6), (4, 6), (3, 6), (2, 6), (1, 6), (0, 6)]",0.19999999460000012
631,"[(0, 8), (1, 4), (1, 7), (1, 8), (2, 4), (3, 4), (5, 7), (6, 7)]","[(7, 8), (6, 8), (5, 8), (4, 8), (3, 8), (2, 8), (1, 8), (0, 8)]",0.14285713765306143
635,"[(0, 1), (0, 2), (0, 8), (3, 7), (3, 8), (4, 5), (4, 6), (4, 7)]","[(7, 8), (6, 8), (5, 8), (4, 8), (3, 8), (2, 8), (1, 8), (0, 8)]",0.14285713765306143
636,"[(0, 7), (1, 6), (1, 7), (2, 6), (3, 4), (3, 6), (5, 6)]","[(5, 6), (4, 6), (3, 6), (2, 6), (1, 6), (0, 6), (0, 7)]",0.4999999941666667
639,"[(0, 7), (1, 2), (1, 6), (1, 7), (3, 6), (4, 5), (4, 6)]","[(6, 7), (5, 7), (4, 7), (3, 7), (2, 7), (1, 7), (0, 7)]",0.16666666138888903
632,"[(0, 6), (1, 5), (1, 6), (2, 4), (2, 5), (3, 4)]","[(5, 6), (4, 6), (3, 6), (2, 6), (1, 6), (0, 6)]",0.19999999460000012
634,"[(0, 6), (1, 3), (1, 5), (1, 6), (2, 3), (4, 5)]","[(5, 6), (4, 6), (3, 6), (2, 6), (1, 6), (0, 6)]",0.19999999460000012
630,"[(0, 5), (1, 4), (1, 5), (2, 4), (3, 4)]","[(0, 1), (0, 2), (0, 3), (0, 4), (0, 5)]",0.0
633,"[(0, 5), (1, 4), (1, 5), (2, 4), (3, 4)]","[(1, 2), (1, 3), (1, 4), (0, 4), (0, 5)]",0.2499999943750001
637,"[(0, 4), (1, 3), (1, 4), (2, 3)]","[(2, 3), (1, 3), (1, 4), (0, 4)]",0.6666666594444445
638,"[(0, 4), (1, 3), (1, 4), (2, 3)]","[(1, 2), (0, 2), (0, 3), (0, 4)]",0.0
646,"[(0, 1), (0, 10), (2, 9), (2, 10), (3, 4), (3, 7), (3, 8), (3, 9), (5, 7), (6, 7)]","[(5, 6), (5, 7), (5, 8), (4, 8), (3, 8), (3, 9), (2, 9), (1, 9), (0, 9), (0, 10)]",0.4444444389506173
641,"[(0, 5), (0, 6), (1, 2), (1, 3), (1, 5), (4, 5)]","[(5, 6), (4, 6), (3, 6), (2, 6), (1, 6), (0, 6)]",0.0
642,"[(0, 6), (1, 5), (1, 6), (2, 5), (3, 4), (3, 5)]","[(2, 3), (5, 6), (1, 3), (4, 6), (1, 6), (0, 6)]",0.19999999460000012
643,"[(0, 6), (1, 5), (1, 6), (2, 5), (3, 4), (3, 5)]","[(0, 1), (0, 2), (0, 3), (0, 4), (0, 5), (0, 6)]",0.0
647,"[(0, 6), (1, 5), (1, 6), (2, 5), (3, 4), (3, 5)]","[(4, 5), (4, 6), (3, 6), (2, 6), (1, 6), (0, 6)]",0.19999999460000012
648,"[(0, 6), (1, 5), (1, 6), (2, 5), (3, 4), (3, 5)]","[(1, 2), (5, 6), (1, 3), (4, 6), (1, 6), (0, 6)]",0.19999999460000012
645,"[(0, 5), (1, 4), (1, 5), (2, 4), (3, 4)]","[(4, 5), (3, 5), (2, 5), (1, 5), (0, 5)]",0.2499999943750001
649,"[(0, 5), (1, 4), (1, 5), (2, 4), (3, 4)]","[(3, 4), (2, 4), (2, 5), (1, 5), (0, 5)]",0.4999999937500001
640,"[(0, 3), (1, 2), (1, 3)]","[(2, 3), (1, 3), (0, 3)]",0.0
644,"[(0, 3), (1, 2), (1, 3)]","[(0, 1), (2, 3), (0, 3)]",0.0
656,"[(0, 7), (1, 6), (1, 7), (2, 6), (3, 4), (3, 6), (5, 6)]","[(0, 1), (0, 2), (0, 3), (0, 4), (0, 5), (0, 6), (0, 7)]",0.0
650,"[(0, 6), (1, 5), (1, 6), (2, 5), (3, 4), (3, 5)]","[(1, 2), (5, 6), (1, 3), (4, 6), (1, 6), (0, 6)]",0.19999999460000012
651,"[(0, 6), (1, 5), (1, 6), (2, 5), (3, 4), (3, 5)]","[(0, 1), (2, 3), (4, 5), (0, 3), (0, 5), (0, 6)]",0.0
652,"[(0, 6), (1, 5), (1, 6), (2, 5), (3, 4), (3, 5)]","[(1, 2), (4, 5), (0, 2), (3, 5), (3, 6), (0, 6)]",0.0
653,"[(0, 6), (1, 5), (1, 6), (2, 5), (3, 4), (3, 5)]","[(3, 4), (2, 4), (1, 4), (1, 5), (0, 5), (0, 6)]",0.39999999420000004
654,"[(0, 6), (1, 5), (1, 6), (2, 5), (3, 4), (3, 5)]","[(1, 2), (5, 6), (1, 3), (4, 6), (0, 3), (0, 6)]",0.0
657,"[(0, 6), (1, 5), (1, 6), (2, 5), (3, 4), (3, 5)]","[(0, 1), (2, 3), (5, 6), (4, 6), (2, 6), (0, 6)]",0.0
658,"[(0, 1), (0, 6), (2, 5), (2, 6), (3, 4), (3, 5)]","[(2, 3), (1, 3), (1, 4), (1, 5), (1, 6), (0, 6)]",0.0
659,"[(0, 5), (1, 4), (1, 5), (2, 4), (3, 4)]","[(4, 5), (3, 5), (2, 5), (1, 5), (0, 5)]",0.2499999943750001
655,"[(0, 4), (1, 3), (1, 4), (2, 3)]","[(2, 3), (1, 3), (0, 3), (0, 4)]",0.33333332722222225
663,"[(0, 8), (1, 7), (1, 8), (2, 7), (3, 4), (3, 7), (5, 6), (5, 7)]","[(0, 1), (2, 3), (6, 7), (2, 4), (0, 4), (0, 5), (0, 7), (0, 8)]",0.0
661,"[(0, 7), (1, 6), (1, 7), (2, 6), (3, 4), (3, 6), (5, 6)]","[(0, 1), (0, 2), (0, 3), (0, 4), (0, 5), (0, 6), (0, 7)]",0.0
664,"[(0, 1), (0, 2), (0, 7), (3, 6), (3, 7), (4, 6), (5, 6)]","[(0, 1), (0, 2), (0, 3), (0, 4), (0, 5), (0, 6), (0, 7)]",0.3333333277777778
665,"[(0, 1), (0, 2), (0, 7), (3, 6), (3, 7), (4, 6), (5, 6)]","[(1, 2), (3, 4), (5, 6), (3, 6), (1, 6), (0, 6), (0, 7)]",0.16666666138888903
662,"[(0, 6), (1, 5), (1, 6), (2, 5), (3, 4), (3, 5)]","[(0, 1), (5, 6), (0, 2), (4, 6), (3, 6), (0, 6)]",0.0
669,"[(0, 6), (1, 5), (1, 6), (2, 5), (3, 5), (4, 5)]","[(1, 2), (5, 6), (1, 3), (0, 3), (0, 4), (0, 6)]",0.0
666,"[(0, 5), (1, 4), (1, 5), (2, 4), (3, 4)]","[(4, 5), (3, 5), (2, 5), (1, 5), (0, 5)]",0.2499999943750001
667,"[(0, 5), (1, 4), (1, 5), (2, 4), (3, 4)]","[(0, 1), (0, 2), (0, 3), (0, 4), (0, 5)]",0.0
668,"[(0, 5), (1, 4), (1, 5), (2, 3), (2, 4)]","[(0, 1), (0, 2), (0, 3), (0, 4), (0, 5)]",0.0
660,"[(0, 4), (1, 3), (1, 4), (2, 3)]","[(3, 4), (2, 4), (1, 4), (0, 4)]",0.33333332722222225
676,"[(0, 9), (1, 2), (1, 8), (1, 9), (3, 8), (4, 8), (5, 8), (6, 8), (7, 8)]","[(0, 1), (0, 2), (0, 3), (0, 4), (0, 5), (0, 6), (0, 7), (0, 8), (0, 9)]",0.0
670,"[(0, 8), (1, 7), (1, 8), (2, 7), (3, 4), (3, 7), (5, 6), (5, 7)]","[(0, 1), (2, 3), (7, 8), (2, 4), (2, 5), (2, 6), (2, 8), (0, 8)]",0.0
673,"[(0, 8), (1, 2), (1, 8), (3, 7), (3, 8), (4, 7), (5, 7), (6, 7)]","[(2, 3), (1, 3), (1, 4), (1, 5), (1, 6), (1, 7), (0, 7), (0, 8)]",0.0
675,"[(0, 1), (0, 2), (0, 7), (3, 6), (3, 7), (4, 6), (5, 6)]","[(6, 7), (5, 7), (4, 7), (3, 7), (2, 7), (1, 7), (0, 7)]",0.16666666138888903
671,"[(0, 5), (1, 4), (1, 5), (2, 4), (3, 4)]","[(2, 3), (4, 5), (2, 5), (1, 5), (0, 5)]",0.2499999943750001
672,"[(0, 5), (1, 4), (1, 5), (2, 3), (2, 4)]","[(1, 2), (0, 2), (0, 3), (0, 4), (0, 5)]",0.0
674,"[(0, 5), (1, 4), (1, 5), (2, 4), (3, 4)]","[(4, 5), (3, 5), (2, 5), (1, 5), (0, 5)]",0.2499999943750001
678,"[(0, 5), (1, 4), (1, 5), (2, 4), (3, 4)]","[(4, 5), (3, 5), (2, 5), (1, 5), (0, 5)]",0.2499999943750001
679,"[(0, 5), (1, 4), (1, 5), (2, 4), (3, 4)]","[(0, 1), (2, 3), (4, 5), (2, 5), (0, 5)]",0.0
677,"[(0, 4), (1, 2), (1, 3), (1, 4)]","[(3, 4), (2, 4), (1, 4), (0, 4)]",0.0
680,"[(0, 1), (0, 2), (0, 7), (3, 6), (3, 7), (4, 6), (5, 6)]","[(0, 1), (0, 2), (0, 3), (0, 4), (0, 5), (0, 6), (0, 7)]",0.3333333277777778
688,"[(0, 7), (1, 6), (1, 7), (2, 6), (3, 6), (4, 6), (5, 6)]","[(0, 1), (0, 2), (0, 3), (0, 4), (0, 5), (0, 6), (0, 7)]",0.0
681,"[(0, 1), (0, 6), (2, 5), (2, 6), (3, 4), (3, 5)]","[(0, 1), (0, 2), (0, 3), (0, 4), (0, 5), (0, 6)]",0.19999999460000012
686,"[(0, 6), (1, 5), (1, 6), (2, 3), (2, 5), (4, 5)]","[(1, 2), (0, 2), (0, 3), (0, 4), (0, 5), (0, 6)]",0.0
684,"[(0, 5), (1, 4), (1, 5), (2, 4), (3, 4)]","[(3, 4), (3, 5), (2, 5), (1, 5), (0, 5)]",0.2499999943750001
682,"[(0, 4), (1, 3), (1, 4), (2, 3)]","[(0, 1), (0, 2), (0, 3), (0, 4)]",0.0
683,"[(0, 4), (1, 2), (1, 3), (1, 4)]","[(3, 4), (2, 4), (1, 4), (0, 4)]",0.0
685,"[(0, 4), (1, 3), (1, 4), (2, 3)]","[(1, 2), (1, 3), (0, 3), (0, 4)]",0.33333332722222225
687,"[(0, 4), (1, 3), (1, 4), (2, 3)]","[(1, 2), (0, 2), (0, 3), (0, 4)]",0.0
689,"[(0, 4), (1, 3), (1, 4), (2, 3)]","[(1, 2), (3, 4), (0, 2), (0, 4)]",0.0
691,"[(0, 8), (1, 3), (1, 7), (1, 8), (2, 3), (4, 7), (5, 6), (5, 7)]","[(0, 1), (3, 4), (5, 6), (7, 8), (2, 4), (0, 4), (0, 6), (0, 8)]",0.14285713765306143
692,"[(0, 1), (0, 2), (0, 7), (3, 6), (3, 7), (4, 6), (5, 6)]","[(0, 1), (3, 4), (2, 4), (2, 5), (2, 6), (0, 6), (0, 7)]",0.16666666138888903
698,"[(0, 7), (1, 6), (1, 7), (2, 6), (3, 4), (3, 5), (3, 6)]","[(0, 1), (2, 3), (4, 5), (6, 7), (2, 5), (2, 7), (0, 7)]",0.0
694,"[(0, 6), (1, 5), (1, 6), (2, 5), (3, 4), (3, 5)]","[(1, 2), (1, 3), (1, 4), (1, 5), (1, 6), (0, 6)]",0.39999999420000004
690,"[(0, 1), (0, 2), (0, 5), (3, 4), (3, 5)]","[(0, 1), (0, 2), (0, 3), (0, 4), (0, 5)]",0.4999999937500001
693,"[(0, 5), (1, 4), (1, 5), (2, 4), (3, 4)]","[(0, 1), (2, 3), (4, 5), (2, 5), (0, 5)]",0.0
697,"[(0, 5), (1, 4), (1, 5), (2, 4), (3, 4)]","[(0, 1), (3, 4), (0, 2), (0, 4), (0, 5)]",0.0
699,"[(0, 4), (1, 3), (1, 4), (2, 3)]","[(1, 2), (1, 3), (0, 3), (0, 4)]",0.33333332722222225
695,"[(0, 3), (1, 2), (1, 3)]","[(0, 1), (0, 2), (0, 3)]",0.0
696,"[(0, 3), (1, 2), (1, 3)]","[(2, 3), (1, 3), (0, 3)]",0.0
708,"[(0, 13), (1, 6), (1, 12), (1, 13), (2, 4), (2, 6), (3, 4), (5, 6), (7, 12), (8, 12), (9, 12), (10, 12), (11, 12)]","[(7, 8), (7, 9), (6, 9), (6, 10), (6, 11), (5, 11), (5, 12), (4, 12), (3, 12), (2, 12), (1, 12), (0, 12), (0, 13)]",0.08333332826388919
709,"[(0, 2), (0, 10), (1, 2), (3, 10), (4, 9), (4, 10), (5, 8), (5, 9), (6, 7), (6, 8)]","[(1, 2), (1, 3), (1, 4), (1, 5), (1, 6), (1, 7), (1, 8), (1, 9), (1, 10), (0, 10)]",0.11111110598765454
706,"[(0, 8), (1, 2), (1, 7), (1, 8), (3, 7), (4, 7), (5, 6), (5, 7)]","[(7, 8), (6, 8), (5, 8), (4, 8), (3, 8), (2, 8), (1, 8), (0, 8)]",0.14285713765306143
705,"[(0, 6), (0, 7), (1, 2), (1, 3), (1, 6), (4, 6), (5, 6)]","[(0, 1), (2, 3), (6, 7), (2, 4), (2, 5), (0, 5), (0, 7)]",0.0
701,"[(0, 5), (1, 4), (1, 5), (2, 4), (3, 4)]","[(3, 4), (2, 4), (1, 4), (1, 5), (0, 5)]",0.7499999931250001
703,"[(0, 5), (1, 4), (1, 5), (2, 4), (3, 4)]","[(4, 5), (3, 5), (2, 5), (1, 5), (0, 5)]",0.2499999943750001
704,"[(0, 5), (1, 4), (1, 5), (2, 4), (3, 4)]","[(0, 1), (2, 3), (4, 5), (2, 5), (0, 5)]",0.0
702,"[(0, 4), (1, 3), (1, 4), (2, 3)]","[(2, 3), (2, 4), (1, 4), (0, 4)]",0.33333332722222225
707,"[(0, 4), (1, 3), (1, 4), (2, 3)]","[(3, 4), (2, 4), (1, 4), (0, 4)]",0.33333332722222225
700,"[(0, 3), (1, 2), (1, 3)]","[(2, 3), (1, 3), (0, 3)]",0.0
710,"[(0, 11), (1, 10), (1, 11), (2, 8), (2, 10), (3, 5), (3, 6), (3, 8), (4, 5), (7, 8), (9, 10)]","[(1, 2), (8, 9), (7, 9), (6, 9), (5, 9), (4, 9), (3, 9), (1, 9), (1, 10), (1, 11), (0, 11)]",0.19999999480000014
712,"[(0, 1), (0, 2), (0, 3), (0, 8), (4, 7), (4, 8), (5, 7), (6, 7)]","[(1, 2), (1, 3), (1, 4), (0, 4), (0, 5), (0, 6), (0, 7), (0, 8)]",0.0
719,"[(0, 1), (0, 2), (0, 7), (3, 5), (3, 6), (3, 7), (4, 5)]","[(6, 7), (5, 7), (4, 7), (3, 7), (2, 7), (1, 7), (0, 7)]",0.16666666138888903
713,"[(0, 5), (1, 4), (1, 5), (2, 4), (3, 4)]","[(4, 5), (3, 5), (2, 5), (1, 5), (0, 5)]",0.2499999943750001
714,"[(0, 5), (1, 4), (1, 5), (2, 4), (3, 4)]","[(0, 1), (0, 2), (0, 3), (0, 4), (0, 5)]",0.0
715,"[(0, 5), (1, 4), (1, 5), (2, 4), (3, 4)]","[(0, 1), (2, 3), (4, 5), (0, 3), (0, 5)]",0.0
716,"[(0, 5), (1, 4), (1, 5), (2, 4), (3, 4)]","[(1, 2), (4, 5), (0, 2), (3, 5), (0, 5)]",0.0
717,"[(0, 4), (1, 3), (1, 4), (2, 3)]","[(3, 4), (2, 4), (1, 4), (0, 4)]",0.33333332722222225
718,"[(0, 4), (1, 3), (1, 4), (2, 3)]","[(1, 2), (3, 4), (0, 2), (0, 4)]",0.0
711,"[(0, 3), (1, 2), (1, 3)]","[(2, 3), (1, 3), (0, 3)]",0.0
722,"[(0, 1), (0, 2), (0, 7), (3, 6), (3, 7), (4, 6), (5, 6)]","[(0, 1), (0, 2), (0, 3), (0, 4), (0, 5), (0, 6), (0, 7)]",0.3333333277777778
721,"[(0, 6), (1, 5), (1, 6), (2, 5), (3, 5), (4, 5)]","[(5, 6), (4, 6), (3, 6), (2, 6), (1, 6), (0, 6)]",0.19999999460000012
725,"[(0, 6), (1, 5), (1, 6), (2, 5), (3, 4), (3, 5)]","[(0, 1), (2, 3), (5, 6), (4, 6), (0, 3), (0, 6)]",0.0
728,"[(0, 2), (0, 6), (1, 2), (3, 5), (3, 6), (4, 5)]","[(0, 1), (4, 5), (3, 5), (2, 5), (0, 5), (0, 6)]",0.19999999460000012
727,"[(0, 5), (1, 4), (1, 5), (2, 4), (3, 4)]","[(0, 1), (2, 3), (4, 5), (2, 5), (0, 5)]",0.0
720,"[(0, 4), (1, 3), (1, 4), (2, 3)]","[(0, 1), (3, 4), (2, 4), (0, 4)]",0.0
724,"[(0, 4), (1, 3), (1, 4), (2, 3)]","[(0, 1), (2, 3), (0, 3), (0, 4)]",0.0
726,"[(0, 4), (1, 3), (1, 4), (2, 3)]","[(3, 4), (2, 4), (1, 4), (0, 4)]",0.33333332722222225
729,"[(0, 4), (1, 3), (1, 4), (2, 3)]","[(2, 3), (1, 3), (0, 3), (0, 4)]",0.33333332722222225
723,"[(0, 3), (1, 2), (1, 3)]","[(0, 1), (0, 2), (0, 3)]",0.0
738,"[(0, 1), (0, 2), (0, 7), (3, 6), (3, 7), (4, 6), (5, 6)]","[(0, 1), (5, 6), (4, 6), (3, 6), (2, 6), (2, 7), (0, 7)]",0.4999999941666667
732,"[(0, 6), (1, 5), (1, 6), (2, 5), (3, 5), (4, 5)]","[(3, 4), (5, 6), (3, 6), (2, 6), (1, 6), (0, 6)]",0.19999999460000012
737,"[(0, 5), (1, 4), (1, 5), (2, 4), (3, 4)]","[(2, 3), (4, 5), (1, 3), (1, 5), (0, 5)]",0.2499999943750001
739,"[(0, 5), (1, 4), (1, 5), (2, 4), (3, 4)]","[(0, 1), (4, 5), (0, 2), (3, 5), (0, 5)]",0.0
730,"[(0, 4), (1, 3), (1, 4), (2, 3)]","[(0, 1), (0, 2), (0, 3), (0, 4)]",0.0
731,"[(0, 4), (1, 3), (1, 4), (2, 3)]","[(3, 4), (2, 4), (1, 4), (0, 4)]",0.33333332722222225
733,"[(0, 4), (1, 2), (1, 3), (1, 4)]","[(3, 4), (2, 4), (1, 4), (0, 4)]",0.0
734,"[(0, 1), (0, 4), (2, 3), (2, 4)]","[(3, 4), (2, 4), (1, 4), (0, 4)]",0.0
735,"[(0, 4), (1, 3), (1, 4), (2, 3)]","[(0, 1), (3, 4), (0, 2), (0, 4)]",0.0
736,"[(0, 4), (1, 3), (1, 4), (2, 3)]","[(0, 1), (2, 3), (0, 3), (0, 4)]",0.0
746,"[(0, 2), (0, 9), (1, 2), (3, 4), (3, 8), (3, 9), (5, 8), (6, 8), (7, 8)]","[(8, 9), (7, 9), (6, 9), (5, 9), (4, 9), (3, 9), (2, 9), (1, 9), (0, 9)]",0.12499999484375018
743,"[(0, 8), (1, 7), (1, 8), (2, 7), (3, 4), (3, 7), (5, 6), (5, 7)]","[(7, 8), (6, 8), (5, 8), (4, 8), (3, 8), (2, 8), (1, 8), (0, 8)]",0.14285713765306143
744,"[(0, 2), (0, 8), (1, 2), (3, 7), (3, 8), (4, 7), (5, 7), (6, 7)]","[(3, 4), (5, 6), (3, 6), (2, 6), (1, 6), (0, 6), (0, 7), (0, 8)]",0.0
749,"[(0, 8), (1, 7), (1, 8), (2, 7), (3, 4), (3, 7), (5, 6), (5, 7)]","[(7, 8), (6, 8), (5, 8), (4, 8), (3, 8), (2, 8), (1, 8), (0, 8)]",0.14285713765306143
740,"[(0, 6), (1, 5), (1, 6), (2, 5), (3, 4), (3, 5)]","[(0, 1), (3, 4), (5, 6), (2, 4), (0, 4), (0, 6)]",0.19999999460000012
745,"[(0, 6), (1, 5), (1, 6), (2, 5), (3, 5), (4, 5)]","[(0, 1), (0, 2), (0, 3), (0, 4), (0, 5), (0, 6)]",0.0
748,"[(0, 6), (1, 5), (1, 6), (2, 5), (3, 4), (3, 5)]","[(1, 2), (3, 4), (5, 6), (1, 4), (1, 6), (0, 6)]",0.39999999420000004
742,"[(0, 1), (0, 5), (2, 4), (2, 5), (3, 4)]","[(1, 2), (4, 5), (0, 2), (0, 3), (0, 5)]",0.0
747,"[(0, 5), (1, 4), (1, 5), (2, 3), (2, 4)]","[(4, 5), (3, 5), (2, 5), (1, 5), (0, 5)]",0.2499999943750001
741,"[(0, 4), (1, 3), (1, 4), (2, 3)]","[(0, 1), (2, 3), (2, 4), (0, 4)]",0.0
759,"[(0, 10), (1, 9), (1, 10), (2, 5), (2, 9), (3, 4), (3, 5), (6, 9), (7, 8), (7, 9)]","[(2, 3), (5, 6), (1, 3), (4, 6), (4, 7), (4, 8), (1, 8), (1, 9), (0, 9), (0, 10)]",0.11111110598765454
753,"[(0, 8), (1, 2), (1, 8), (3, 7), (3, 8), (4, 7), (5, 7), (6, 7)]","[(7, 8), (6, 8), (5, 8), (4, 8), (3, 8), (2, 8), (1, 8), (0, 8)]",0.28571428030612256
758,"[(0, 2), (0, 8), (1, 2), (3, 7), (3, 8), (4, 7), (5, 6), (5, 7)]","[(0, 1), (3, 4), (5, 6), (0, 2), (5, 7), (5, 8), (0, 4), (0, 8)]",0.28571428030612256
756,"[(0, 5), (0, 6), (1, 2), (1, 3), (1, 5), (4, 5)]","[(5, 6), (4, 6), (3, 6), (2, 6), (1, 6), (0, 6)]",0.0
757,"[(0, 2), (0, 6), (1, 2), (3, 5), (3, 6), (4, 5)]","[(4, 5), (3, 5), (2, 5), (2, 6), (1, 6), (0, 6)]",0.19999999460000012
750,"[(0, 1), (0, 5), (2, 3), (2, 4), (2, 5)]","[(0, 1), (0, 2), (0, 3), (0, 4), (0, 5)]",0.2499999943750001
754,"[(0, 5), (1, 4), (1, 5), (2, 3), (2, 4)]","[(4, 5), (3, 5), (2, 5), (1, 5), (0, 5)]",0.2499999943750001
751,"[(0, 4), (1, 3), (1, 4), (2, 3)]","[(0, 1), (0, 2), (0, 3), (0, 4)]",0.0
755,"[(0, 4), (1, 3), (1, 4), (2, 3)]","[(0, 1), (3, 4), (2, 4), (0, 4)]",0.0
752,"[(0, 3), (1, 2), (1, 3)]","[(0, 1), (0, 2), (0, 3)]",0.0
766,"[(0, 7), (1, 3), (1, 6), (1, 7), (2, 3), (4, 5), (4, 6)]","[(3, 4), (6, 7), (2, 4), (5, 7), (1, 4), (0, 4), (0, 7)]",0.0
767,"[(0, 2), (0, 7), (1, 2), (3, 6), (3, 7), (4, 6), (5, 6)]","[(0, 1), (0, 2), (0, 3), (0, 4), (0, 5), (0, 6), (0, 7)]",0.16666666138888903
761,"[(0, 6), (1, 5), (1, 6), (2, 5), (3, 5), (4, 5)]","[(0, 1), (3, 4), (5, 6), (3, 6), (2, 6), (0, 6)]",0.0
765,"[(0, 6), (1, 5), (1, 6), (2, 5), (3, 5), (4, 5)]","[(0, 1), (3, 4), (5, 6), (2, 4), (0, 4), (0, 6)]",0.0
768,"[(0, 1), (0, 6), (2, 5), (2, 6), (3, 4), (3, 5)]","[(5, 6), (4, 6), (3, 6), (2, 6), (1, 6), (0, 6)]",0.19999999460000012
760,"[(0, 5), (1, 4), (1, 5), (2, 4), (3, 4)]","[(0, 1), (2, 3), (0, 3), (0, 4), (0, 5)]",0.0
762,"[(0, 5), (1, 4), (1, 5), (2, 4), (3, 4)]","[(0, 1), (0, 2), (0, 3), (0, 4), (0, 5)]",0.0
764,"[(0, 5), (1, 4), (1, 5), (2, 4), (3, 4)]","[(0, 1), (2, 3), (0, 3), (0, 4), (0, 5)]",0.0
769,"[(0, 5), (1, 4), (1, 5), (2, 4), (3, 4)]","[(0, 1), (2, 3), (4, 5), (2, 5), (0, 5)]",0.0
763,"[(0, 4), (1, 3), (1, 4), (2, 3)]","[(0, 1), (0, 2), (0, 3), (0, 4)]",0.0
773,"[(0, 2), (0, 7), (1, 2), (3, 6), (3, 7), (4, 6), (5, 6)]","[(0, 1), (2, 3), (4, 5), (4, 6), (0, 3), (4, 7), (0, 7)]",0.16666666138888903
771,"[(0, 6), (1, 5), (1, 6), (2, 5), (3, 5), (4, 5)]","[(0, 1), (2, 3), (5, 6), (4, 6), (2, 6), (0, 6)]",0.0
774,"[(0, 6), (1, 5), (1, 6), (2, 5), (3, 4), (3, 5)]","[(1, 2), (3, 4), (5, 6), (0, 2), (0, 4), (0, 6)]",0.19999999460000012
775,"[(0, 6), (1, 5), (1, 6), (2, 5), (3, 4), (3, 5)]","[(2, 3), (5, 6), (1, 3), (4, 6), (0, 3), (0, 6)]",0.0
776,"[(0, 1), (0, 6), (2, 5), (2, 6), (3, 4), (3, 5)]","[(5, 6), (4, 6), (3, 6), (2, 6), (1, 6), (0, 6)]",0.19999999460000012
777,"[(0, 6), (1, 5), (1, 6), (2, 5), (3, 4), (3, 5)]","[(0, 1), (0, 2), (0, 3), (0, 4), (0, 5), (0, 6)]",0.0
779,"[(0, 6), (1, 5), (1, 6), (2, 5), (3, 4), (3, 5)]","[(0, 1), (0, 2), (0, 3), (0, 4), (0, 5), (0, 6)]",0.0
770,"[(0, 5), (1, 4), (1, 5), (2, 3), (2, 4)]","[(0, 1), (0, 2), (0, 3), (0, 4), (0, 5)]",0.0
772,"[(0, 5), (1, 4), (1, 5), (2, 4), (3, 4)]","[(0, 1), (0, 2), (0, 3), (0, 4), (0, 5)]",0.0
778,"[(0, 4), (1, 3), (1, 4), (2, 3)]","[(0, 1), (0, 2), (0, 3), (0, 4)]",0.0
780,"[(0, 2), (0, 3), (0, 4), (0, 5), (0, 8), (1, 2), (6, 7), (6, 8)]","[(0, 1), (0, 2), (0, 3), (0, 4), (0, 5), (0, 6), (0, 7), (0, 8)]",0.5714285656122451
785,"[(0, 1), (0, 8), (2, 7), (2, 8), (3, 4), (3, 7), (5, 6), (5, 7)]","[(0, 1), (0, 2), (0, 3), (0, 4), (0, 5), (0, 6), (0, 7), (0, 8)]",0.14285713765306143
784,"[(0, 6), (1, 5), (1, 6), (2, 5), (3, 4), (3, 5)]","[(4, 5), (3, 5), (2, 5), (1, 5), (0, 5), (0, 6)]",0.39999999420000004
786,"[(0, 1), (0, 2), (0, 6), (3, 5), (3, 6), (4, 5)]","[(0, 1), (0, 2), (0, 3), (0, 4), (0, 5), (0, 6)]",0.39999999420000004
787,"[(0, 2), (0, 6), (1, 2), (3, 5), (3, 6), (4, 5)]","[(5, 6), (4, 6), (3, 6), (2, 6), (1, 6), (0, 6)]",0.19999999460000012
788,"[(0, 2), (0, 6), (1, 2), (3, 5), (3, 6), (4, 5)]","[(0, 1), (0, 2), (0, 3), (0, 4), (0, 5), (0, 6)]",0.19999999460000012
783,"[(0, 2), (0, 5), (1, 2), (3, 4), (3, 5)]","[(4, 5), (3, 5), (2, 5), (1, 5), (0, 5)]",0.0
789,"[(0, 5), (1, 4), (1, 5), (2, 4), (3, 4)]","[(1, 2), (3, 4), (0, 2), (3, 5), (0, 5)]",0.0
782,"[(0, 4), (1, 3), (1, 4), (2, 3)]","[(0, 1), (2, 3), (0, 3), (0, 4)]",0.0
781,"[(0, 3), (1, 2), (1, 3)]","[(0, 1), (0, 2), (0, 3)]",0.0
794,"[(0, 8), (1, 7), (1, 8), (2, 7), (3, 4), (3, 5), (3, 7), (6, 7)]","[(1, 2), (3, 4), (6, 7), (0, 2), (5, 7), (3, 7), (3, 8), (0, 8)]",0.28571428030612256
793,"[(0, 2), (0, 6), (1, 2), (3, 5), (3, 6), (4, 5)]","[(1, 2), (3, 4), (5, 6), (0, 2), (0, 4), (0, 6)]",0.39999999420000004
799,"[(0, 6), (1, 5), (1, 6), (2, 5), (3, 4), (3, 5)]","[(3, 4), (5, 6), (2, 4), (1, 4), (0, 4), (0, 6)]",0.19999999460000012
791,"[(0, 5), (1, 4), (1, 5), (2, 4), (3, 4)]","[(2, 3), (4, 5), (1, 3), (0, 3), (0, 5)]",0.0
796,"[(0, 5), (1, 4), (1, 5), (2, 4), (3, 4)]","[(1, 2), (1, 3), (1, 4), (1, 5), (0, 5)]",0.4999999937500001
792,"[(0, 1), (0, 4), (2, 3), (2, 4)]","[(0, 1), (0, 2), (0, 3), (0, 4)]",0.33333332722222225
795,"[(0, 4), (1, 3), (1, 4), (2, 3)]","[(1, 2), (3, 4), (0, 2), (0, 4)]",0.0
797,"[(0, 4), (1, 2), (1, 4), (3, 4)]","[(3, 4), (2, 4), (1, 4), (0, 4)]",0.33333332722222225
798,"[(0, 4), (1, 3), (1, 4), (2, 3)]","[(0, 1), (2, 3), (2, 4), (0, 4)]",0.0
790,"[(0, 3), (1, 2), (1, 3)]","[(0, 1), (0, 2), (0, 3)]",0.0
801,"[(0, 8), (1, 7), (1, 8), (2, 7), (3, 4), (3, 7), (5, 6), (5, 7)]","[(2, 3), (2, 4), (2, 5), (2, 6), (1, 6), (1, 7), (0, 7), (0, 8)]",0.14285713765306143
802,"[(0, 8), (1, 7), (1, 8), (2, 7), (3, 4), (3, 7), (5, 6), (5, 7)]","[(0, 1), (2, 3), (5, 6), (7, 8), (2, 4), (5, 8), (2, 8), (0, 8)]",0.14285713765306143
803,"[(0, 2), (0, 7), (1, 2), (3, 6), (3, 7), (4, 5), (4, 6)]","[(0, 1), (3, 4), (5, 6), (3, 6), (3, 7), (2, 7), (0, 7)]",0.3333333277777778
804,"[(0, 7), (1, 6), (1, 7), (2, 6), (3, 6), (4, 5), (4, 6)]","[(0, 1), (0, 2), (0, 3), (0, 4), (0, 5), (0, 6), (0, 7)]",0.0
807,"[(0, 6), (1, 5), (1, 6), (2, 4), (2, 5), (3, 4)]","[(0, 1), (0, 2), (0, 3), (0, 4), (0, 5), (0, 6)]",0.0
800,"[(0, 5), (1, 4), (1, 5), (2, 3), (2, 4)]","[(4, 5), (3, 5), (2, 5), (1, 5), (0, 5)]",0.2499999943750001
805,"[(0, 5), (1, 4), (1, 5), (2, 4), (3, 4)]","[(4, 5), (3, 5), (2, 5), (1, 5), (0, 5)]",0.2499999943750001
806,"[(0, 5), (1, 4), (1, 5), (2, 4), (3, 4)]","[(1, 2), (4, 5), (0, 2), (3, 5), (0, 5)]",0.0
808,"[(0, 5), (1, 4), (1, 5), (2, 4), (3, 4)]","[(4, 5), (3, 5), (2, 5), (1, 5), (0, 5)]",0.2499999943750001
809,"[(0, 5), (1, 4), (1, 5), (2, 4), (3, 4)]","[(3, 4), (3, 5), (2, 5), (1, 5), (0, 5)]",0.2499999943750001
810,"[(0, 9), (1, 6), (1, 8), (1, 9), (2, 3), (2, 6), (4, 6), (5, 6), (7, 8)]","[(0, 1), (2, 3), (4, 5), (6, 7), (8, 9), (6, 9), (4, 9), (2, 9), (0, 9)]",0.12499999484375018
815,"[(0, 8), (1, 7), (1, 8), (2, 7), (3, 4), (3, 7), (5, 6), (5, 7)]","[(1, 2), (1, 3), (1, 4), (1, 5), (1, 6), (0, 6), (0, 7), (0, 8)]",0.0
818,"[(0, 2), (0, 4), (0, 8), (1, 2), (3, 4), (5, 7), (5, 8), (6, 7)]","[(0, 1), (2, 3), (4, 5), (7, 8), (6, 8), (4, 8), (2, 8), (0, 8)]",0.0
816,"[(0, 7), (1, 6), (1, 7), (2, 6), (3, 4), (3, 6), (5, 6)]","[(0, 1), (2, 3), (4, 5), (6, 7), (4, 7), (2, 7), (0, 7)]",0.0
817,"[(0, 2), (0, 7), (1, 2), (3, 6), (3, 7), (4, 6), (5, 6)]","[(1, 2), (3, 4), (6, 7), (3, 5), (3, 7), (1, 7), (0, 7)]",0.3333333277777778
811,"[(0, 5), (1, 4), (1, 5), (2, 4), (3, 4)]","[(0, 1), (2, 3), (2, 4), (2, 5), (0, 5)]",0.2499999943750001
813,"[(0, 2), (0, 5), (1, 2), (3, 4), (3, 5)]","[(0, 1), (2, 3), (4, 5), (2, 5), (0, 5)]",0.0
814,"[(0, 5), (1, 4), (1, 5), (2, 3), (2, 4)]","[(2, 3), (4, 5), (2, 5), (1, 5), (0, 5)]",0.4999999937500001
819,"[(0, 2), (0, 5), (1, 2), (3, 4), (3, 5)]","[(1, 2), (4, 5), (0, 2), (0, 3), (0, 5)]",0.4999999937500001
812,"[(0, 1), (0, 3), (2, 3)]","[(2, 3), (1, 3), (0, 3)]",0.0
828,"[(0, 8), (1, 7), (1, 8), (2, 7), (3, 7), (4, 5), (4, 7), (6, 7)]","[(1, 2), (3, 4), (5, 6), (7, 8), (1, 4), (0, 4), (0, 6), (0, 8)]",0.0
820,"[(0, 7), (1, 6), (1, 7), (2, 6), (3, 4), (3, 5), (3, 6)]","[(1, 2), (6, 7), (0, 2), (5, 7), (4, 7), (3, 7), (0, 7)]",0.0
821,"[(0, 1), (0, 2), (0, 7), (3, 6), (3, 7), (4, 6), (5, 6)]","[(0, 1), (2, 3), (4, 5), (6, 7), (4, 7), (2, 7), (0, 7)]",0.16666666138888903
822,"[(0, 7), (1, 6), (1, 7), (2, 6), (3, 5), (3, 6), (4, 5)]","[(1, 2), (1, 3), (1, 4), (0, 4), (0, 5), (0, 6), (0, 7)]",0.0
829,"[(0, 7), (1, 2), (1, 6), (1, 7), (3, 6), (4, 6), (5, 6)]","[(2, 3), (2, 4), (1, 4), (1, 5), (0, 5), (0, 6), (0, 7)]",0.0
823,"[(0, 2), (0, 6), (1, 2), (3, 5), (3, 6), (4, 5)]","[(0, 1), (0, 2), (0, 3), (0, 4), (0, 5), (0, 6)]",0.19999999460000012
825,"[(0, 1), (0, 6), (2, 5), (2, 6), (3, 5), (4, 5)]","[(2, 3), (2, 4), (1, 4), (1, 5), (0, 5), (0, 6)]",0.0
826,"[(0, 1), (0, 6), (2, 4), (2, 5), (2, 6), (3, 4)]","[(0, 1), (0, 2), (0, 3), (0, 4), (0, 5), (0, 6)]",0.19999999460000012
824,"[(0, 5), (1, 4), (1, 5), (2, 3), (2, 4)]","[(2, 3), (4, 5), (1, 3), (1, 5), (0, 5)]",0.4999999937500001
827,"[(0, 4), (1, 3), (1, 4), (2, 3)]","[(1, 2), (3, 4), (1, 4), (0, 4)]",0.33333332722222225
830,"[(0, 1), (0, 3), (0, 8), (2, 3), (4, 7), (4, 8), (5, 7), (6, 7)]","[(5, 6), (7, 8), (5, 8), (4, 8), (3, 8), (2, 8), (1, 8), (0, 8)]",0.14285713765306143
835,"[(0, 2), (0, 8), (1, 2), (3, 7), (3, 8), (4, 7), (5, 6), (5, 7)]","[(7, 8), (6, 8), (5, 8), (4, 8), (3, 8), (2, 8), (1, 8), (0, 8)]",0.14285713765306143
834,"[(0, 2), (0, 7), (1, 2), (3, 6), (3, 7), (4, 6), (5, 6)]","[(0, 1), (3, 4), (6, 7), (2, 4), (5, 7), (0, 4), (0, 7)]",0.0
831,"[(0, 5), (1, 4), (1, 5), (2, 4), (3, 4)]","[(2, 3), (1, 3), (1, 4), (0, 4), (0, 5)]",0.2499999943750001
836,"[(0, 1), (0, 5), (2, 3), (2, 4), (2, 5)]","[(3, 4), (3, 5), (2, 5), (1, 5), (0, 5)]",0.0
838,"[(0, 5), (1, 3), (1, 4), (1, 5), (2, 3)]","[(2, 3), (2, 4), (2, 5), (1, 5), (0, 5)]",0.2499999943750001
832,"[(0, 4), (1, 3), (1, 4), (2, 3)]","[(0, 1), (2, 3), (0, 3), (0, 4)]",0.0
833,"[(0, 4), (1, 3), (1, 4), (2, 3)]","[(0, 1), (0, 2), (0, 3), (0, 4)]",0.0
837,"[(0, 4), (1, 3), (1, 4), (2, 3)]","[(1, 2), (3, 4), (0, 2), (0, 4)]",0.0
839,"[(0, 4), (1, 3), (1, 4), (2, 3)]","[(0, 1), (3, 4), (2, 4), (0, 4)]",0.0
844,"[(0, 1), (0, 2), (0, 6), (3, 5), (3, 6), (4, 5)]","[(0, 1), (4, 5), (0, 2), (4, 6), (0, 3), (0, 6)]",0.39999999420000004
845,"[(0, 1), (0, 2), (0, 6), (3, 5), (3, 6), (4, 5)]","[(5, 6), (4, 6), (3, 6), (2, 6), (1, 6), (0, 6)]",0.19999999460000012
848,"[(0, 6), (1, 5), (1, 6), (2, 5), (3, 4), (3, 5)]","[(0, 1), (0, 2), (0, 3), (0, 4), (0, 5), (0, 6)]",0.0
841,"[(0, 5), (1, 4), (1, 5), (2, 3), (2, 4)]","[(4, 5), (3, 5), (2, 5), (1, 5), (0, 5)]",0.2499999943750001
843,"[(0, 5), (1, 4), (1, 5), (2, 4), (3, 4)]","[(1, 2), (4, 5), (3, 5), (1, 5), (0, 5)]",0.2499999943750001
840,"[(0, 4), (1, 3), (1, 4), (2, 3)]","[(0, 1), (0, 2), (0, 3), (0, 4)]",0.0
842,"[(0, 4), (1, 3), (1, 4), (2, 3)]","[(0, 1), (2, 3), (0, 3), (0, 4)]",0.0
846,"[(0, 1), (0, 4), (2, 3), (2, 4)]","[(0, 1), (0, 2), (0, 3), (0, 4)]",0.33333332722222225
847,"[(0, 4), (1, 3), (1, 4), (2, 3)]","[(1, 2), (1, 3), (1, 4), (0, 4)]",0.6666666594444445
849,"[(0, 4), (1, 3), (1, 4), (2, 3)]","[(1, 2), (0, 2), (0, 3), (0, 4)]",0.0
852,"[(0, 1), (0, 2), (0, 3), (0, 9), (4, 8), (4, 9), (5, 8), (6, 7), (6, 8)]","[(3, 4), (6, 7), (3, 5), (3, 7), (3, 8), (3, 9), (2, 9), (1, 9), (0, 9)]",0.12499999484375018
855,"[(0, 1), (0, 2), (0, 9), (3, 8), (3, 9), (4, 8), (5, 6), (5, 7), (5, 8)]","[(0, 1), (2, 3), (8, 9), (7, 9), (0, 3), (6, 9), (5, 9), (4, 9), (0, 9)]",0.12499999484375018
856,"[(0, 1), (0, 2), (0, 3), (0, 7), (4, 6), (4, 7), (5, 6)]","[(3, 4), (6, 7), (2, 4), (5, 7), (1, 4), (1, 7), (0, 7)]",0.0
851,"[(0, 6), (1, 5), (1, 6), (2, 5), (3, 4), (3, 5)]","[(5, 6), (4, 6), (3, 6), (2, 6), (1, 6), (0, 6)]",0.19999999460000012
854,"[(0, 6), (1, 5), (1, 6), (2, 5), (3, 4), (3, 5)]","[(5, 6), (4, 6), (3, 6), (2, 6), (1, 6), (0, 6)]",0.19999999460000012
858,"[(0, 6), (1, 5), (1, 6), (2, 5), (3, 4), (3, 5)]","[(5, 6), (4, 6), (3, 6), (2, 6), (1, 6), (0, 6)]",0.19999999460000012
853,"[(0, 5), (1, 4), (1, 5), (2, 4), (3, 4)]","[(4, 5), (3, 5), (2, 5), (1, 5), (0, 5)]",0.2499999943750001
857,"[(0, 5), (1, 2), (1, 4), (1, 5), (3, 4)]","[(1, 2), (4, 5), (1, 3), (1, 5), (0, 5)]",0.4999999937500001
859,"[(0, 5), (1, 4), (1, 5), (2, 3), (2, 4)]","[(0, 1), (0, 2), (0, 3), (0, 4), (0, 5)]",0.0
850,"[(0, 4), (1, 3), (1, 4), (2, 3)]","[(0, 1), (3, 4), (0, 2), (0, 4)]",0.0
861,"[(0, 8), (0, 9), (1, 2), (1, 8), (3, 8), (4, 8), (5, 6), (5, 7), (5, 8)]","[(0, 1), (2, 3), (4, 5), (6, 7), (8, 9), (0, 3), (4, 7), (0, 7), (0, 9)]",0.0
864,"[(0, 1), (0, 2), (0, 3), (0, 9), (4, 8), (4, 9), (5, 8), (6, 7), (6, 8)]","[(7, 8), (6, 8), (5, 8), (4, 8), (3, 8), (2, 8), (1, 8), (1, 9), (0, 9)]",0.24999999468750006
866,"[(0, 2), (0, 8), (1, 2), (3, 7), (3, 8), (4, 7), (5, 7), (6, 7)]","[(0, 1), (2, 3), (5, 6), (5, 7), (0, 3), (0, 4), (0, 7), (0, 8)]",0.14285713765306143
869,"[(0, 1), (0, 2), (0, 3), (0, 7), (4, 6), (4, 7), (5, 6)]","[(0, 1), (4, 5), (3, 5), (2, 5), (0, 5), (0, 6), (0, 7)]",0.16666666138888903
867,"[(0, 6), (1, 5), (1, 6), (2, 5), (3, 4), (3, 5)]","[(0, 1), (3, 4), (0, 2), (3, 5), (3, 6), (0, 6)]",0.19999999460000012
868,"[(0, 1), (0, 6), (2, 5), (2, 6), (3, 4), (3, 5)]","[(5, 6), (4, 6), (3, 6), (2, 6), (1, 6), (0, 6)]",0.19999999460000012
860,"[(0, 1), (0, 5), (2, 4), (2, 5), (3, 4)]","[(0, 1), (0, 2), (0, 3), (0, 4), (0, 5)]",0.2499999943750001
862,"[(0, 5), (1, 4), (1, 5), (2, 4), (3, 4)]","[(0, 1), (2, 3), (4, 5), (0, 3), (0, 5)]",0.0
863,"[(0, 5), (1, 4), (1, 5), (2, 4), (3, 4)]","[(0, 1), (2, 3), (2, 4), (2, 5), (0, 5)]",0.2499999943750001
865,"[(0, 5), (1, 4), (1, 5), (2, 3), (2, 4)]","[(0, 1), (2, 3), (4, 5), (2, 5), (0, 5)]",0.2499999943750001
871,"[(0, 8), (1, 7), (1, 8), (2, 7), (3, 7), (4, 7), (5, 6), (5, 7)]","[(4, 5), (4, 6), (4, 7), (3, 7), (2, 7), (1, 7), (0, 7), (0, 8)]",0.5714285656122451
875,"[(0, 8), (1, 7), (1, 8), (2, 7), (3, 4), (3, 5), (3, 7), (6, 7)]","[(0, 1), (0, 2), (0, 3), (0, 4), (0, 5), (0, 6), (0, 7), (0, 8)]",0.0
877,"[(0, 2), (0, 3), (0, 8), (1, 2), (4, 7), (4, 8), (5, 6), (5, 7)]","[(0, 1), (2, 3), (4, 5), (6, 7), (0, 3), (4, 7), (4, 8), (0, 8)]",0.42857142295918377
878,"[(0, 8), (1, 7), (1, 8), (2, 7), (3, 4), (3, 7), (5, 6), (5, 7)]","[(1, 2), (1, 3), (0, 3), (0, 4), (0, 5), (0, 6), (0, 7), (0, 8)]",0.0
874,"[(0, 7), (1, 6), (1, 7), (2, 3), (2, 4), (2, 5), (2, 6)]","[(6, 7), (5, 7), (4, 7), (3, 7), (2, 7), (1, 7), (0, 7)]",0.16666666138888903
870,"[(0, 6), (1, 5), (1, 6), (2, 5), (3, 5), (4, 5)]","[(0, 1), (2, 3), (5, 6), (2, 4), (2, 6), (0, 6)]",0.0
872,"[(0, 2), (0, 6), (1, 2), (3, 5), (3, 6), (4, 5)]","[(5, 6), (4, 6), (3, 6), (2, 6), (1, 6), (0, 6)]",0.19999999460000012
879,"[(0, 2), (0, 5), (1, 2), (3, 4), (3, 5)]","[(0, 1), (2, 3), (4, 5), (2, 5), (0, 5)]",0.0
873,"[(0, 4), (1, 3), (1, 4), (2, 3)]","[(3, 4), (2, 4), (1, 4), (0, 4)]",0.33333332722222225
876,"[(0, 4), (1, 3), (1, 4), (2, 3)]","[(0, 1), (3, 4), (0, 2), (0, 4)]",0.0
883,"[(0, 7), (1, 6), (1, 7), (2, 6), (3, 4), (3, 6), (5, 6)]","[(0, 1), (3, 4), (6, 7), (0, 2), (0, 4), (0, 5), (0, 7)]",0.16666666138888903
880,"[(0, 6), (1, 5), (1, 6), (2, 5), (3, 4), (3, 5)]","[(1, 2), (5, 6), (0, 2), (4, 6), (3, 6), (0, 6)]",0.0
886,"[(0, 6), (1, 5), (1, 6), (2, 5), (3, 4), (3, 5)]","[(2, 3), (5, 6), (1, 3), (4, 6), (0, 3), (0, 6)]",0.0
887,"[(0, 6), (1, 5), (1, 6), (2, 5), (3, 4), (3, 5)]","[(5, 6), (4, 6), (3, 6), (2, 6), (1, 6), (0, 6)]",0.19999999460000012
888,"[(0, 6), (1, 5), (1, 6), (2, 5), (3, 4), (3, 5)]","[(1, 2), (4, 5), (1, 3), (4, 6), (1, 6), (0, 6)]",0.19999999460000012
884,"[(0, 1), (0, 5), (2, 4), (2, 5), (3, 4)]","[(2, 3), (1, 3), (0, 3), (0, 4), (0, 5)]",0.0
889,"[(0, 5), (1, 4), (1, 5), (2, 4), (3, 4)]","[(0, 1), (0, 2), (0, 3), (0, 4), (0, 5)]",0.0
881,"[(0, 4), (1, 3), (1, 4), (2, 3)]","[(1, 2), (1, 3), (0, 3), (0, 4)]",0.33333332722222225
882,"[(0, 4), (1, 3), (1, 4), (2, 3)]","[(3, 4), (2, 4), (1, 4), (0, 4)]",0.33333332722222225
885,"[(0, 4), (1, 3), (1, 4), (2, 3)]","[(0, 1), (0, 2), (0, 3), (0, 4)]",0.0
892,"[(0, 7), (1, 6), (1, 7), (2, 6), (3, 5), (3, 6), (4, 5)]","[(0, 1), (0, 2), (0, 3), (0, 4), (0, 5), (0, 6), (0, 7)]",0.0
897,"[(0, 7), (1, 6), (1, 7), (2, 6), (3, 6), (4, 5), (4, 6)]","[(6, 7), (5, 7), (4, 7), (3, 7), (2, 7), (1, 7), (0, 7)]",0.16666666138888903
890,"[(0, 2), (0, 6), (1, 2), (3, 5), (3, 6), (4, 5)]","[(0, 1), (2, 3), (5, 6), (4, 6), (2, 6), (0, 6)]",0.0
895,"[(0, 6), (1, 5), (1, 6), (2, 5), (3, 4), (3, 5)]","[(0, 1), (2, 3), (4, 5), (4, 6), (0, 3), (0, 6)]",0.0
898,"[(0, 6), (1, 5), (1, 6), (2, 5), (3, 4), (3, 5)]","[(0, 1), (2, 3), (4, 5), (4, 6), (2, 6), (0, 6)]",0.0
891,"[(0, 5), (1, 4), (1, 5), (2, 4), (3, 4)]","[(0, 1), (0, 2), (0, 3), (0, 4), (0, 5)]",0.0
893,"[(0, 1), (0, 5), (2, 4), (2, 5), (3, 4)]","[(0, 1), (2, 3), (4, 5), (2, 5), (0, 5)]",0.4999999937500001
894,"[(0, 5), (1, 4), (1, 5), (2, 3), (2, 4)]","[(0, 1), (3, 4), (0, 2), (0, 4), (0, 5)]",0.0
896,"[(0, 3), (1, 2), (1, 3)]","[(2, 3), (1, 3), (0, 3)]",0.0
899,"[(0, 3), (1, 2), (1, 3)]","[(2, 3), (1, 3), (0, 3)]",0.0
907,"[(0, 2), (0, 7), (0, 18), (1, 2), (3, 7), (4, 5), (4, 6), (4, 7), (8, 18), (9, 17), (9, 18), (10, 17), (11, 12), (11, 13), (11, 17), (14, 17), (15, 16), (15, 17)]","[(0, 1), (6, 7), (16, 17), (0, 2), (6, 8), (16, 18), (0, 3), (6, 9), (0, 4), (6, 10), (0, 5), (6, 11), (0, 11), (0, 12), (0, 13), (0, 14), (0, 15), (0, 18)]",0.05882352437716305
908,"[(0, 2), (0, 15), (1, 2), (3, 11), (3, 14), (3, 15), (4, 11), (5, 6), (5, 7), (5, 11), (8, 11), (9, 10), (9, 11), (12, 14), (13, 14)]","[(6, 7), (13, 14), (5, 7), (12, 14), (11, 14), (10, 14), (9, 14), (8, 14), (5, 14), (4, 14), (3, 14), (2, 14), (1, 14), (0, 14), (0, 15)]",0.21428570913265316
906,"[(0, 3), (0, 12), (1, 2), (1, 3), (4, 12), (5, 11), (5, 12), (6, 11), (7, 10), (7, 11), (8, 10), (9, 10)]","[(10, 11), (9, 11), (9, 12), (8, 12), (7, 12), (6, 12), (5, 12), (4, 12), (3, 12), (2, 12), (1, 12), (0, 12)]",0.18181817665289268
901,"[(0, 6), (1, 5), (1, 6), (2, 5), (3, 4), (3, 5)]","[(0, 1), (3, 4), (5, 6), (0, 2), (3, 6), (0, 6)]",0.19999999460000012
903,"[(0, 5), (1, 4), (1, 5), (2, 4), (3, 4)]","[(4, 5), (3, 5), (2, 5), (1, 5), (0, 5)]",0.2499999943750001
904,"[(0, 5), (1, 4), (1, 5), (2, 4), (3, 4)]","[(4, 5), (3, 5), (2, 5), (1, 5), (0, 5)]",0.2499999943750001
900,"[(0, 4), (1, 3), (1, 4), (2, 3)]","[(0, 1), (0, 2), (0, 3), (0, 4)]",0.0
902,"[(0, 4), (1, 3), (1, 4), (2, 3)]","[(3, 4), (2, 4), (1, 4), (0, 4)]",0.33333332722222225
905,"[(0, 1), (0, 4), (2, 3), (2, 4)]","[(0, 1), (2, 3), (0, 3), (0, 4)]",0.6666666594444445
909,"[(0, 4), (1, 3), (1, 4), (2, 3)]","[(0, 1), (0, 2), (0, 3), (0, 4)]",0.0
913,"[(0, 9), (1, 8), (1, 9), (2, 7), (2, 8), (3, 4), (3, 7), (5, 7), (6, 7)]","[(0, 1), (4, 5), (8, 9), (0, 2), (4, 6), (0, 3), (4, 7), (0, 7), (0, 9)]",0.0
916,"[(0, 2), (0, 7), (1, 2), (3, 6), (3, 7), (4, 6), (5, 6)]","[(0, 1), (2, 3), (2, 4), (2, 5), (0, 5), (0, 6), (0, 7)]",0.0
910,"[(0, 6), (1, 3), (1, 5), (1, 6), (2, 3), (4, 5)]","[(0, 1), (0, 2), (0, 3), (0, 4), (0, 5), (0, 6)]",0.0
915,"[(0, 6), (1, 5), (1, 6), (2, 5), (3, 4), (3, 5)]","[(0, 1), (0, 2), (0, 3), (0, 4), (0, 5), (0, 6)]",0.0
917,"[(0, 6), (1, 5), (1, 6), (2, 5), (3, 5), (4, 5)]","[(0, 1), (2, 3), (5, 6), (4, 6), (2, 6), (0, 6)]",0.0
919,"[(0, 6), (1, 3), (1, 5), (1, 6), (2, 3), (4, 5)]","[(5, 6), (4, 6), (3, 6), (2, 6), (1, 6), (0, 6)]",0.19999999460000012
911,"[(0, 5), (1, 4), (1, 5), (2, 3), (2, 4)]","[(0, 1), (0, 2), (0, 3), (0, 4), (0, 5)]",0.0
914,"[(0, 5), (1, 4), (1, 5), (2, 4), (3, 4)]","[(2, 3), (2, 4), (1, 4), (0, 4), (0, 5)]",0.4999999937500001
918,"[(0, 5), (1, 4), (1, 5), (2, 4), (3, 4)]","[(0, 1), (0, 2), (0, 3), (0, 4), (0, 5)]",0.0
912,"[(0, 3), (1, 2), (1, 3)]","[(2, 3), (1, 3), (0, 3)]",0.0
922,"[(0, 2), (0, 7), (1, 2), (3, 6), (3, 7), (4, 6), (5, 6)]","[(4, 5), (3, 5), (2, 5), (2, 6), (1, 6), (0, 6), (0, 7)]",0.0
926,"[(0, 6), (1, 5), (1, 6), (2, 5), (3, 4), (3, 5)]","[(1, 2), (3, 4), (5, 6), (0, 2), (0, 4), (0, 6)]",0.19999999460000012
928,"[(0, 6), (1, 5), (1, 6), (2, 5), (3, 4), (3, 5)]","[(0, 1), (0, 2), (0, 3), (0, 4), (0, 5), (0, 6)]",0.0
921,"[(0, 5), (1, 4), (1, 5), (2, 4), (3, 4)]","[(3, 4), (2, 4), (1, 4), (1, 5), (0, 5)]",0.7499999931250001
924,"[(0, 5), (1, 4), (1, 5), (2, 4), (3, 4)]","[(1, 2), (3, 4), (1, 4), (1, 5), (0, 5)]",0.4999999937500001
927,"[(0, 5), (1, 4), (1, 5), (2, 4), (3, 4)]","[(2, 3), (2, 4), (1, 4), (1, 5), (0, 5)]",0.7499999931250001
929,"[(0, 5), (1, 4), (1, 5), (2, 4), (3, 4)]","[(2, 3), (4, 5), (1, 3), (1, 5), (0, 5)]",0.2499999943750001
920,"[(0, 4), (1, 3), (1, 4), (2, 3)]","[(1, 2), (1, 3), (0, 3), (0, 4)]",0.33333332722222225
925,"[(0, 4), (1, 3), (1, 4), (2, 3)]","[(0, 1), (3, 4), (0, 2), (0, 4)]",0.0
923,"[(0, 3), (1, 2), (1, 3)]","[(1, 2), (0, 2), (0, 3)]",0.4999999925000001
939,"[(0, 12), (1, 2), (1, 12), (3, 12), (4, 11), (4, 12), (5, 11), (6, 11), (7, 11), (8, 9), (8, 10), (8, 11)]","[(7, 8), (9, 10), (11, 12), (7, 10), (6, 10), (5, 10), (4, 10), (3, 10), (2, 10), (1, 10), (0, 10), (0, 12)]",0.0
936,"[(0, 7), (1, 6), (1, 7), (2, 3), (2, 6), (4, 5), (4, 6)]","[(0, 1), (3, 4), (6, 7), (2, 4), (2, 5), (2, 7), (0, 7)]",0.0
930,"[(0, 6), (1, 5), (1, 6), (2, 5), (3, 5), (4, 5)]","[(5, 6), (4, 6), (3, 6), (2, 6), (1, 6), (0, 6)]",0.19999999460000012
938,"[(0, 6), (1, 2), (1, 5), (1, 6), (3, 5), (4, 5)]","[(0, 1), (2, 3), (4, 5), (0, 3), (0, 5), (0, 6)]",0.0
931,"[(0, 5), (1, 4), (1, 5), (2, 3), (2, 4)]","[(0, 1), (2, 3), (4, 5), (2, 5), (0, 5)]",0.2499999943750001
932,"[(0, 5), (1, 4), (1, 5), (2, 4), (3, 4)]","[(4, 5), (3, 5), (2, 5), (1, 5), (0, 5)]",0.2499999943750001
933,"[(0, 5), (1, 2), (1, 4), (1, 5), (3, 4)]","[(4, 5), (3, 5), (2, 5), (1, 5), (0, 5)]",0.2499999943750001
935,"[(0, 5), (1, 4), (1, 5), (2, 3), (2, 4)]","[(0, 1), (2, 3), (4, 5), (2, 5), (0, 5)]",0.2499999943750001
934,"[(0, 4), (1, 3), (1, 4), (2, 3)]","[(0, 1), (0, 2), (0, 3), (0, 4)]",0.0
937,"[(0, 4), (1, 3), (1, 4), (2, 3)]","[(0, 1), (3, 4), (2, 4), (0, 4)]",0.0
941,"[(0, 6), (0, 13), (1, 6), (2, 6), (3, 4), (3, 5), (3, 6), (7, 13), (8, 9), (8, 12), (8, 13), (10, 12), (11, 12)]","[(12, 13), (11, 13), (10, 13), (9, 13), (8, 13), (7, 13), (6, 13), (5, 13), (4, 13), (3, 13), (2, 13), (1, 13), (0, 13)]",0.16666666152777793
943,"[(0, 7), (1, 4), (1, 6), (1, 7), (2, 3), (2, 4), (5, 6)]","[(1, 2), (5, 6), (1, 3), (4, 6), (0, 3), (4, 7), (0, 7)]",0.0
940,"[(0, 6), (1, 4), (1, 5), (1, 6), (2, 4), (3, 4)]","[(5, 6), (4, 6), (3, 6), (2, 6), (1, 6), (0, 6)]",0.19999999460000012
944,"[(0, 6), (1, 5), (1, 6), (2, 5), (3, 5), (4, 5)]","[(0, 1), (3, 4), (5, 6), (0, 2), (0, 4), (0, 6)]",0.0
949,"[(0, 6), (1, 5), (1, 6), (2, 5), (3, 4), (3, 5)]","[(1, 2), (5, 6), (0, 2), (4, 6), (3, 6), (0, 6)]",0.0
942,"[(0, 5), (1, 2), (1, 4), (1, 5), (3, 4)]","[(0, 1), (0, 2), (0, 3), (0, 4), (0, 5)]",0.0
945,"[(0, 5), (1, 4), (1, 5), (2, 4), (3, 4)]","[(2, 3), (4, 5), (2, 5), (1, 5), (0, 5)]",0.2499999943750001
946,"[(0, 5), (1, 4), (1, 5), (2, 4), (3, 4)]","[(2, 3), (2, 4), (1, 4), (1, 5), (0, 5)]",0.7499999931250001
947,"[(0, 5), (1, 4), (1, 5), (2, 3), (2, 4)]","[(0, 1), (2, 3), (2, 4), (0, 4), (0, 5)]",0.2499999943750001
948,"[(0, 5), (1, 4), (1, 5), (2, 4), (3, 4)]","[(4, 5), (3, 5), (2, 5), (1, 5), (0, 5)]",0.2499999943750001
959,"[(0, 10), (1, 6), (1, 9), (1, 10), (2, 3), (2, 4), (2, 6), (5, 6), (7, 9), (8, 9)]","[(9, 10), (8, 10), (7, 10), (6, 10), (5, 10), (4, 10), (3, 10), (2, 10), (1, 10), (0, 10)]",0.11111110598765454
958,"[(0, 6), (1, 4), (1, 6), (2, 4), (3, 4), (5, 6)]","[(0, 1), (3, 4), (0, 2), (3, 5), (3, 6), (0, 6)]",0.19999999460000012
951,"[(0, 5), (1, 4), (1, 5), (2, 4), (3, 4)]","[(0, 1), (3, 4), (0, 2), (3, 5), (0, 5)]",0.0
954,"[(0, 5), (1, 2), (1, 4), (1, 5), (3, 4)]","[(2, 3), (4, 5), (1, 3), (0, 3), (0, 5)]",0.0
952,"[(0, 4), (1, 3), (1, 4), (2, 3)]","[(0, 1), (3, 4), (0, 2), (0, 4)]",0.0
953,"[(0, 4), (1, 3), (1, 4), (2, 3)]","[(1, 2), (3, 4), (1, 4), (0, 4)]",0.33333332722222225
956,"[(0, 1), (0, 4), (2, 3), (2, 4)]","[(0, 1), (0, 2), (0, 3), (0, 4)]",0.33333332722222225
957,"[(0, 3), (0, 4), (1, 2), (1, 3)]","[(0, 1), (0, 2), (0, 3), (0, 4)]",0.33333332722222225
950,"[(0, 3), (1, 2), (1, 3)]","[(2, 3), (1, 3), (0, 3)]",0.0
955,"[(0, 3), (1, 2), (1, 3)]","[(0, 1), (0, 2), (0, 3)]",0.0
960,"[(0, 8), (1, 3), (1, 7), (1, 8), (2, 3), (4, 7), (5, 7), (6, 7)]","[(0, 1), (0, 2), (0, 3), (0, 4), (0, 5), (0, 6), (0, 7), (0, 8)]",0.0
965,"[(0, 8), (1, 5), (1, 7), (1, 8), (2, 3), (2, 4), (2, 5), (6, 7)]","[(7, 8), (6, 8), (5, 8), (4, 8), (3, 8), (2, 8), (1, 8), (0, 8)]",0.14285713765306143
964,"[(0, 6), (0, 7), (1, 6), (2, 6), (3, 6), (4, 6), (5, 6)]","[(2, 3), (2, 4), (2, 5), (2, 6), (2, 7), (1, 7), (0, 7)]",0.16666666138888903
966,"[(0, 7), (1, 6), (1, 7), (2, 3), (2, 6), (4, 6), (5, 6)]","[(3, 4), (6, 7), (5, 7), (3, 7), (2, 7), (1, 7), (0, 7)]",0.16666666138888903
967,"[(0, 7), (1, 3), (1, 6), (1, 7), (2, 3), (4, 5), (4, 6)]","[(6, 7), (5, 7), (4, 7), (3, 7), (2, 7), (1, 7), (0, 7)]",0.16666666138888903
962,"[(0, 1), (0, 2), (0, 6), (3, 5), (3, 6), (4, 5)]","[(1, 2), (3, 4), (5, 6), (3, 6), (1, 6), (0, 6)]",0.19999999460000012
963,"[(0, 5), (1, 4), (1, 5), (2, 4), (3, 4)]","[(3, 4), (2, 4), (1, 4), (0, 4), (0, 5)]",0.4999999937500001
968,"[(0, 5), (1, 4), (1, 5), (2, 4), (3, 4)]","[(1, 2), (4, 5), (3, 5), (1, 5), (0, 5)]",0.2499999943750001
961,"[(0, 4), (1, 3), (1, 4), (2, 3)]","[(0, 1), (0, 2), (0, 3), (0, 4)]",0.0
969,"[(0, 3), (1, 2), (1, 3)]","[(0, 1), (2, 3), (0, 3)]",0.0
974,"[(0, 7), (1, 6), (1, 7), (2, 6), (3, 4), (3, 6), (5, 6)]","[(0, 1), (2, 3), (4, 5), (2, 5), (2, 6), (0, 6), (0, 7)]",0.16666666138888903
975,"[(0, 7), (1, 6), (1, 7), (2, 6), (3, 4), (3, 6), (5, 6)]","[(3, 4), (5, 6), (2, 4), (2, 6), (2, 7), (1, 7), (0, 7)]",0.4999999941666667
978,"[(0, 7), (1, 3), (1, 6), (1, 7), (2, 3), (4, 6), (5, 6)]","[(6, 7), (5, 7), (4, 7), (3, 7), (2, 7), (1, 7), (0, 7)]",0.16666666138888903
979,"[(0, 7), (1, 6), (1, 7), (2, 6), (3, 4), (3, 6), (5, 6)]","[(0, 1), (3, 4), (0, 2), (3, 5), (0, 5), (0, 6), (0, 7)]",0.16666666138888903
973,"[(0, 5), (0, 6), (1, 2), (1, 3), (1, 5), (4, 5)]","[(0, 1), (0, 2), (0, 3), (0, 4), (0, 5), (0, 6)]",0.19999999460000012
976,"[(0, 6), (1, 5), (1, 6), (2, 5), (3, 5), (4, 5)]","[(4, 5), (3, 5), (2, 5), (1, 5), (0, 5), (0, 6)]",0.5999999938
970,"[(0, 5), (1, 4), (1, 5), (2, 4), (3, 4)]","[(0, 1), (2, 3), (0, 3), (0, 4), (0, 5)]",0.0
972,"[(0, 5), (1, 4), (1, 5), (2, 4), (3, 4)]","[(4, 5), (3, 5), (2, 5), (1, 5), (0, 5)]",0.2499999943750001
971,"[(0, 4), (1, 3), (1, 4), (2, 3)]","[(0, 1), (0, 2), (0, 3), (0, 4)]",0.0
977,"[(0, 3), (1, 2), (1, 3)]","[(0, 1), (0, 2), (0, 3)]",0.0
985,"[(0, 2), (0, 13), (1, 2), (3, 12), (3, 13), (4, 7), (4, 12), (5, 6), (5, 7), (8, 12), (9, 12), (10, 12), (11, 12)]","[(1, 2), (3, 4), (5, 6), (8, 9), (11, 12), (10, 12), (3, 6), (3, 7), (8, 12), (8, 13), (1, 7), (0, 7), (0, 13)]",0.3333333280555556
983,"[(0, 11), (1, 10), (1, 11), (2, 3), (2, 4), (2, 10), (5, 10), (6, 7), (6, 10), (8, 9), (8, 10)]","[(4, 5), (8, 9), (3, 5), (8, 10), (2, 5), (8, 11), (1, 5), (1, 6), (1, 7), (1, 11), (0, 11)]",0.19999999480000014
986,"[(0, 9), (1, 8), (1, 9), (2, 8), (3, 8), (4, 8), (5, 8), (6, 8), (7, 8)]","[(1, 2), (7, 8), (7, 9), (6, 9), (5, 9), (4, 9), (3, 9), (1, 9), (0, 9)]",0.12499999484375018
981,"[(0, 7), (1, 6), (1, 7), (2, 6), (3, 4), (3, 6), (5, 6)]","[(0, 1), (2, 3), (4, 5), (6, 7), (4, 7), (2, 7), (0, 7)]",0.0
982,"[(0, 7), (1, 3), (1, 6), (1, 7), (2, 3), (4, 6), (5, 6)]","[(5, 6), (4, 6), (4, 7), (3, 7), (2, 7), (1, 7), (0, 7)]",0.3333333277777778
984,"[(0, 7), (1, 3), (1, 6), (1, 7), (2, 3), (4, 6), (5, 6)]","[(1, 2), (1, 3), (1, 4), (1, 5), (1, 6), (1, 7), (0, 7)]",0.4999999941666667
988,"[(0, 7), (1, 2), (1, 6), (1, 7), (3, 6), (4, 6), (5, 6)]","[(3, 4), (3, 5), (2, 5), (2, 6), (1, 6), (1, 7), (0, 7)]",0.3333333277777778
989,"[(0, 6), (1, 5), (1, 6), (2, 5), (3, 4), (3, 5)]","[(2, 3), (4, 5), (2, 5), (2, 6), (1, 6), (0, 6)]",0.39999999420000004
987,"[(0, 5), (1, 4), (1, 5), (2, 4), (3, 4)]","[(0, 1), (3, 4), (2, 4), (0, 4), (0, 5)]",0.2499999943750001
980,"[(0, 4), (1, 3), (1, 4), (2, 3)]","[(0, 1), (3, 4), (2, 4), (0, 4)]",0.0
992,"[(0, 1), (0, 2), (0, 3), (0, 9), (4, 8), (4, 9), (5, 8), (6, 7), (6, 8)]","[(1, 2), (1, 3), (0, 3), (0, 4), (0, 5), (0, 6), (0, 7), (0, 8), (0, 9)]",0.12499999484375018
998,"[(0, 8), (1, 7), (1, 8), (2, 7), (3, 4), (3, 7), (5, 6), (5, 7)]","[(7, 8), (6, 8), (5, 8), (4, 8), (3, 8), (2, 8), (1, 8), (0, 8)]",0.14285713765306143
991,"[(0, 7), (1, 6), (1, 7), (2, 6), (3, 6), (4, 5), (4, 6)]","[(0, 1), (2, 3), (4, 5), (0, 3), (0, 5), (0, 6), (0, 7)]",0.16666666138888903
993,"[(0, 6), (1, 5), (1, 6), (2, 5), (3, 4), (3, 5)]","[(5, 6), (4, 6), (3, 6), (2, 6), (1, 6), (0, 6)]",0.19999999460000012
995,"[(0, 6), (1, 5), (1, 6), (2, 5), (3, 4), (3, 5)]","[(0, 1), (3, 4), (5, 6), (3, 6), (2, 6), (0, 6)]",0.19999999460000012
996,"[(0, 6), (1, 5), (1, 6), (2, 5), (3, 4), (3, 5)]","[(4, 5), (3, 5), (2, 5), (1, 5), (0, 5), (0, 6)]",0.39999999420000004
997,"[(0, 6), (1, 5), (1, 6), (2, 3), (2, 5), (4, 5)]","[(0, 1), (3, 4), (0, 2), (3, 5), (0, 5), (0, 6)]",0.0
999,"[(0, 6), (1, 5), (1, 6), (2, 5), (3, 4), (3, 5)]","[(0, 1), (2, 3), (4, 5), (0, 3), (0, 5), (0, 6)]",0.0
990,"[(0, 5), (1, 4), (1, 5), (2, 4), (3, 4)]","[(0, 1), (0, 2), (0, 3), (0, 4), (0, 5)]",0.0
994,"[(0, 5), (1, 2), (1, 4), (1, 5), (3, 4)]","[(3, 4), (2, 4), (1, 4), (0, 4), (0, 5)]",0.2499999943750001
