3,"[(0, 10), (1, 8), (1, 10), (2, 8), (3, 4), (3, 8), (5, 6), (5, 7), (5, 8), (9, 10)]","[(9, 10), (8, 10), (7, 10), (6, 10), (5, 10), (4, 10), (3, 10), (2, 10), (1, 10), (0, 10)]",0.11111110598765454
0,"[(0, 9), (1, 2), (1, 9), (3, 7), (3, 9), (4, 7), (5, 7), (6, 7), (8, 9)]","[(0, 1), (0, 2), (0, 3), (0, 4), (0, 5), (0, 6), (0, 7), (0, 8), (0, 9)]",0.0
2,"[(0, 9), (1, 7), (1, 9), (2, 7), (3, 4), (3, 7), (5, 6), (5, 7), (8, 9)]","[(0, 1), (2, 3), (4, 5), (6, 7), (8, 9), (0, 3), (0, 5), (0, 7), (0, 9)]",0.0
7,"[(0, 9), (1, 2), (1, 9), (3, 9), (4, 7), (4, 9), (5, 7), (6, 7), (8, 9)]","[(0, 1), (4, 5), (6, 7), (6, 8), (4, 8), (3, 8), (2, 8), (2, 9), (0, 9)]",0.12499999484375018
4,"[(0, 7), (1, 5), (1, 7), (2, 5), (3, 5), (4, 5), (6, 7)]","[(1, 2), (4, 5), (6, 7), (4, 7), (3, 7), (1, 7), (0, 7)]",0.3333333277777778
6,"[(0, 7), (1, 5), (1, 7), (2, 5), (3, 5), (4, 5), (6, 7)]","[(1, 2), (6, 7), (0, 2), (5, 7), (0, 3), (0, 4), (0, 7)]",0.0
8,"[(0, 7), (1, 5), (1, 7), (2, 3), (2, 4), (2, 5), (6, 7)]","[(6, 7), (5, 7), (4, 7), (3, 7), (2, 7), (1, 7), (0, 7)]",0.16666666138888903
1,"[(0, 5), (1, 3), (1, 5), (2, 3), (4, 5)]","[(3, 4), (3, 5), (2, 5), (1, 5), (0, 5)]",0.2499999943750001
5,"[(0, 5), (1, 3), (1, 5), (2, 3), (4, 5)]","[(1, 2), (3, 4), (1, 4), (1, 5), (0, 5)]",0.2499999943750001
9,"[(0, 4), (1, 2), (1, 4), (3, 4)]","[(2, 3), (2, 4), (1, 4), (0, 4)]",0.33333332722222225
19,"[(0, 11), (1, 6), (1, 9), (1, 11), (2, 6), (3, 6), (4, 5), (4, 6), (7, 9), (8, 9), (10, 11)]","[(2, 3), (4, 5), (6, 7), (9, 10), (1, 3), (9, 11), (8, 11), (1, 5), (1, 7), (1, 11), (0, 11)]",0.19999999480000014
17,"[(0, 2), (0, 9), (1, 2), (3, 5), (3, 7), (3, 9), (4, 5), (6, 7), (8, 9)]","[(0, 1), (2, 3), (4, 5), (6, 7), (4, 7), (4, 8), (2, 8), (2, 9), (0, 9)]",0.24999999468750006
12,"[(0, 8), (1, 6), (1, 8), (2, 6), (3, 6), (4, 5), (4, 6), (7, 8)]","[(7, 8), (6, 8), (5, 8), (4, 8), (3, 8), (2, 8), (1, 8), (0, 8)]",0.14285713765306143
14,"[(0, 2), (0, 8), (1, 2), (3, 5), (3, 6), (3, 8), (4, 5), (7, 8)]","[(1, 2), (3, 4), (5, 6), (7, 8), (3, 6), (3, 8), (1, 8), (0, 8)]",0.42857142295918377
15,"[(0, 8), (1, 6), (1, 8), (2, 6), (3, 4), (3, 6), (5, 6), (7, 8)]","[(7, 8), (6, 8), (5, 8), (4, 8), (3, 8), (2, 8), (1, 8), (0, 8)]",0.14285713765306143
10,"[(0, 7), (1, 5), (1, 7), (2, 5), (3, 4), (3, 5), (6, 7)]","[(0, 1), (0, 2), (0, 3), (0, 4), (0, 5), (0, 6), (0, 7)]",0.0
13,"[(0, 7), (1, 5), (1, 7), (2, 5), (3, 5), (4, 5), (6, 7)]","[(3, 4), (6, 7), (5, 7), (3, 7), (2, 7), (1, 7), (0, 7)]",0.16666666138888903
18,"[(0, 7), (1, 5), (1, 7), (2, 5), (3, 5), (4, 5), (6, 7)]","[(2, 3), (4, 5), (6, 7), (1, 3), (1, 5), (1, 7), (0, 7)]",0.4999999941666667
11,"[(0, 5), (1, 3), (1, 5), (2, 3), (4, 5)]","[(0, 1), (3, 4), (2, 4), (0, 4), (0, 5)]",0.0
16,"[(0, 4), (1, 2), (1, 4), (3, 4)]","[(3, 4), (2, 4), (1, 4), (0, 4)]",0.33333332722222225
28,"[(0, 8), (1, 2), (1, 6), (1, 8), (3, 4), (3, 6), (5, 6), (7, 8)]","[(0, 1), (3, 4), (5, 6), (7, 8), (2, 4), (5, 8), (2, 8), (0, 8)]",0.28571428030612256
29,"[(0, 8), (1, 4), (1, 6), (1, 8), (2, 4), (3, 4), (5, 6), (7, 8)]","[(7, 8), (6, 8), (5, 8), (4, 8), (3, 8), (2, 8), (1, 8), (0, 8)]",0.14285713765306143
20,"[(0, 5), (0, 7), (1, 3), (1, 5), (2, 3), (4, 5), (6, 7)]","[(0, 1), (0, 2), (0, 3), (0, 4), (0, 5), (0, 6), (0, 7)]",0.16666666138888903
23,"[(0, 7), (1, 5), (1, 7), (2, 5), (3, 5), (4, 5), (6, 7)]","[(2, 3), (5, 6), (1, 3), (5, 7), (0, 3), (4, 7), (0, 7)]",0.0
27,"[(0, 2), (0, 7), (1, 2), (3, 5), (3, 7), (4, 5), (6, 7)]","[(0, 1), (0, 2), (0, 3), (0, 4), (0, 5), (0, 6), (0, 7)]",0.16666666138888903
25,"[(0, 6), (1, 4), (1, 6), (2, 4), (3, 4), (5, 6)]","[(2, 3), (5, 6), (1, 3), (4, 6), (1, 6), (0, 6)]",0.19999999460000012
22,"[(0, 5), (1, 3), (1, 5), (2, 3), (4, 5)]","[(0, 1), (2, 3), (2, 4), (0, 4), (0, 5)]",0.2499999943750001
24,"[(0, 5), (1, 3), (1, 5), (2, 3), (4, 5)]","[(0, 1), (3, 4), (2, 4), (2, 5), (0, 5)]",0.0
21,"[(0, 4), (1, 2), (1, 4), (3, 4)]","[(1, 2), (0, 2), (0, 3), (0, 4)]",0.33333332722222225
26,"[(0, 4), (1, 2), (1, 4), (3, 4)]","[(0, 1), (2, 3), (0, 3), (0, 4)]",0.0
31,"[(0, 8), (1, 6), (1, 8), (2, 6), (3, 6), (4, 6), (5, 6), (7, 8)]","[(0, 1), (3, 4), (6, 7), (0, 2), (5, 7), (3, 7), (3, 8), (0, 8)]",0.0
35,"[(0, 8), (1, 6), (1, 8), (2, 6), (3, 6), (4, 5), (4, 6), (7, 8)]","[(6, 7), (5, 7), (4, 7), (3, 7), (2, 7), (1, 7), (1, 8), (0, 8)]",0.14285713765306143
30,"[(0, 1), (0, 2), (0, 7), (3, 5), (3, 7), (4, 5), (6, 7)]","[(0, 1), (2, 3), (5, 6), (0, 3), (0, 4), (0, 6), (0, 7)]",0.16666666138888903
33,"[(0, 2), (0, 7), (1, 2), (3, 5), (3, 7), (4, 5), (6, 7)]","[(0, 1), (2, 3), (4, 5), (6, 7), (0, 3), (0, 5), (0, 7)]",0.16666666138888903
38,"[(0, 7), (1, 5), (1, 7), (2, 5), (3, 4), (3, 5), (6, 7)]","[(0, 1), (3, 4), (5, 6), (0, 2), (3, 6), (0, 6), (0, 7)]",0.16666666138888903
39,"[(0, 7), (1, 5), (1, 7), (2, 5), (3, 4), (3, 5), (6, 7)]","[(0, 1), (2, 3), (4, 5), (6, 7), (4, 7), (2, 7), (0, 7)]",0.0
32,"[(0, 6), (1, 4), (1, 6), (2, 4), (3, 4), (5, 6)]","[(0, 1), (0, 2), (0, 3), (0, 4), (0, 5), (0, 6)]",0.0
34,"[(0, 6), (1, 4), (1, 6), (2, 3), (2, 4), (5, 6)]","[(0, 1), (2, 3), (4, 5), (2, 5), (0, 5), (0, 6)]",0.19999999460000012
36,"[(0, 6), (1, 4), (1, 6), (2, 3), (2, 4), (5, 6)]","[(0, 1), (2, 3), (4, 5), (4, 6), (0, 3), (0, 6)]",0.19999999460000012
37,"[(0, 6), (1, 3), (1, 4), (1, 6), (2, 3), (5, 6)]","[(0, 1), (2, 3), (4, 5), (4, 6), (0, 3), (0, 6)]",0.19999999460000012
40,"[(0, 8), (1, 6), (1, 8), (2, 6), (3, 4), (3, 6), (5, 6), (7, 8)]","[(0, 1), (0, 2), (0, 3), (0, 4), (0, 5), (0, 6), (0, 7), (0, 8)]",0.0
43,"[(0, 6), (0, 8), (1, 2), (1, 3), (1, 6), (4, 6), (5, 6), (7, 8)]","[(7, 8), (6, 8), (5, 8), (4, 8), (3, 8), (2, 8), (1, 8), (0, 8)]",0.0
48,"[(0, 8), (1, 2), (1, 6), (1, 8), (3, 6), (4, 5), (4, 6), (7, 8)]","[(7, 8), (6, 8), (5, 8), (4, 8), (3, 8), (2, 8), (1, 8), (0, 8)]",0.14285713765306143
41,"[(0, 7), (1, 5), (1, 7), (2, 5), (3, 4), (3, 5), (6, 7)]","[(1, 2), (4, 5), (1, 3), (1, 5), (1, 6), (0, 6), (0, 7)]",0.16666666138888903
42,"[(0, 2), (0, 7), (1, 2), (3, 5), (3, 7), (4, 5), (6, 7)]","[(0, 1), (3, 4), (6, 7), (5, 7), (3, 7), (2, 7), (0, 7)]",0.16666666138888903
47,"[(0, 7), (1, 5), (1, 7), (2, 3), (2, 5), (4, 5), (6, 7)]","[(0, 1), (0, 2), (0, 3), (0, 4), (0, 5), (0, 6), (0, 7)]",0.0
46,"[(0, 6), (1, 4), (1, 6), (2, 4), (3, 4), (5, 6)]","[(4, 5), (4, 6), (3, 6), (2, 6), (1, 6), (0, 6)]",0.19999999460000012
49,"[(0, 6), (1, 2), (1, 4), (1, 6), (3, 4), (5, 6)]","[(1, 2), (1, 3), (1, 4), (1, 5), (1, 6), (0, 6)]",0.5999999938
44,"[(0, 4), (1, 2), (1, 4), (3, 4)]","[(1, 2), (3, 4), (1, 4), (0, 4)]",0.6666666594444445
45,"[(0, 4), (1, 2), (1, 4), (3, 4)]","[(0, 1), (0, 2), (0, 3), (0, 4)]",0.0
50,"[(0, 2), (0, 8), (1, 2), (3, 6), (3, 8), (4, 6), (5, 6), (7, 8)]","[(6, 7), (6, 8), (5, 8), (4, 8), (3, 8), (2, 8), (1, 8), (0, 8)]",0.14285713765306143
52,"[(0, 2), (0, 8), (1, 2), (3, 6), (3, 8), (4, 6), (5, 6), (7, 8)]","[(7, 8), (6, 8), (5, 8), (4, 8), (3, 8), (2, 8), (1, 8), (0, 8)]",0.14285713765306143
54,"[(0, 6), (0, 8), (1, 2), (1, 3), (1, 6), (4, 6), (5, 6), (7, 8)]","[(0, 1), (3, 4), (6, 7), (2, 4), (6, 8), (5, 8), (2, 8), (0, 8)]",0.0
53,"[(0, 1), (0, 2), (0, 7), (3, 5), (3, 7), (4, 5), (6, 7)]","[(2, 3), (5, 6), (5, 7), (4, 7), (2, 7), (1, 7), (0, 7)]",0.0
58,"[(0, 7), (1, 5), (1, 7), (2, 4), (2, 5), (3, 4), (6, 7)]","[(2, 3), (5, 6), (1, 3), (5, 7), (4, 7), (1, 7), (0, 7)]",0.16666666138888903
51,"[(0, 1), (0, 2), (0, 6), (3, 4), (3, 6), (5, 6)]","[(1, 2), (3, 4), (5, 6), (1, 4), (1, 6), (0, 6)]",0.19999999460000012
55,"[(0, 6), (1, 4), (1, 6), (2, 4), (3, 4), (5, 6)]","[(2, 3), (4, 5), (2, 5), (2, 6), (1, 6), (0, 6)]",0.19999999460000012
56,"[(0, 6), (1, 4), (1, 6), (2, 4), (3, 4), (5, 6)]","[(5, 6), (4, 6), (3, 6), (2, 6), (1, 6), (0, 6)]",0.19999999460000012
57,"[(0, 6), (1, 4), (1, 6), (2, 3), (2, 4), (5, 6)]","[(5, 6), (4, 6), (3, 6), (2, 6), (1, 6), (0, 6)]",0.19999999460000012
59,"[(0, 5), (1, 3), (1, 5), (2, 3), (4, 5)]","[(0, 1), (4, 5), (3, 5), (2, 5), (0, 5)]",0.0
69,"[(0, 10), (1, 3), (1, 8), (1, 10), (2, 3), (4, 8), (5, 8), (6, 7), (6, 8), (9, 10)]","[(0, 1), (3, 4), (5, 6), (7, 8), (9, 10), (0, 2), (0, 4), (0, 6), (0, 8), (0, 10)]",0.0
64,"[(0, 7), (1, 5), (1, 7), (2, 5), (3, 4), (3, 5), (6, 7)]","[(6, 7), (5, 7), (4, 7), (3, 7), (2, 7), (1, 7), (0, 7)]",0.16666666138888903
68,"[(0, 7), (1, 5), (1, 7), (2, 5), (3, 5), (4, 5), (6, 7)]","[(0, 1), (0, 2), (0, 3), (0, 4), (0, 5), (0, 6), (0, 7)]",0.0
60,"[(0, 1), (0, 6), (2, 4), (2, 6), (3, 4), (5, 6)]","[(1, 2), (1, 3), (1, 4), (0, 4), (0, 5), (0, 6)]",0.0
62,"[(0, 1), (0, 6), (2, 4), (2, 6), (3, 4), (5, 6)]","[(1, 2), (4, 5), (4, 6), (3, 6), (1, 6), (0, 6)]",0.0
63,"[(0, 6), (1, 4), (1, 6), (2, 4), (3, 4), (5, 6)]","[(1, 2), (4, 5), (1, 3), (1, 5), (0, 5), (0, 6)]",0.0
65,"[(0, 6), (1, 4), (1, 6), (2, 4), (3, 4), (5, 6)]","[(3, 4), (3, 5), (2, 5), (2, 6), (1, 6), (0, 6)]",0.39999999420000004
66,"[(0, 6), (1, 4), (1, 6), (2, 4), (3, 4), (5, 6)]","[(0, 1), (3, 4), (0, 2), (0, 4), (0, 5), (0, 6)]",0.19999999460000012
67,"[(0, 6), (1, 2), (1, 4), (1, 6), (3, 4), (5, 6)]","[(0, 1), (2, 3), (4, 5), (0, 3), (0, 5), (0, 6)]",0.0
61,"[(0, 5), (1, 3), (1, 5), (2, 3), (4, 5)]","[(0, 1), (4, 5), (0, 2), (0, 3), (0, 5)]",0.0
71,"[(0, 2), (0, 11), (1, 2), (3, 9), (3, 11), (4, 9), (5, 9), (6, 9), (7, 9), (8, 9), (10, 11)]","[(5, 6), (5, 7), (4, 7), (4, 8), (3, 8), (2, 8), (2, 9), (2, 10), (1, 10), (0, 10), (0, 11)]",0.0
70,"[(0, 9), (1, 7), (1, 9), (2, 7), (3, 4), (3, 5), (3, 7), (6, 7), (8, 9)]","[(0, 1), (2, 3), (4, 5), (6, 7), (8, 9), (6, 9), (4, 9), (2, 9), (0, 9)]",0.12499999484375018
78,"[(0, 8), (1, 3), (1, 6), (1, 8), (2, 3), (4, 6), (5, 6), (7, 8)]","[(0, 1), (2, 3), (4, 5), (7, 8), (6, 8), (0, 3), (0, 5), (0, 8)]",0.14285713765306143
76,"[(0, 1), (0, 2), (0, 7), (3, 5), (3, 7), (4, 5), (6, 7)]","[(2, 3), (4, 5), (1, 3), (4, 6), (0, 3), (4, 7), (0, 7)]",0.16666666138888903
72,"[(0, 6), (1, 4), (1, 6), (2, 4), (3, 4), (5, 6)]","[(0, 1), (0, 2), (0, 3), (0, 4), (0, 5), (0, 6)]",0.0
73,"[(0, 1), (0, 6), (2, 4), (2, 6), (3, 4), (5, 6)]","[(0, 1), (0, 2), (0, 3), (0, 4), (0, 5), (0, 6)]",0.19999999460000012
74,"[(0, 6), (1, 4), (1, 6), (2, 4), (3, 4), (5, 6)]","[(1, 2), (3, 4), (1, 4), (1, 5), (0, 5), (0, 6)]",0.39999999420000004
75,"[(0, 1), (0, 6), (2, 4), (2, 6), (3, 4), (5, 6)]","[(0, 1), (0, 2), (0, 3), (0, 4), (0, 5), (0, 6)]",0.19999999460000012
79,"[(0, 5), (1, 3), (1, 5), (2, 3), (4, 5)]","[(0, 1), (2, 3), (0, 3), (0, 4), (0, 5)]",0.2499999943750001
77,"[(0, 4), (1, 2), (1, 4), (3, 4)]","[(3, 4), (2, 4), (1, 4), (0, 4)]",0.33333332722222225
84,"[(0, 7), (1, 5), (1, 7), (2, 5), (3, 4), (3, 5), (6, 7)]","[(6, 7), (5, 7), (4, 7), (3, 7), (2, 7), (1, 7), (0, 7)]",0.16666666138888903
86,"[(0, 2), (0, 7), (1, 2), (3, 4), (3, 5), (3, 7), (6, 7)]","[(6, 7), (5, 7), (4, 7), (3, 7), (2, 7), (1, 7), (0, 7)]",0.16666666138888903
80,"[(0, 6), (1, 4), (1, 6), (2, 4), (3, 4), (5, 6)]","[(5, 6), (4, 6), (3, 6), (2, 6), (1, 6), (0, 6)]",0.19999999460000012
83,"[(0, 6), (1, 4), (1, 6), (2, 3), (2, 4), (5, 6)]","[(3, 4), (5, 6), (3, 6), (2, 6), (1, 6), (0, 6)]",0.19999999460000012
81,"[(0, 5), (1, 3), (1, 5), (2, 3), (4, 5)]","[(1, 2), (3, 4), (0, 2), (0, 4), (0, 5)]",0.0
82,"[(0, 5), (1, 3), (1, 5), (2, 3), (4, 5)]","[(4, 5), (3, 5), (2, 5), (1, 5), (0, 5)]",0.2499999943750001
85,"[(0, 5), (1, 3), (1, 5), (2, 3), (4, 5)]","[(0, 1), (2, 3), (4, 5), (0, 3), (0, 5)]",0.2499999943750001
87,"[(0, 5), (1, 3), (1, 5), (2, 3), (4, 5)]","[(1, 2), (3, 4), (1, 4), (1, 5), (0, 5)]",0.2499999943750001
88,"[(0, 5), (1, 3), (1, 5), (2, 3), (4, 5)]","[(2, 3), (2, 4), (1, 4), (1, 5), (0, 5)]",0.4999999937500001
89,"[(0, 5), (1, 3), (1, 5), (2, 3), (4, 5)]","[(2, 3), (4, 5), (1, 3), (0, 3), (0, 5)]",0.4999999937500001
99,"[(0, 1), (0, 2), (0, 10), (3, 7), (3, 8), (3, 10), (4, 5), (4, 7), (6, 7), (9, 10)]","[(0, 1), (0, 2), (0, 3), (0, 4), (0, 5), (0, 6), (0, 7), (0, 8), (0, 9), (0, 10)]",0.22222221697530875
92,"[(0, 1), (0, 2), (0, 9), (3, 7), (3, 9), (4, 7), (5, 6), (5, 7), (8, 9)]","[(3, 4), (7, 8), (2, 4), (6, 8), (1, 4), (5, 8), (0, 4), (5, 9), (0, 9)]",0.0
90,"[(0, 7), (1, 5), (1, 7), (2, 5), (3, 4), (3, 5), (6, 7)]","[(1, 2), (6, 7), (1, 3), (5, 7), (0, 3), (4, 7), (0, 7)]",0.0
91,"[(0, 2), (0, 7), (1, 2), (3, 5), (3, 7), (4, 5), (6, 7)]","[(0, 1), (0, 2), (0, 3), (0, 4), (0, 5), (0, 6), (0, 7)]",0.16666666138888903
93,"[(0, 6), (1, 4), (1, 6), (2, 3), (2, 4), (5, 6)]","[(4, 5), (3, 5), (2, 5), (2, 6), (1, 6), (0, 6)]",0.19999999460000012
98,"[(0, 6), (1, 4), (1, 6), (2, 3), (2, 4), (5, 6)]","[(3, 4), (5, 6), (3, 6), (2, 6), (1, 6), (0, 6)]",0.19999999460000012
94,"[(0, 5), (1, 3), (1, 5), (2, 3), (4, 5)]","[(0, 1), (0, 2), (0, 3), (0, 4), (0, 5)]",0.0
95,"[(0, 5), (1, 3), (1, 5), (2, 3), (4, 5)]","[(3, 4), (2, 4), (2, 5), (1, 5), (0, 5)]",0.2499999943750001
96,"[(0, 5), (1, 3), (1, 5), (2, 3), (4, 5)]","[(0, 1), (2, 3), (2, 4), (0, 4), (0, 5)]",0.2499999943750001
97,"[(0, 1), (0, 5), (2, 3), (2, 5), (4, 5)]","[(4, 5), (3, 5), (2, 5), (1, 5), (0, 5)]",0.2499999943750001
107,"[(0, 9), (1, 7), (1, 9), (2, 3), (2, 7), (4, 7), (5, 6), (5, 7), (8, 9)]","[(8, 9), (7, 9), (6, 9), (5, 9), (4, 9), (3, 9), (2, 9), (1, 9), (0, 9)]",0.12499999484375018
100,"[(0, 1), (0, 2), (0, 8), (3, 6), (3, 8), (4, 6), (5, 6), (7, 8)]","[(0, 1), (0, 2), (0, 3), (0, 4), (0, 5), (0, 6), (0, 7), (0, 8)]",0.28571428030612256
105,"[(0, 1), (0, 2), (0, 7), (3, 5), (3, 7), (4, 5), (6, 7)]","[(0, 1), (2, 3), (5, 6), (2, 4), (5, 7), (0, 4), (0, 7)]",0.16666666138888903
101,"[(0, 6), (1, 2), (1, 4), (1, 6), (3, 4), (5, 6)]","[(0, 1), (2, 3), (5, 6), (2, 4), (2, 6), (0, 6)]",0.0
103,"[(0, 6), (1, 4), (1, 6), (2, 4), (3, 4), (5, 6)]","[(5, 6), (4, 6), (3, 6), (2, 6), (1, 6), (0, 6)]",0.19999999460000012
104,"[(0, 6), (1, 4), (1, 6), (2, 4), (3, 4), (5, 6)]","[(0, 1), (3, 4), (5, 6), (0, 2), (0, 4), (0, 6)]",0.19999999460000012
102,"[(0, 5), (1, 3), (1, 5), (2, 3), (4, 5)]","[(0, 1), (3, 4), (2, 4), (2, 5), (0, 5)]",0.0
108,"[(0, 5), (1, 3), (1, 5), (2, 3), (4, 5)]","[(2, 3), (4, 5), (1, 3), (0, 3), (0, 5)]",0.4999999937500001
109,"[(0, 5), (1, 3), (1, 5), (2, 3), (4, 5)]","[(4, 5), (3, 5), (2, 5), (1, 5), (0, 5)]",0.2499999943750001
106,"[(0, 4), (1, 2), (1, 4), (3, 4)]","[(2, 3), (1, 3), (0, 3), (0, 4)]",0.0
112,"[(0, 8), (1, 6), (1, 8), (2, 6), (3, 6), (4, 6), (5, 6), (7, 8)]","[(0, 1), (2, 3), (2, 4), (2, 5), (2, 6), (0, 6), (0, 7), (0, 8)]",0.14285713765306143
115,"[(0, 1), (0, 2), (0, 7), (3, 5), (3, 7), (4, 5), (6, 7)]","[(5, 6), (4, 6), (4, 7), (3, 7), (2, 7), (1, 7), (0, 7)]",0.16666666138888903
116,"[(0, 7), (1, 5), (1, 7), (2, 5), (3, 5), (4, 5), (6, 7)]","[(1, 2), (3, 4), (5, 6), (3, 6), (1, 6), (1, 7), (0, 7)]",0.16666666138888903
111,"[(0, 2), (0, 6), (1, 2), (3, 4), (3, 6), (5, 6)]","[(0, 1), (3, 4), (3, 5), (3, 6), (2, 6), (0, 6)]",0.39999999420000004
118,"[(0, 2), (0, 6), (1, 2), (3, 4), (3, 6), (5, 6)]","[(0, 1), (5, 6), (0, 2), (4, 6), (3, 6), (0, 6)]",0.39999999420000004
119,"[(0, 1), (0, 2), (0, 6), (3, 4), (3, 6), (5, 6)]","[(1, 2), (3, 4), (5, 6), (1, 4), (1, 6), (0, 6)]",0.19999999460000012
110,"[(0, 5), (1, 3), (1, 5), (2, 3), (4, 5)]","[(3, 4), (2, 4), (1, 4), (1, 5), (0, 5)]",0.2499999943750001
113,"[(0, 5), (1, 3), (1, 5), (2, 3), (4, 5)]","[(0, 1), (0, 2), (0, 3), (0, 4), (0, 5)]",0.0
117,"[(0, 5), (1, 3), (1, 5), (2, 3), (4, 5)]","[(4, 5), (3, 5), (2, 5), (1, 5), (0, 5)]",0.2499999943750001
114,"[(0, 4), (1, 2), (1, 4), (3, 4)]","[(3, 4), (2, 4), (1, 4), (0, 4)]",0.33333332722222225
122,"[(0, 8), (1, 3), (1, 8), (2, 3), (4, 6), (4, 8), (5, 6), (7, 8)]","[(2, 3), (7, 8), (1, 3), (6, 8), (1, 4), (5, 8), (0, 4), (0, 8)]",0.28571428030612256
128,"[(0, 1), (0, 2), (0, 8), (3, 6), (3, 8), (4, 6), (5, 6), (7, 8)]","[(7, 8), (6, 8), (5, 8), (4, 8), (3, 8), (2, 8), (1, 8), (0, 8)]",0.14285713765306143
120,"[(0, 1), (0, 2), (0, 7), (3, 5), (3, 7), (4, 5), (6, 7)]","[(2, 3), (5, 6), (2, 4), (5, 7), (1, 4), (0, 4), (0, 7)]",0.0
121,"[(0, 1), (0, 2), (0, 7), (3, 5), (3, 7), (4, 5), (6, 7)]","[(2, 3), (6, 7), (2, 4), (5, 7), (1, 4), (1, 7), (0, 7)]",0.0
126,"[(0, 1), (0, 7), (2, 5), (2, 7), (3, 4), (3, 5), (6, 7)]","[(1, 2), (4, 5), (6, 7), (3, 5), (1, 5), (0, 5), (0, 7)]",0.16666666138888903
123,"[(0, 5), (1, 3), (1, 5), (2, 3), (4, 5)]","[(0, 1), (0, 2), (0, 3), (0, 4), (0, 5)]",0.0
124,"[(0, 5), (1, 3), (1, 5), (2, 3), (4, 5)]","[(0, 1), (3, 4), (2, 4), (2, 5), (0, 5)]",0.0
125,"[(0, 5), (1, 2), (1, 3), (1, 5), (4, 5)]","[(1, 2), (3, 4), (1, 4), (0, 4), (0, 5)]",0.2499999943750001
129,"[(0, 5), (1, 3), (1, 5), (2, 3), (4, 5)]","[(4, 5), (3, 5), (2, 5), (1, 5), (0, 5)]",0.2499999943750001
127,"[(0, 4), (1, 2), (1, 4), (3, 4)]","[(0, 1), (3, 4), (2, 4), (0, 4)]",0.0
131,"[(0, 8), (1, 6), (1, 8), (2, 4), (2, 6), (3, 4), (5, 6), (7, 8)]","[(0, 1), (2, 3), (4, 5), (6, 7), (4, 7), (2, 7), (0, 7), (0, 8)]",0.0
132,"[(0, 8), (1, 6), (1, 8), (2, 3), (2, 6), (4, 5), (4, 6), (7, 8)]","[(1, 2), (5, 6), (7, 8), (4, 6), (4, 8), (3, 8), (1, 8), (0, 8)]",0.28571428030612256
135,"[(0, 2), (0, 7), (1, 2), (3, 5), (3, 7), (4, 5), (6, 7)]","[(6, 7), (5, 7), (4, 7), (3, 7), (2, 7), (1, 7), (0, 7)]",0.16666666138888903
133,"[(0, 6), (1, 3), (1, 4), (1, 6), (2, 3), (5, 6)]","[(5, 6), (4, 6), (3, 6), (2, 6), (1, 6), (0, 6)]",0.19999999460000012
130,"[(0, 5), (1, 3), (1, 5), (2, 3), (4, 5)]","[(2, 3), (4, 5), (2, 5), (1, 5), (0, 5)]",0.4999999937500001
134,"[(0, 5), (1, 3), (1, 5), (2, 3), (4, 5)]","[(2, 3), (2, 4), (1, 4), (1, 5), (0, 5)]",0.4999999937500001
137,"[(0, 5), (1, 3), (1, 5), (2, 3), (4, 5)]","[(0, 1), (4, 5), (0, 2), (0, 3), (0, 5)]",0.0
138,"[(0, 5), (1, 3), (1, 5), (2, 3), (4, 5)]","[(4, 5), (3, 5), (2, 5), (1, 5), (0, 5)]",0.2499999943750001
139,"[(0, 5), (1, 3), (1, 5), (2, 3), (4, 5)]","[(1, 2), (4, 5), (1, 3), (0, 3), (0, 5)]",0.2499999943750001
136,"[(0, 4), (1, 2), (1, 4), (3, 4)]","[(0, 1), (2, 3), (0, 3), (0, 4)]",0.0
147,"[(0, 7), (1, 2), (1, 5), (1, 7), (3, 5), (4, 5), (6, 7)]","[(1, 2), (4, 5), (6, 7), (4, 7), (3, 7), (1, 7), (0, 7)]",0.4999999941666667
141,"[(0, 1), (0, 6), (2, 4), (2, 6), (3, 4), (5, 6)]","[(3, 4), (5, 6), (3, 6), (2, 6), (1, 6), (0, 6)]",0.39999999420000004
142,"[(0, 6), (1, 4), (1, 6), (2, 4), (3, 4), (5, 6)]","[(0, 1), (3, 4), (0, 2), (0, 4), (0, 5), (0, 6)]",0.19999999460000012
140,"[(0, 5), (1, 3), (1, 5), (2, 3), (4, 5)]","[(4, 5), (3, 5), (2, 5), (1, 5), (0, 5)]",0.2499999943750001
143,"[(0, 1), (0, 5), (2, 3), (2, 5), (4, 5)]","[(1, 2), (4, 5), (3, 5), (1, 5), (0, 5)]",0.0
144,"[(0, 5), (1, 3), (1, 5), (2, 3), (4, 5)]","[(0, 1), (0, 2), (0, 3), (0, 4), (0, 5)]",0.0
145,"[(0, 5), (1, 3), (1, 5), (2, 3), (4, 5)]","[(4, 5), (3, 5), (2, 5), (1, 5), (0, 5)]",0.2499999943750001
146,"[(0, 5), (1, 3), (1, 5), (2, 3), (4, 5)]","[(0, 1), (2, 3), (4, 5), (0, 3), (0, 5)]",0.2499999943750001
148,"[(0, 5), (1, 3), (1, 5), (2, 3), (4, 5)]","[(4, 5), (3, 5), (2, 5), (1, 5), (0, 5)]",0.2499999943750001
149,"[(0, 5), (1, 3), (1, 5), (2, 3), (4, 5)]","[(2, 3), (2, 4), (1, 4), (1, 5), (0, 5)]",0.4999999937500001
151,"[(0, 11), (1, 9), (1, 11), (2, 9), (3, 4), (3, 9), (5, 6), (5, 7), (5, 9), (8, 9), (10, 11)]","[(3, 4), (10, 11), (2, 4), (9, 11), (1, 4), (8, 11), (0, 4), (7, 11), (6, 11), (5, 11), (0, 11)]",0.09999999490000026
153,"[(0, 1), (0, 2), (0, 11), (3, 9), (3, 11), (4, 6), (4, 9), (5, 6), (7, 8), (7, 9), (10, 11)]","[(0, 1), (2, 3), (5, 6), (9, 10), (2, 4), (5, 7), (0, 4), (0, 7), (0, 8), (0, 10), (0, 11)]",0.19999999480000014
152,"[(0, 8), (1, 6), (1, 8), (2, 6), (3, 6), (4, 5), (4, 6), (7, 8)]","[(2, 3), (2, 4), (1, 4), (1, 5), (1, 6), (0, 6), (0, 7), (0, 8)]",0.14285713765306143
155,"[(0, 1), (0, 2), (0, 8), (3, 6), (3, 8), (4, 6), (5, 6), (7, 8)]","[(1, 2), (1, 3), (1, 4), (1, 5), (1, 6), (1, 7), (1, 8), (0, 8)]",0.0
154,"[(0, 2), (0, 7), (1, 2), (3, 5), (3, 7), (4, 5), (6, 7)]","[(0, 1), (2, 3), (5, 6), (2, 4), (0, 4), (0, 6), (0, 7)]",0.0
157,"[(0, 7), (1, 2), (1, 5), (1, 7), (3, 5), (4, 5), (6, 7)]","[(1, 2), (4, 5), (4, 6), (3, 6), (1, 6), (1, 7), (0, 7)]",0.4999999941666667
159,"[(0, 2), (0, 7), (1, 2), (3, 5), (3, 7), (4, 5), (6, 7)]","[(0, 1), (2, 3), (4, 5), (0, 3), (0, 5), (0, 6), (0, 7)]",0.16666666138888903
158,"[(0, 6), (1, 4), (1, 6), (2, 3), (2, 4), (5, 6)]","[(3, 4), (5, 6), (2, 4), (1, 4), (1, 6), (0, 6)]",0.5999999938
150,"[(0, 5), (1, 3), (1, 5), (2, 3), (4, 5)]","[(0, 1), (4, 5), (3, 5), (2, 5), (0, 5)]",0.0
156,"[(0, 5), (1, 2), (1, 3), (1, 5), (4, 5)]","[(4, 5), (3, 5), (2, 5), (1, 5), (0, 5)]",0.2499999943750001
162,"[(0, 8), (1, 6), (1, 8), (2, 6), (3, 4), (3, 6), (5, 6), (7, 8)]","[(0, 1), (2, 3), (4, 5), (6, 7), (0, 3), (4, 7), (4, 8), (0, 8)]",0.0
164,"[(0, 8), (1, 6), (1, 8), (2, 6), (3, 5), (3, 6), (4, 5), (7, 8)]","[(0, 1), (2, 3), (4, 5), (6, 7), (0, 3), (0, 5), (0, 7), (0, 8)]",0.14285713765306143
166,"[(0, 7), (1, 5), (1, 7), (2, 5), (3, 5), (4, 5), (6, 7)]","[(0, 1), (2, 3), (4, 5), (6, 7), (4, 7), (2, 7), (0, 7)]",0.16666666138888903
167,"[(0, 7), (1, 5), (1, 7), (2, 5), (3, 4), (3, 5), (6, 7)]","[(6, 7), (5, 7), (4, 7), (3, 7), (2, 7), (1, 7), (0, 7)]",0.16666666138888903
168,"[(0, 2), (0, 7), (1, 2), (3, 5), (3, 7), (4, 5), (6, 7)]","[(4, 5), (6, 7), (4, 7), (3, 7), (2, 7), (1, 7), (0, 7)]",0.3333333277777778
160,"[(0, 6), (1, 4), (1, 6), (2, 4), (3, 4), (5, 6)]","[(2, 3), (4, 5), (2, 5), (1, 5), (0, 5), (0, 6)]",0.0
161,"[(0, 6), (1, 4), (1, 6), (2, 4), (3, 4), (5, 6)]","[(0, 1), (2, 3), (5, 6), (4, 6), (0, 3), (0, 6)]",0.0
163,"[(0, 6), (1, 4), (1, 6), (2, 4), (3, 4), (5, 6)]","[(0, 1), (4, 5), (0, 2), (3, 5), (3, 6), (0, 6)]",0.0
165,"[(0, 6), (1, 4), (1, 6), (2, 3), (2, 4), (5, 6)]","[(0, 1), (2, 3), (4, 5), (4, 6), (0, 3), (0, 6)]",0.19999999460000012
169,"[(0, 5), (1, 3), (1, 5), (2, 3), (4, 5)]","[(0, 1), (2, 3), (4, 5), (0, 3), (0, 5)]",0.2499999943750001
171,"[(0, 8), (1, 6), (1, 8), (2, 3), (2, 6), (4, 6), (5, 6), (7, 8)]","[(2, 3), (5, 6), (7, 8), (1, 3), (1, 4), (0, 4), (0, 6), (0, 8)]",0.28571428030612256
176,"[(0, 8), (1, 6), (1, 8), (2, 6), (3, 6), (4, 5), (4, 6), (7, 8)]","[(6, 7), (6, 8), (5, 8), (4, 8), (3, 8), (2, 8), (1, 8), (0, 8)]",0.14285713765306143
177,"[(0, 8), (1, 6), (1, 8), (2, 6), (3, 6), (4, 5), (4, 6), (7, 8)]","[(0, 1), (4, 5), (6, 7), (0, 2), (6, 8), (0, 3), (0, 5), (0, 8)]",0.14285713765306143
179,"[(0, 2), (0, 8), (1, 2), (3, 6), (3, 8), (4, 6), (5, 6), (7, 8)]","[(0, 1), (2, 3), (6, 7), (6, 8), (0, 3), (5, 8), (0, 4), (0, 8)]",0.0
170,"[(0, 2), (0, 6), (1, 2), (3, 4), (3, 6), (5, 6)]","[(1, 2), (4, 5), (0, 2), (3, 5), (0, 5), (0, 6)]",0.39999999420000004
172,"[(0, 1), (0, 6), (2, 4), (2, 6), (3, 4), (5, 6)]","[(5, 6), (4, 6), (3, 6), (2, 6), (1, 6), (0, 6)]",0.19999999460000012
173,"[(0, 6), (1, 2), (1, 4), (1, 6), (3, 4), (5, 6)]","[(3, 4), (2, 4), (2, 5), (1, 5), (1, 6), (0, 6)]",0.39999999420000004
174,"[(0, 5), (1, 3), (1, 5), (2, 3), (4, 5)]","[(0, 1), (3, 4), (0, 2), (3, 5), (0, 5)]",0.0
175,"[(0, 5), (1, 3), (1, 5), (2, 3), (4, 5)]","[(0, 1), (2, 3), (4, 5), (0, 3), (0, 5)]",0.2499999943750001
178,"[(0, 5), (1, 3), (1, 5), (2, 3), (4, 5)]","[(0, 1), (0, 2), (0, 3), (0, 4), (0, 5)]",0.0
180,"[(0, 10), (1, 8), (1, 10), (2, 8), (3, 8), (4, 8), (5, 6), (5, 8), (7, 8), (9, 10)]","[(0, 1), (2, 3), (4, 5), (6, 7), (4, 7), (2, 7), (0, 7), (0, 8), (0, 9), (0, 10)]",0.0
186,"[(0, 2), (0, 10), (1, 2), (3, 8), (3, 10), (4, 8), (5, 6), (5, 8), (7, 8), (9, 10)]","[(4, 5), (4, 6), (3, 6), (3, 7), (2, 7), (1, 7), (1, 8), (0, 8), (0, 9), (0, 10)]",0.0
189,"[(0, 1), (0, 2), (0, 9), (3, 7), (3, 9), (4, 6), (4, 7), (5, 6), (8, 9)]","[(0, 1), (4, 5), (0, 2), (4, 6), (0, 3), (4, 7), (0, 7), (0, 8), (0, 9)]",0.49999999437500003
182,"[(0, 1), (0, 3), (0, 8), (2, 3), (4, 6), (4, 8), (5, 6), (7, 8)]","[(0, 1), (0, 2), (0, 3), (0, 4), (0, 5), (0, 6), (0, 7), (0, 8)]",0.28571428030612256
181,"[(0, 7), (1, 3), (1, 5), (1, 7), (2, 3), (4, 5), (6, 7)]","[(0, 1), (0, 2), (0, 3), (0, 4), (0, 5), (0, 6), (0, 7)]",0.0
183,"[(0, 6), (1, 2), (1, 4), (1, 6), (3, 4), (5, 6)]","[(2, 3), (2, 4), (1, 4), (1, 5), (0, 5), (0, 6)]",0.19999999460000012
184,"[(0, 6), (1, 4), (1, 6), (2, 4), (3, 4), (5, 6)]","[(1, 2), (3, 4), (5, 6), (0, 2), (0, 4), (0, 6)]",0.19999999460000012
188,"[(0, 2), (0, 6), (1, 2), (3, 4), (3, 6), (5, 6)]","[(1, 2), (5, 6), (0, 2), (4, 6), (3, 6), (0, 6)]",0.5999999938
187,"[(0, 5), (1, 3), (1, 5), (2, 3), (4, 5)]","[(1, 2), (4, 5), (1, 3), (1, 5), (0, 5)]",0.4999999937500001
185,"[(0, 4), (1, 2), (1, 4), (3, 4)]","[(1, 2), (3, 4), (0, 2), (0, 4)]",0.33333332722222225
191,"[(0, 2), (0, 9), (1, 2), (3, 7), (3, 9), (4, 7), (5, 6), (5, 7), (8, 9)]","[(1, 2), (3, 4), (5, 6), (8, 9), (3, 6), (1, 6), (1, 7), (0, 7), (0, 9)]",0.24999999468750006
192,"[(0, 8), (1, 6), (1, 8), (2, 6), (3, 4), (3, 6), (5, 6), (7, 8)]","[(1, 2), (3, 4), (5, 6), (7, 8), (1, 4), (1, 6), (1, 8), (0, 8)]",0.5714285656122451
196,"[(0, 8), (1, 6), (1, 8), (2, 6), (3, 4), (3, 6), (5, 6), (7, 8)]","[(0, 1), (6, 7), (0, 2), (5, 7), (4, 7), (3, 7), (0, 7), (0, 8)]",0.0
197,"[(0, 8), (1, 6), (1, 8), (2, 6), (3, 4), (3, 6), (5, 6), (7, 8)]","[(0, 1), (0, 2), (0, 3), (0, 4), (0, 5), (0, 6), (0, 7), (0, 8)]",0.0
198,"[(0, 8), (1, 6), (1, 8), (2, 6), (3, 4), (3, 6), (5, 6), (7, 8)]","[(0, 1), (2, 3), (4, 5), (6, 7), (0, 3), (0, 5), (0, 7), (0, 8)]",0.0
195,"[(0, 7), (1, 5), (1, 7), (2, 5), (3, 5), (4, 5), (6, 7)]","[(1, 2), (3, 4), (6, 7), (5, 7), (3, 7), (1, 7), (0, 7)]",0.16666666138888903
199,"[(0, 6), (1, 4), (1, 6), (2, 3), (2, 4), (5, 6)]","[(0, 1), (2, 3), (5, 6), (2, 4), (2, 6), (0, 6)]",0.39999999420000004
190,"[(0, 5), (1, 3), (1, 5), (2, 3), (4, 5)]","[(3, 4), (3, 5), (2, 5), (1, 5), (0, 5)]",0.2499999943750001
194,"[(0, 5), (1, 3), (1, 5), (2, 3), (4, 5)]","[(4, 5), (3, 5), (2, 5), (1, 5), (0, 5)]",0.2499999943750001
193,"[(0, 4), (1, 2), (1, 4), (3, 4)]","[(0, 1), (3, 4), (0, 2), (0, 4)]",0.0
203,"[(0, 12), (1, 10), (1, 12), (2, 10), (3, 4), (3, 5), (3, 10), (6, 10), (7, 10), (8, 9), (8, 10), (11, 12)]","[(0, 1), (0, 2), (0, 3), (0, 4), (0, 5), (0, 6), (0, 7), (0, 8), (0, 9), (0, 10), (0, 11), (0, 12)]",0.0
208,"[(0, 9), (1, 2), (1, 9), (3, 9), (4, 7), (4, 9), (5, 7), (6, 7), (8, 9)]","[(8, 9), (7, 9), (6, 9), (5, 9), (4, 9), (3, 9), (2, 9), (1, 9), (0, 9)]",0.37499999453125
204,"[(0, 8), (1, 6), (1, 8), (2, 6), (3, 4), (3, 6), (5, 6), (7, 8)]","[(0, 1), (0, 2), (0, 3), (0, 4), (0, 5), (0, 6), (0, 7), (0, 8)]",0.0
206,"[(0, 8), (1, 2), (1, 6), (1, 8), (3, 6), (4, 6), (5, 6), (7, 8)]","[(0, 1), (2, 3), (4, 5), (7, 8), (4, 6), (0, 3), (0, 6), (0, 8)]",0.14285713765306143
209,"[(0, 8), (1, 6), (1, 8), (2, 6), (3, 4), (3, 6), (5, 6), (7, 8)]","[(0, 1), (2, 3), (4, 5), (7, 8), (4, 6), (0, 3), (0, 6), (0, 8)]",0.0
200,"[(0, 7), (1, 5), (1, 7), (2, 5), (3, 4), (3, 5), (6, 7)]","[(1, 2), (5, 6), (1, 3), (1, 4), (1, 6), (1, 7), (0, 7)]",0.16666666138888903
201,"[(0, 2), (0, 7), (1, 2), (3, 5), (3, 7), (4, 5), (6, 7)]","[(0, 1), (4, 5), (0, 2), (4, 6), (0, 3), (4, 7), (0, 7)]",0.3333333277777778
202,"[(0, 7), (1, 5), (1, 7), (2, 3), (2, 5), (4, 5), (6, 7)]","[(6, 7), (5, 7), (4, 7), (3, 7), (2, 7), (1, 7), (0, 7)]",0.16666666138888903
207,"[(0, 6), (1, 2), (1, 4), (1, 6), (3, 4), (5, 6)]","[(1, 2), (5, 6), (1, 3), (4, 6), (1, 6), (0, 6)]",0.39999999420000004
205,"[(0, 4), (1, 2), (1, 4), (3, 4)]","[(1, 2), (3, 4), (1, 4), (0, 4)]",0.6666666594444445
211,"[(0, 8), (1, 6), (1, 8), (2, 6), (3, 4), (3, 6), (5, 6), (7, 8)]","[(7, 8), (6, 8), (5, 8), (4, 8), (3, 8), (2, 8), (1, 8), (0, 8)]",0.14285713765306143
213,"[(0, 8), (1, 6), (1, 8), (2, 5), (2, 6), (3, 5), (4, 5), (7, 8)]","[(1, 2), (1, 3), (0, 3), (0, 4), (0, 5), (0, 6), (0, 7), (0, 8)]",0.0
216,"[(0, 8), (1, 6), (1, 8), (2, 6), (3, 4), (3, 6), (5, 6), (7, 8)]","[(0, 1), (2, 3), (6, 7), (2, 4), (6, 8), (5, 8), (2, 8), (0, 8)]",0.0
212,"[(0, 2), (0, 7), (1, 2), (3, 5), (3, 7), (4, 5), (6, 7)]","[(6, 7), (5, 7), (4, 7), (3, 7), (2, 7), (1, 7), (0, 7)]",0.16666666138888903
215,"[(0, 1), (0, 2), (0, 7), (3, 5), (3, 7), (4, 5), (6, 7)]","[(0, 1), (6, 7), (5, 7), (4, 7), (3, 7), (2, 7), (0, 7)]",0.3333333277777778
214,"[(0, 6), (1, 4), (1, 6), (2, 4), (3, 4), (5, 6)]","[(4, 5), (4, 6), (3, 6), (2, 6), (1, 6), (0, 6)]",0.19999999460000012
217,"[(0, 6), (1, 5), (1, 6), (2, 5), (3, 5), (4, 5)]","[(0, 1), (2, 3), (4, 5), (4, 6), (2, 6), (0, 6)]",0.0
218,"[(0, 6), (1, 4), (1, 6), (2, 3), (2, 4), (5, 6)]","[(5, 6), (4, 6), (3, 6), (2, 6), (1, 6), (0, 6)]",0.19999999460000012
219,"[(0, 6), (1, 4), (1, 6), (2, 4), (3, 4), (5, 6)]","[(1, 2), (4, 5), (1, 3), (4, 6), (1, 6), (0, 6)]",0.19999999460000012
210,"[(0, 5), (1, 3), (1, 5), (2, 3), (4, 5)]","[(0, 1), (2, 3), (4, 5), (0, 3), (0, 5)]",0.2499999943750001
225,"[(0, 2), (0, 7), (1, 2), (3, 5), (3, 7), (4, 5), (6, 7)]","[(6, 7), (5, 7), (4, 7), (3, 7), (2, 7), (1, 7), (0, 7)]",0.16666666138888903
228,"[(0, 7), (1, 5), (1, 7), (2, 3), (2, 5), (4, 5), (6, 7)]","[(0, 1), (0, 2), (0, 3), (0, 4), (0, 5), (0, 6), (0, 7)]",0.0
221,"[(0, 1), (0, 6), (2, 4), (2, 6), (3, 4), (5, 6)]","[(0, 1), (2, 3), (4, 5), (2, 5), (2, 6), (0, 6)]",0.39999999420000004
223,"[(0, 6), (1, 4), (1, 6), (2, 4), (3, 4), (5, 6)]","[(5, 6), (4, 6), (3, 6), (2, 6), (1, 6), (0, 6)]",0.19999999460000012
229,"[(0, 6), (1, 2), (1, 4), (1, 6), (3, 4), (5, 6)]","[(0, 1), (3, 4), (2, 4), (2, 5), (0, 5), (0, 6)]",0.19999999460000012
220,"[(0, 5), (1, 3), (1, 5), (2, 3), (4, 5)]","[(0, 1), (4, 5), (0, 2), (0, 3), (0, 5)]",0.0
222,"[(0, 5), (1, 3), (1, 5), (2, 3), (4, 5)]","[(2, 3), (4, 5), (1, 3), (1, 5), (0, 5)]",0.7499999931250001
224,"[(0, 5), (1, 3), (1, 5), (2, 3), (4, 5)]","[(0, 1), (0, 2), (0, 3), (0, 4), (0, 5)]",0.0
227,"[(0, 1), (0, 5), (2, 3), (2, 5), (4, 5)]","[(0, 1), (0, 2), (0, 3), (0, 4), (0, 5)]",0.2499999943750001
226,"[(0, 4), (1, 2), (1, 4), (3, 4)]","[(0, 1), (2, 3), (2, 4), (0, 4)]",0.0
239,"[(0, 1), (0, 2), (0, 10), (3, 8), (3, 10), (4, 8), (5, 7), (5, 8), (6, 7), (9, 10)]","[(1, 2), (1, 3), (1, 4), (0, 4), (0, 5), (0, 6), (0, 7), (0, 8), (0, 9), (0, 10)]",0.0
231,"[(0, 2), (0, 7), (1, 2), (3, 5), (3, 7), (4, 5), (6, 7)]","[(6, 7), (5, 7), (4, 7), (3, 7), (2, 7), (1, 7), (0, 7)]",0.16666666138888903
234,"[(0, 7), (1, 5), (1, 7), (2, 4), (2, 5), (3, 4), (6, 7)]","[(1, 2), (3, 4), (6, 7), (5, 7), (3, 7), (1, 7), (0, 7)]",0.3333333277777778
237,"[(0, 2), (0, 7), (1, 2), (3, 5), (3, 7), (4, 5), (6, 7)]","[(0, 1), (2, 3), (4, 5), (4, 6), (4, 7), (2, 7), (0, 7)]",0.16666666138888903
238,"[(0, 7), (1, 5), (1, 7), (2, 5), (3, 4), (3, 5), (6, 7)]","[(1, 2), (3, 4), (5, 6), (1, 4), (1, 6), (0, 6), (0, 7)]",0.16666666138888903
236,"[(0, 1), (0, 6), (2, 4), (2, 6), (3, 4), (5, 6)]","[(1, 2), (3, 4), (5, 6), (1, 4), (1, 6), (0, 6)]",0.19999999460000012
232,"[(0, 5), (1, 2), (1, 3), (1, 5), (4, 5)]","[(2, 3), (2, 4), (1, 4), (1, 5), (0, 5)]",0.2499999943750001
233,"[(0, 5), (1, 3), (1, 5), (2, 3), (4, 5)]","[(1, 2), (1, 3), (1, 4), (0, 4), (0, 5)]",0.2499999943750001
235,"[(0, 5), (1, 4), (1, 5), (2, 4), (3, 4)]","[(0, 1), (0, 2), (0, 3), (0, 4), (0, 5)]",0.0
230,"[(0, 4), (1, 2), (1, 4), (3, 4)]","[(0, 1), (2, 3), (0, 3), (0, 4)]",0.0
243,"[(0, 7), (1, 5), (1, 7), (2, 5), (3, 4), (3, 5), (6, 7)]","[(2, 3), (6, 7), (2, 4), (5, 7), (1, 4), (0, 4), (0, 7)]",0.0
244,"[(0, 7), (1, 5), (1, 7), (2, 5), (3, 4), (3, 5), (6, 7)]","[(0, 1), (2, 3), (4, 5), (6, 7), (0, 3), (4, 7), (0, 7)]",0.0
246,"[(0, 7), (1, 5), (1, 7), (2, 5), (3, 4), (3, 5), (6, 7)]","[(1, 2), (1, 3), (1, 4), (1, 5), (1, 6), (1, 7), (0, 7)]",0.3333333277777778
240,"[(0, 6), (1, 3), (1, 4), (1, 6), (2, 3), (5, 6)]","[(0, 1), (3, 4), (0, 2), (3, 5), (0, 5), (0, 6)]",0.0
241,"[(0, 6), (1, 4), (1, 6), (2, 3), (2, 4), (5, 6)]","[(0, 1), (0, 2), (0, 3), (0, 4), (0, 5), (0, 6)]",0.0
242,"[(0, 6), (1, 4), (1, 6), (2, 4), (3, 4), (5, 6)]","[(0, 1), (0, 2), (0, 3), (0, 4), (0, 5), (0, 6)]",0.0
245,"[(0, 6), (1, 4), (1, 6), (2, 4), (3, 4), (5, 6)]","[(2, 3), (2, 4), (1, 4), (1, 5), (0, 5), (0, 6)]",0.39999999420000004
247,"[(0, 6), (1, 4), (1, 6), (2, 4), (3, 4), (5, 6)]","[(0, 1), (2, 3), (5, 6), (4, 6), (2, 6), (0, 6)]",0.0
249,"[(0, 6), (1, 4), (1, 6), (2, 3), (2, 4), (5, 6)]","[(5, 6), (4, 6), (3, 6), (2, 6), (1, 6), (0, 6)]",0.19999999460000012
248,"[(0, 5), (1, 3), (1, 5), (2, 3), (4, 5)]","[(1, 2), (4, 5), (0, 2), (0, 3), (0, 5)]",0.0
251,"[(0, 8), (1, 6), (1, 8), (2, 6), (3, 6), (4, 6), (5, 6), (7, 8)]","[(6, 7), (6, 8), (5, 8), (4, 8), (3, 8), (2, 8), (1, 8), (0, 8)]",0.14285713765306143
256,"[(0, 8), (1, 6), (1, 8), (2, 3), (2, 6), (4, 5), (4, 6), (7, 8)]","[(5, 6), (5, 7), (5, 8), (4, 8), (3, 8), (2, 8), (1, 8), (0, 8)]",0.14285713765306143
252,"[(0, 6), (1, 4), (1, 6), (2, 3), (2, 4), (5, 6)]","[(0, 1), (4, 5), (0, 2), (4, 6), (0, 3), (0, 6)]",0.0
253,"[(0, 6), (1, 4), (1, 6), (2, 4), (3, 4), (5, 6)]","[(1, 2), (3, 4), (5, 6), (0, 2), (0, 4), (0, 6)]",0.19999999460000012
254,"[(0, 1), (0, 6), (2, 4), (2, 6), (3, 4), (5, 6)]","[(0, 1), (3, 4), (0, 2), (3, 5), (0, 5), (0, 6)]",0.39999999420000004
257,"[(0, 6), (1, 4), (1, 6), (2, 3), (2, 4), (5, 6)]","[(0, 1), (4, 5), (0, 2), (4, 6), (0, 3), (0, 6)]",0.0
258,"[(0, 6), (1, 4), (1, 6), (2, 3), (2, 4), (5, 6)]","[(0, 1), (2, 3), (5, 6), (4, 6), (0, 3), (0, 6)]",0.19999999460000012
250,"[(0, 5), (1, 3), (1, 5), (2, 3), (4, 5)]","[(0, 1), (0, 2), (0, 3), (0, 4), (0, 5)]",0.0
255,"[(0, 5), (1, 3), (1, 5), (2, 3), (4, 5)]","[(0, 1), (2, 3), (2, 4), (0, 4), (0, 5)]",0.2499999943750001
259,"[(0, 5), (1, 3), (1, 5), (2, 3), (4, 5)]","[(0, 1), (3, 4), (0, 2), (3, 5), (0, 5)]",0.0
262,"[(0, 1), (0, 2), (0, 11), (3, 9), (3, 11), (4, 9), (5, 7), (5, 8), (5, 9), (6, 7), (10, 11)]","[(3, 4), (5, 6), (7, 8), (10, 11), (2, 4), (9, 11), (2, 6), (2, 8), (1, 8), (1, 11), (0, 11)]",0.0
263,"[(0, 7), (1, 5), (1, 7), (2, 5), (3, 4), (3, 5), (6, 7)]","[(1, 2), (3, 4), (5, 6), (3, 6), (1, 6), (0, 6), (0, 7)]",0.16666666138888903
265,"[(0, 7), (1, 3), (1, 5), (1, 7), (2, 3), (4, 5), (6, 7)]","[(0, 1), (3, 4), (5, 6), (0, 2), (3, 6), (0, 6), (0, 7)]",0.0
266,"[(0, 2), (0, 7), (1, 2), (3, 5), (3, 7), (4, 5), (6, 7)]","[(0, 1), (3, 4), (5, 6), (0, 2), (5, 7), (3, 7), (0, 7)]",0.3333333277777778
268,"[(0, 7), (1, 5), (1, 7), (2, 5), (3, 4), (3, 5), (6, 7)]","[(0, 1), (0, 2), (0, 3), (0, 4), (0, 5), (0, 6), (0, 7)]",0.0
264,"[(0, 6), (1, 3), (1, 4), (1, 6), (2, 3), (5, 6)]","[(2, 3), (1, 3), (1, 4), (1, 5), (1, 6), (0, 6)]",0.7999999934
267,"[(0, 6), (1, 4), (1, 6), (2, 4), (3, 4), (5, 6)]","[(2, 3), (2, 4), (1, 4), (1, 5), (1, 6), (0, 6)]",0.5999999938
261,"[(0, 5), (1, 3), (1, 5), (2, 3), (4, 5)]","[(0, 1), (0, 2), (0, 3), (0, 4), (0, 5)]",0.0
269,"[(0, 5), (1, 3), (1, 5), (2, 3), (4, 5)]","[(2, 3), (2, 4), (2, 5), (1, 5), (0, 5)]",0.4999999937500001
260,"[(0, 4), (1, 2), (1, 4), (3, 4)]","[(1, 2), (3, 4), (1, 4), (0, 4)]",0.6666666594444445
272,"[(0, 1), (0, 2), (0, 11), (3, 9), (3, 11), (4, 9), (5, 7), (5, 8), (5, 9), (6, 7), (10, 11)]","[(0, 1), (2, 3), (4, 5), (6, 7), (6, 8), (6, 9), (6, 10), (4, 10), (2, 10), (0, 10), (0, 11)]",0.19999999480000014
274,"[(0, 9), (1, 7), (1, 9), (2, 3), (2, 7), (4, 7), (5, 6), (5, 7), (8, 9)]","[(0, 1), (6, 7), (0, 2), (6, 8), (0, 3), (5, 8), (0, 4), (0, 8), (0, 9)]",0.0
270,"[(0, 8), (1, 4), (1, 6), (1, 8), (2, 4), (3, 4), (5, 6), (7, 8)]","[(2, 3), (4, 5), (4, 6), (4, 7), (2, 7), (1, 7), (0, 7), (0, 8)]",0.0
273,"[(0, 7), (1, 5), (1, 7), (2, 5), (3, 4), (3, 5), (6, 7)]","[(2, 3), (5, 6), (1, 3), (4, 6), (1, 6), (1, 7), (0, 7)]",0.16666666138888903
279,"[(0, 7), (1, 5), (1, 7), (2, 5), (3, 4), (3, 5), (6, 7)]","[(0, 1), (4, 5), (6, 7), (0, 2), (0, 3), (4, 7), (0, 7)]",0.0
275,"[(0, 6), (1, 4), (1, 6), (2, 4), (3, 4), (5, 6)]","[(4, 5), (3, 5), (2, 5), (2, 6), (1, 6), (0, 6)]",0.19999999460000012
271,"[(0, 5), (1, 3), (1, 5), (2, 3), (4, 5)]","[(2, 3), (4, 5), (1, 3), (0, 3), (0, 5)]",0.4999999937500001
276,"[(0, 5), (1, 3), (1, 5), (2, 3), (4, 5)]","[(0, 1), (2, 3), (2, 4), (0, 4), (0, 5)]",0.2499999943750001
277,"[(0, 5), (1, 3), (1, 5), (2, 3), (4, 5)]","[(1, 2), (4, 5), (3, 5), (1, 5), (0, 5)]",0.2499999943750001
278,"[(0, 1), (0, 5), (2, 3), (2, 5), (4, 5)]","[(0, 1), (3, 4), (0, 2), (0, 4), (0, 5)]",0.2499999943750001
287,"[(0, 10), (1, 8), (1, 10), (2, 8), (3, 4), (3, 8), (5, 6), (5, 7), (5, 8), (9, 10)]","[(9, 10), (8, 10), (7, 10), (6, 10), (5, 10), (4, 10), (3, 10), (2, 10), (1, 10), (0, 10)]",0.11111110598765454
281,"[(0, 1), (0, 2), (0, 8), (3, 6), (3, 8), (4, 6), (5, 6), (7, 8)]","[(1, 2), (3, 4), (5, 6), (7, 8), (1, 4), (1, 6), (1, 8), (0, 8)]",0.14285713765306143
282,"[(0, 8), (1, 6), (1, 8), (2, 6), (3, 4), (3, 6), (5, 6), (7, 8)]","[(0, 1), (0, 2), (0, 3), (0, 4), (0, 5), (0, 6), (0, 7), (0, 8)]",0.0
284,"[(0, 7), (1, 5), (1, 7), (2, 3), (2, 5), (4, 5), (6, 7)]","[(6, 7), (5, 7), (4, 7), (3, 7), (2, 7), (1, 7), (0, 7)]",0.16666666138888903
286,"[(0, 7), (1, 5), (1, 7), (2, 5), (3, 4), (3, 5), (6, 7)]","[(0, 1), (3, 4), (0, 2), (0, 4), (0, 5), (0, 6), (0, 7)]",0.16666666138888903
288,"[(0, 7), (1, 2), (1, 4), (1, 7), (3, 4), (5, 7), (6, 7)]","[(1, 2), (1, 3), (0, 3), (0, 4), (0, 5), (0, 6), (0, 7)]",0.16666666138888903
283,"[(0, 6), (1, 4), (1, 6), (2, 4), (3, 4), (5, 6)]","[(0, 1), (3, 4), (5, 6), (0, 2), (3, 6), (0, 6)]",0.19999999460000012
280,"[(0, 5), (1, 3), (1, 5), (2, 3), (4, 5)]","[(0, 1), (2, 3), (4, 5), (0, 3), (0, 5)]",0.2499999943750001
285,"[(0, 5), (1, 3), (1, 5), (2, 3), (4, 5)]","[(0, 1), (0, 2), (0, 3), (0, 4), (0, 5)]",0.0
289,"[(0, 5), (1, 2), (1, 3), (1, 5), (4, 5)]","[(1, 2), (3, 4), (3, 5), (1, 5), (0, 5)]",0.4999999937500001
299,"[(0, 2), (0, 3), (0, 8), (1, 2), (4, 6), (4, 8), (5, 6), (7, 8)]","[(7, 8), (6, 8), (5, 8), (4, 8), (3, 8), (2, 8), (1, 8), (0, 8)]",0.14285713765306143
294,"[(0, 7), (1, 5), (1, 7), (2, 3), (2, 5), (4, 5), (6, 7)]","[(0, 1), (2, 3), (5, 6), (4, 6), (2, 6), (2, 7), (0, 7)]",0.16666666138888903
297,"[(0, 7), (1, 5), (1, 7), (2, 5), (3, 4), (3, 5), (6, 7)]","[(0, 1), (0, 2), (0, 3), (0, 4), (0, 5), (0, 6), (0, 7)]",0.0
293,"[(0, 6), (1, 4), (1, 6), (2, 4), (3, 4), (5, 6)]","[(0, 1), (2, 3), (5, 6), (4, 6), (2, 6), (0, 6)]",0.0
298,"[(0, 6), (1, 4), (1, 6), (2, 4), (3, 4), (5, 6)]","[(5, 6), (4, 6), (3, 6), (2, 6), (1, 6), (0, 6)]",0.19999999460000012
290,"[(0, 5), (1, 3), (1, 5), (2, 3), (4, 5)]","[(1, 2), (4, 5), (1, 3), (0, 3), (0, 5)]",0.2499999943750001
291,"[(0, 5), (1, 3), (1, 5), (2, 3), (4, 5)]","[(2, 3), (1, 3), (0, 3), (0, 4), (0, 5)]",0.4999999937500001
292,"[(0, 1), (0, 5), (2, 3), (2, 5), (4, 5)]","[(4, 5), (3, 5), (2, 5), (1, 5), (0, 5)]",0.2499999943750001
295,"[(0, 5), (1, 3), (1, 5), (2, 3), (4, 5)]","[(0, 1), (2, 3), (4, 5), (2, 5), (0, 5)]",0.2499999943750001
296,"[(0, 5), (1, 3), (1, 5), (2, 3), (4, 5)]","[(0, 1), (0, 2), (0, 3), (0, 4), (0, 5)]",0.0
308,"[(0, 2), (0, 8), (1, 2), (3, 6), (3, 8), (4, 5), (4, 6), (7, 8)]","[(6, 7), (5, 7), (4, 7), (3, 7), (2, 7), (1, 7), (0, 7), (0, 8)]",0.0
300,"[(0, 7), (1, 5), (1, 7), (2, 5), (3, 5), (4, 5), (6, 7)]","[(0, 1), (2, 3), (4, 5), (6, 7), (4, 7), (2, 7), (0, 7)]",0.16666666138888903
303,"[(0, 7), (1, 5), (1, 7), (2, 5), (3, 4), (3, 5), (6, 7)]","[(1, 2), (1, 3), (1, 4), (1, 5), (1, 6), (1, 7), (0, 7)]",0.3333333277777778
307,"[(0, 7), (1, 5), (1, 7), (2, 3), (2, 4), (2, 5), (6, 7)]","[(0, 1), (3, 4), (0, 2), (3, 5), (3, 6), (0, 6), (0, 7)]",0.0
304,"[(0, 6), (1, 4), (1, 6), (2, 4), (3, 4), (5, 6)]","[(1, 2), (1, 3), (1, 4), (1, 5), (1, 6), (0, 6)]",0.39999999420000004
306,"[(0, 6), (1, 4), (1, 6), (2, 4), (3, 4), (5, 6)]","[(1, 2), (3, 4), (5, 6), (1, 4), (1, 6), (0, 6)]",0.5999999938
309,"[(0, 6), (1, 4), (1, 6), (2, 4), (3, 4), (5, 6)]","[(1, 2), (0, 2), (0, 3), (0, 4), (0, 5), (0, 6)]",0.0
301,"[(0, 5), (1, 3), (1, 5), (2, 3), (4, 5)]","[(4, 5), (3, 5), (2, 5), (1, 5), (0, 5)]",0.2499999943750001
305,"[(0, 5), (1, 3), (1, 5), (2, 3), (4, 5)]","[(1, 2), (4, 5), (0, 2), (3, 5), (0, 5)]",0.0
302,"[(0, 4), (1, 2), (1, 4), (3, 4)]","[(1, 2), (3, 4), (0, 2), (0, 4)]",0.33333332722222225
319,"[(0, 1), (0, 10), (2, 8), (2, 10), (3, 4), (3, 8), (5, 7), (5, 8), (6, 7), (9, 10)]","[(0, 1), (2, 3), (5, 6), (8, 9), (4, 6), (7, 9), (7, 10), (4, 10), (2, 10), (0, 10)]",0.22222221697530875
310,"[(0, 7), (1, 5), (1, 7), (2, 5), (3, 5), (4, 5), (6, 7)]","[(1, 2), (3, 4), (1, 4), (1, 5), (0, 5), (0, 6), (0, 7)]",0.16666666138888903
312,"[(0, 7), (1, 5), (1, 7), (2, 5), (3, 5), (4, 5), (6, 7)]","[(6, 7), (5, 7), (4, 7), (3, 7), (2, 7), (1, 7), (0, 7)]",0.16666666138888903
314,"[(0, 7), (1, 5), (1, 7), (2, 5), (3, 5), (4, 5), (6, 7)]","[(0, 1), (0, 2), (0, 3), (0, 4), (0, 5), (0, 6), (0, 7)]",0.0
315,"[(0, 7), (1, 5), (1, 7), (2, 5), (3, 5), (4, 5), (6, 7)]","[(0, 1), (0, 2), (0, 3), (0, 4), (0, 5), (0, 6), (0, 7)]",0.0
311,"[(0, 1), (0, 6), (2, 4), (2, 6), (3, 4), (5, 6)]","[(0, 1), (3, 4), (5, 6), (0, 2), (0, 4), (0, 6)]",0.39999999420000004
313,"[(0, 6), (1, 4), (1, 6), (2, 4), (3, 4), (5, 6)]","[(0, 1), (0, 2), (0, 3), (0, 4), (0, 5), (0, 6)]",0.0
318,"[(0, 2), (0, 6), (1, 2), (3, 4), (3, 6), (5, 6)]","[(1, 2), (5, 6), (1, 3), (1, 4), (0, 4), (0, 6)]",0.19999999460000012
316,"[(0, 5), (1, 3), (1, 5), (2, 3), (4, 5)]","[(2, 3), (2, 4), (1, 4), (0, 4), (0, 5)]",0.2499999943750001
317,"[(0, 5), (1, 3), (1, 5), (2, 3), (4, 5)]","[(0, 1), (0, 2), (0, 3), (0, 4), (0, 5)]",0.0
326,"[(0, 6), (0, 13), (1, 6), (2, 6), (3, 6), (4, 6), (5, 6), (7, 13), (8, 11), (8, 13), (9, 11), (10, 11), (12, 13)]","[(1, 2), (5, 6), (7, 8), (12, 13), (7, 9), (7, 10), (7, 11), (7, 13), (5, 13), (4, 13), (3, 13), (1, 13), (0, 13)]",0.16666666152777793
328,"[(0, 9), (1, 7), (1, 9), (2, 7), (3, 7), (4, 7), (5, 6), (5, 7), (8, 9)]","[(0, 1), (2, 3), (4, 5), (6, 7), (8, 9), (6, 9), (4, 9), (2, 9), (0, 9)]",0.0
322,"[(0, 7), (1, 5), (1, 7), (2, 4), (2, 5), (3, 4), (6, 7)]","[(2, 3), (5, 6), (1, 3), (4, 6), (1, 6), (1, 7), (0, 7)]",0.16666666138888903
324,"[(0, 1), (0, 7), (2, 5), (2, 7), (3, 5), (4, 5), (6, 7)]","[(0, 1), (2, 3), (6, 7), (0, 3), (0, 4), (0, 5), (0, 7)]",0.16666666138888903
321,"[(0, 6), (1, 4), (1, 6), (2, 4), (3, 4), (5, 6)]","[(0, 1), (0, 2), (0, 3), (0, 4), (0, 5), (0, 6)]",0.0
323,"[(0, 6), (1, 2), (1, 4), (1, 6), (3, 4), (5, 6)]","[(0, 1), (2, 3), (5, 6), (4, 6), (2, 6), (0, 6)]",0.0
327,"[(0, 6), (1, 4), (1, 6), (2, 4), (3, 4), (5, 6)]","[(5, 6), (4, 6), (3, 6), (2, 6), (1, 6), (0, 6)]",0.19999999460000012
325,"[(0, 5), (1, 2), (1, 3), (1, 5), (4, 5)]","[(1, 2), (3, 4), (1, 4), (1, 5), (0, 5)]",0.4999999937500001
320,"[(0, 4), (1, 2), (1, 4), (3, 4)]","[(1, 2), (3, 4), (1, 4), (0, 4)]",0.6666666594444445
329,"[(0, 4), (1, 2), (1, 4), (3, 4)]","[(1, 2), (3, 4), (1, 4), (0, 4)]",0.6666666594444445
336,"[(0, 9), (1, 3), (1, 7), (1, 9), (2, 3), (4, 7), (5, 7), (6, 7), (8, 9)]","[(5, 6), (4, 6), (3, 6), (2, 6), (1, 6), (1, 7), (0, 7), (0, 8), (0, 9)]",0.12499999484375018
338,"[(0, 1), (0, 9), (2, 3), (2, 4), (2, 5), (2, 7), (2, 9), (6, 7), (8, 9)]","[(1, 2), (1, 3), (1, 4), (1, 5), (1, 6), (0, 6), (0, 7), (0, 8), (0, 9)]",0.0
339,"[(0, 9), (1, 2), (1, 9), (3, 7), (3, 9), (4, 7), (5, 7), (6, 7), (8, 9)]","[(0, 1), (0, 2), (0, 3), (0, 4), (0, 5), (0, 6), (0, 7), (0, 8), (0, 9)]",0.0
337,"[(0, 8), (1, 6), (1, 8), (2, 6), (3, 5), (3, 6), (4, 5), (7, 8)]","[(0, 1), (2, 3), (4, 5), (6, 7), (6, 8), (4, 8), (2, 8), (0, 8)]",0.14285713765306143
331,"[(0, 5), (0, 7), (1, 2), (1, 3), (1, 5), (4, 5), (6, 7)]","[(3, 4), (6, 7), (2, 4), (2, 5), (1, 5), (1, 7), (0, 7)]",0.16666666138888903
332,"[(0, 7), (1, 5), (1, 7), (2, 5), (3, 4), (3, 5), (6, 7)]","[(6, 7), (5, 7), (4, 7), (3, 7), (2, 7), (1, 7), (0, 7)]",0.16666666138888903
335,"[(0, 7), (1, 5), (1, 7), (2, 5), (3, 4), (3, 5), (6, 7)]","[(0, 1), (2, 3), (4, 5), (6, 7), (2, 5), (2, 7), (0, 7)]",0.16666666138888903
334,"[(0, 6), (1, 4), (1, 6), (2, 4), (3, 4), (5, 6)]","[(0, 1), (0, 2), (0, 3), (0, 4), (0, 5), (0, 6)]",0.0
333,"[(0, 5), (1, 3), (1, 5), (2, 3), (4, 5)]","[(1, 2), (4, 5), (0, 2), (0, 3), (0, 5)]",0.0
330,"[(0, 4), (1, 2), (1, 4), (3, 4)]","[(1, 2), (3, 4), (1, 4), (0, 4)]",0.6666666594444445
343,"[(0, 10), (1, 5), (1, 8), (1, 10), (2, 3), (2, 5), (4, 5), (6, 8), (7, 8), (9, 10)]","[(1, 2), (5, 6), (7, 8), (9, 10), (4, 6), (3, 6), (1, 6), (1, 8), (1, 10), (0, 10)]",0.333333327962963
342,"[(0, 9), (1, 7), (1, 9), (2, 7), (3, 4), (3, 7), (5, 6), (5, 7), (8, 9)]","[(5, 6), (7, 8), (4, 6), (3, 6), (2, 6), (1, 6), (1, 8), (1, 9), (0, 9)]",0.24999999468750006
348,"[(0, 7), (1, 2), (1, 5), (1, 7), (3, 5), (4, 5), (6, 7)]","[(0, 1), (2, 3), (2, 4), (0, 4), (0, 5), (0, 6), (0, 7)]",0.0
340,"[(0, 6), (1, 4), (1, 6), (2, 4), (3, 4), (5, 6)]","[(5, 6), (4, 6), (3, 6), (2, 6), (1, 6), (0, 6)]",0.19999999460000012
341,"[(0, 6), (1, 4), (1, 6), (2, 4), (3, 4), (5, 6)]","[(0, 1), (0, 2), (0, 3), (0, 4), (0, 5), (0, 6)]",0.0
344,"[(0, 1), (0, 2), (0, 6), (3, 4), (3, 6), (5, 6)]","[(5, 6), (4, 6), (3, 6), (2, 6), (1, 6), (0, 6)]",0.19999999460000012
347,"[(0, 4), (0, 6), (1, 4), (2, 3), (2, 4), (5, 6)]","[(0, 1), (3, 4), (5, 6), (2, 4), (0, 4), (0, 6)]",0.39999999420000004
345,"[(0, 1), (0, 5), (2, 3), (2, 5), (4, 5)]","[(1, 2), (0, 2), (0, 3), (0, 4), (0, 5)]",0.0
346,"[(0, 5), (1, 3), (1, 5), (2, 3), (4, 5)]","[(0, 1), (0, 2), (0, 3), (0, 4), (0, 5)]",0.0
349,"[(0, 5), (1, 3), (1, 5), (2, 3), (4, 5)]","[(4, 5), (3, 5), (2, 5), (1, 5), (0, 5)]",0.2499999943750001
355,"[(0, 8), (1, 3), (1, 6), (1, 8), (2, 3), (4, 6), (5, 6), (7, 8)]","[(2, 3), (5, 6), (7, 8), (1, 3), (4, 6), (1, 6), (0, 6), (0, 8)]",0.7142857082653062
354,"[(0, 7), (1, 5), (1, 7), (2, 5), (3, 4), (3, 5), (6, 7)]","[(0, 1), (2, 3), (4, 5), (6, 7), (4, 7), (2, 7), (0, 7)]",0.0
356,"[(0, 7), (1, 5), (1, 7), (2, 5), (3, 4), (3, 5), (6, 7)]","[(0, 1), (2, 3), (5, 6), (4, 6), (4, 7), (2, 7), (0, 7)]",0.0
358,"[(0, 7), (1, 5), (1, 7), (2, 5), (3, 4), (3, 5), (6, 7)]","[(1, 2), (4, 5), (6, 7), (3, 5), (3, 7), (1, 7), (0, 7)]",0.3333333277777778
352,"[(0, 6), (1, 4), (1, 6), (2, 4), (3, 4), (5, 6)]","[(1, 2), (1, 3), (1, 4), (1, 5), (0, 5), (0, 6)]",0.19999999460000012
357,"[(0, 6), (1, 4), (1, 6), (2, 3), (2, 4), (5, 6)]","[(0, 1), (5, 6), (0, 2), (0, 3), (0, 4), (0, 6)]",0.0
350,"[(0, 5), (1, 3), (1, 5), (2, 3), (4, 5)]","[(1, 2), (3, 4), (1, 4), (1, 5), (0, 5)]",0.2499999943750001
351,"[(0, 1), (0, 5), (2, 3), (2, 5), (4, 5)]","[(1, 2), (4, 5), (0, 2), (3, 5), (0, 5)]",0.0
353,"[(0, 5), (1, 3), (1, 5), (2, 3), (4, 5)]","[(0, 1), (2, 3), (2, 4), (0, 4), (0, 5)]",0.2499999943750001
359,"[(0, 5), (1, 3), (1, 5), (2, 3), (4, 5)]","[(0, 1), (0, 2), (0, 3), (0, 4), (0, 5)]",0.0
362,"[(0, 2), (0, 11), (1, 2), (3, 9), (3, 11), (4, 9), (5, 6), (5, 9), (7, 9), (8, 9), (10, 11)]","[(0, 1), (0, 2), (0, 3), (0, 4), (0, 5), (0, 6), (0, 7), (0, 8), (0, 9), (0, 10), (0, 11)]",0.09999999490000026
366,"[(0, 7), (1, 5), (1, 7), (2, 5), (3, 4), (3, 5), (6, 7)]","[(0, 1), (0, 2), (0, 3), (0, 4), (0, 5), (0, 6), (0, 7)]",0.0
360,"[(0, 6), (1, 4), (1, 6), (2, 4), (3, 4), (5, 6)]","[(0, 1), (0, 2), (0, 3), (0, 4), (0, 5), (0, 6)]",0.0
367,"[(0, 6), (1, 4), (1, 6), (2, 4), (3, 4), (5, 6)]","[(0, 1), (0, 2), (0, 3), (0, 4), (0, 5), (0, 6)]",0.0
368,"[(0, 6), (1, 3), (1, 4), (1, 6), (2, 3), (5, 6)]","[(1, 2), (3, 4), (5, 6), (0, 2), (3, 6), (0, 6)]",0.0
363,"[(0, 5), (1, 3), (1, 5), (2, 3), (4, 5)]","[(1, 2), (1, 3), (1, 4), (1, 5), (0, 5)]",0.4999999937500001
364,"[(0, 5), (1, 3), (1, 5), (2, 3), (4, 5)]","[(1, 2), (4, 5), (0, 2), (3, 5), (0, 5)]",0.0
369,"[(0, 5), (1, 3), (1, 5), (2, 3), (4, 5)]","[(0, 1), (2, 3), (4, 5), (0, 3), (0, 5)]",0.2499999943750001
361,"[(0, 4), (1, 2), (1, 4), (3, 4)]","[(1, 2), (3, 4), (0, 2), (0, 4)]",0.33333332722222225
365,"[(0, 4), (1, 2), (1, 4), (3, 4)]","[(3, 4), (2, 4), (1, 4), (0, 4)]",0.33333332722222225
374,"[(0, 9), (1, 7), (1, 9), (2, 7), (3, 7), (4, 6), (4, 7), (5, 6), (8, 9)]","[(0, 1), (2, 3), (4, 5), (6, 7), (8, 9), (6, 9), (4, 9), (2, 9), (0, 9)]",0.0
376,"[(0, 9), (1, 7), (1, 9), (2, 7), (3, 7), (4, 6), (4, 7), (5, 6), (8, 9)]","[(0, 1), (0, 2), (0, 3), (0, 4), (0, 5), (0, 6), (0, 7), (0, 8), (0, 9)]",0.0
370,"[(0, 7), (1, 5), (1, 7), (2, 5), (3, 4), (3, 5), (6, 7)]","[(0, 1), (2, 3), (4, 5), (6, 7), (0, 3), (0, 5), (0, 7)]",0.0
372,"[(0, 7), (1, 5), (1, 7), (2, 5), (3, 5), (4, 5), (6, 7)]","[(0, 1), (0, 2), (0, 3), (0, 4), (0, 5), (0, 6), (0, 7)]",0.0
373,"[(0, 7), (1, 5), (1, 7), (2, 5), (3, 4), (3, 5), (6, 7)]","[(5, 6), (4, 6), (3, 6), (2, 6), (2, 7), (1, 7), (0, 7)]",0.16666666138888903
377,"[(0, 7), (1, 5), (1, 7), (2, 5), (3, 4), (3, 5), (6, 7)]","[(0, 1), (2, 3), (4, 5), (6, 7), (0, 3), (4, 7), (0, 7)]",0.0
379,"[(0, 2), (0, 7), (1, 2), (3, 5), (3, 7), (4, 5), (6, 7)]","[(5, 6), (4, 6), (3, 6), (2, 6), (1, 6), (0, 6), (0, 7)]",0.0
378,"[(0, 2), (0, 6), (1, 2), (3, 4), (3, 6), (5, 6)]","[(0, 1), (4, 5), (0, 2), (4, 6), (0, 3), (0, 6)]",0.19999999460000012
371,"[(0, 5), (1, 3), (1, 5), (2, 3), (4, 5)]","[(2, 3), (4, 5), (2, 5), (1, 5), (0, 5)]",0.4999999937500001
375,"[(0, 2), (0, 5), (1, 2), (3, 5), (4, 5)]","[(0, 1), (2, 3), (2, 4), (0, 4), (0, 5)]",0.0
383,"[(0, 9), (0, 11), (1, 5), (1, 9), (2, 3), (2, 5), (4, 5), (6, 9), (7, 9), (8, 9), (10, 11)]","[(4, 5), (7, 8), (10, 11), (3, 5), (9, 11), (2, 5), (1, 5), (7, 11), (6, 11), (1, 11), (0, 11)]",0.29999999470000005
382,"[(0, 2), (0, 7), (1, 2), (3, 5), (3, 7), (4, 5), (6, 7)]","[(0, 1), (0, 2), (0, 3), (0, 4), (0, 5), (0, 6), (0, 7)]",0.16666666138888903
384,"[(0, 7), (1, 5), (1, 7), (2, 5), (3, 4), (3, 5), (6, 7)]","[(0, 1), (2, 3), (4, 5), (6, 7), (0, 3), (0, 5), (0, 7)]",0.0
385,"[(0, 7), (1, 5), (1, 7), (2, 5), (3, 5), (4, 5), (6, 7)]","[(6, 7), (5, 7), (4, 7), (3, 7), (2, 7), (1, 7), (0, 7)]",0.16666666138888903
388,"[(0, 7), (1, 5), (1, 7), (2, 5), (3, 5), (4, 5), (6, 7)]","[(1, 2), (0, 2), (0, 3), (0, 4), (0, 5), (0, 6), (0, 7)]",0.0
380,"[(0, 6), (1, 4), (1, 6), (2, 4), (3, 4), (5, 6)]","[(0, 1), (0, 2), (0, 3), (0, 4), (0, 5), (0, 6)]",0.0
387,"[(0, 6), (1, 4), (1, 6), (2, 4), (3, 4), (5, 6)]","[(0, 1), (4, 5), (0, 2), (4, 6), (0, 3), (0, 6)]",0.0
389,"[(0, 6), (1, 4), (1, 6), (2, 3), (2, 4), (5, 6)]","[(1, 2), (1, 3), (1, 4), (1, 5), (0, 5), (0, 6)]",0.19999999460000012
381,"[(0, 5), (1, 3), (1, 5), (2, 3), (4, 5)]","[(0, 1), (0, 2), (0, 3), (0, 4), (0, 5)]",0.0
386,"[(0, 5), (1, 3), (1, 5), (2, 3), (4, 5)]","[(4, 5), (3, 5), (2, 5), (1, 5), (0, 5)]",0.2499999943750001
390,"[(0, 8), (1, 2), (1, 6), (1, 8), (3, 6), (4, 6), (5, 6), (7, 8)]","[(1, 2), (4, 5), (3, 5), (3, 6), (3, 7), (1, 7), (1, 8), (0, 8)]",0.42857142295918377
391,"[(0, 8), (1, 2), (1, 6), (1, 8), (3, 6), (4, 6), (5, 6), (7, 8)]","[(1, 2), (1, 3), (0, 3), (0, 4), (0, 5), (0, 6), (0, 7), (0, 8)]",0.14285713765306143
392,"[(0, 2), (0, 8), (1, 2), (3, 6), (3, 8), (4, 6), (5, 6), (7, 8)]","[(0, 1), (0, 2), (0, 3), (0, 4), (0, 5), (0, 6), (0, 7), (0, 8)]",0.14285713765306143
397,"[(0, 8), (1, 6), (1, 8), (2, 3), (2, 6), (4, 6), (5, 6), (7, 8)]","[(0, 1), (2, 3), (5, 6), (7, 8), (4, 6), (4, 8), (2, 8), (0, 8)]",0.42857142295918377
399,"[(0, 8), (1, 3), (1, 6), (1, 8), (2, 3), (4, 6), (5, 6), (7, 8)]","[(3, 4), (5, 6), (7, 8), (2, 4), (2, 6), (1, 6), (1, 8), (0, 8)]",0.42857142295918377
396,"[(0, 2), (0, 7), (1, 2), (3, 5), (3, 7), (4, 5), (6, 7)]","[(0, 1), (0, 2), (0, 3), (0, 4), (0, 5), (0, 6), (0, 7)]",0.16666666138888903
398,"[(0, 7), (1, 5), (1, 7), (2, 5), (3, 4), (3, 5), (6, 7)]","[(0, 1), (4, 5), (0, 2), (4, 6), (0, 3), (4, 7), (0, 7)]",0.0
393,"[(0, 5), (1, 3), (1, 5), (2, 3), (4, 5)]","[(0, 1), (0, 2), (0, 3), (0, 4), (0, 5)]",0.0
394,"[(0, 5), (1, 3), (1, 5), (2, 3), (4, 5)]","[(4, 5), (3, 5), (2, 5), (1, 5), (0, 5)]",0.2499999943750001
395,"[(0, 4), (1, 2), (1, 4), (3, 4)]","[(0, 1), (0, 2), (0, 3), (0, 4)]",0.0
403,"[(0, 2), (0, 9), (1, 2), (3, 7), (3, 9), (4, 7), (5, 7), (6, 7), (8, 9)]","[(8, 9), (7, 9), (6, 9), (5, 9), (4, 9), (3, 9), (2, 9), (1, 9), (0, 9)]",0.12499999484375018
404,"[(0, 6), (0, 8), (1, 2), (1, 6), (3, 6), (4, 6), (5, 6), (7, 8)]","[(1, 2), (3, 4), (5, 6), (7, 8), (0, 2), (5, 8), (3, 8), (0, 8)]",0.28571428030612256
405,"[(0, 8), (1, 6), (1, 8), (2, 6), (3, 6), (4, 6), (5, 6), (7, 8)]","[(1, 2), (3, 4), (7, 8), (3, 5), (1, 5), (0, 5), (0, 6), (0, 8)]",0.0
400,"[(0, 7), (1, 3), (1, 5), (1, 7), (2, 3), (4, 5), (6, 7)]","[(0, 1), (4, 5), (0, 2), (0, 3), (0, 5), (0, 6), (0, 7)]",0.16666666138888903
402,"[(0, 2), (0, 7), (1, 2), (3, 5), (3, 7), (4, 5), (6, 7)]","[(0, 1), (2, 3), (4, 5), (6, 7), (4, 7), (2, 7), (0, 7)]",0.16666666138888903
401,"[(0, 2), (0, 6), (1, 2), (3, 4), (3, 6), (5, 6)]","[(0, 1), (0, 2), (0, 3), (0, 4), (0, 5), (0, 6)]",0.19999999460000012
406,"[(0, 5), (1, 3), (1, 5), (2, 3), (4, 5)]","[(3, 4), (2, 4), (1, 4), (0, 4), (0, 5)]",0.0
407,"[(0, 5), (1, 3), (1, 5), (2, 3), (4, 5)]","[(0, 1), (4, 5), (0, 2), (0, 3), (0, 5)]",0.0
408,"[(0, 5), (1, 3), (1, 5), (2, 3), (4, 5)]","[(1, 2), (3, 4), (0, 2), (0, 4), (0, 5)]",0.0
409,"[(0, 5), (1, 3), (1, 5), (2, 3), (4, 5)]","[(4, 5), (3, 5), (2, 5), (1, 5), (0, 5)]",0.2499999943750001
417,"[(0, 9), (1, 7), (1, 9), (2, 3), (2, 7), (4, 7), (5, 7), (6, 7), (8, 9)]","[(4, 5), (7, 8), (3, 5), (6, 8), (3, 8), (2, 8), (2, 9), (1, 9), (0, 9)]",0.12499999484375018
410,"[(0, 8), (1, 6), (1, 8), (2, 6), (3, 6), (4, 5), (4, 6), (7, 8)]","[(1, 2), (3, 4), (6, 7), (6, 8), (1, 4), (0, 4), (0, 5), (0, 8)]",0.0
412,"[(0, 2), (0, 8), (1, 2), (3, 6), (3, 8), (4, 6), (5, 6), (7, 8)]","[(2, 3), (2, 4), (1, 4), (1, 5), (0, 5), (0, 6), (0, 7), (0, 8)]",0.0
414,"[(0, 8), (1, 6), (1, 8), (2, 6), (3, 6), (4, 6), (5, 6), (7, 8)]","[(4, 5), (7, 8), (3, 5), (6, 8), (2, 5), (1, 5), (0, 5), (0, 8)]",0.0
418,"[(0, 8), (1, 6), (1, 8), (2, 6), (3, 6), (4, 5), (4, 6), (7, 8)]","[(1, 2), (1, 3), (1, 4), (0, 4), (0, 5), (0, 6), (0, 7), (0, 8)]",0.0
413,"[(0, 7), (1, 5), (1, 7), (2, 5), (3, 4), (3, 5), (6, 7)]","[(2, 3), (6, 7), (2, 4), (1, 4), (0, 4), (0, 5), (0, 7)]",0.0
416,"[(0, 5), (0, 7), (1, 5), (2, 5), (3, 5), (4, 5), (6, 7)]","[(0, 1), (2, 3), (2, 4), (2, 5), (2, 6), (0, 6), (0, 7)]",0.16666666138888903
411,"[(0, 6), (1, 3), (1, 6), (2, 3), (4, 6), (5, 6)]","[(0, 1), (2, 3), (5, 6), (4, 6), (0, 3), (0, 6)]",0.39999999420000004
415,"[(0, 6), (1, 4), (1, 6), (2, 4), (3, 4), (5, 6)]","[(0, 1), (2, 3), (2, 4), (2, 5), (2, 6), (0, 6)]",0.19999999460000012
419,"[(0, 2), (0, 6), (1, 2), (3, 4), (3, 6), (5, 6)]","[(0, 1), (3, 4), (5, 6), (2, 4), (2, 6), (0, 6)]",0.19999999460000012
422,"[(0, 1), (0, 2), (0, 3), (0, 9), (4, 7), (4, 9), (5, 6), (5, 7), (8, 9)]","[(1, 2), (3, 4), (6, 7), (0, 2), (5, 7), (3, 7), (3, 8), (0, 8), (0, 9)]",0.24999999468750006
421,"[(0, 1), (0, 2), (0, 3), (0, 8), (4, 6), (4, 8), (5, 6), (7, 8)]","[(1, 2), (3, 4), (5, 6), (7, 8), (5, 8), (3, 8), (1, 8), (0, 8)]",0.14285713765306143
426,"[(0, 8), (1, 6), (1, 8), (2, 3), (2, 4), (2, 6), (5, 6), (7, 8)]","[(7, 8), (6, 8), (5, 8), (4, 8), (3, 8), (2, 8), (1, 8), (0, 8)]",0.14285713765306143
424,"[(0, 6), (1, 4), (1, 6), (2, 3), (2, 4), (5, 6)]","[(4, 5), (3, 5), (2, 5), (1, 5), (0, 5), (0, 6)]",0.0
429,"[(0, 6), (1, 4), (1, 6), (2, 3), (2, 4), (5, 6)]","[(0, 1), (2, 3), (2, 4), (0, 4), (0, 5), (0, 6)]",0.39999999420000004
423,"[(0, 5), (1, 3), (1, 5), (2, 3), (4, 5)]","[(1, 2), (3, 4), (0, 2), (3, 5), (0, 5)]",0.0
425,"[(0, 5), (1, 3), (1, 5), (2, 3), (4, 5)]","[(4, 5), (3, 5), (2, 5), (1, 5), (0, 5)]",0.2499999943750001
428,"[(0, 5), (1, 3), (1, 5), (2, 3), (4, 5)]","[(0, 1), (0, 2), (0, 3), (0, 4), (0, 5)]",0.0
420,"[(0, 4), (1, 2), (1, 4), (3, 4)]","[(1, 2), (3, 4), (1, 4), (0, 4)]",0.6666666594444445
427,"[(0, 4), (1, 2), (1, 4), (3, 4)]","[(1, 2), (0, 2), (0, 3), (0, 4)]",0.33333332722222225
431,"[(0, 1), (0, 2), (0, 11), (3, 9), (3, 11), (4, 5), (4, 6), (4, 7), (4, 8), (4, 9), (10, 11)]","[(0, 1), (2, 3), (4, 5), (6, 7), (10, 11), (2, 5), (2, 7), (2, 8), (0, 8), (0, 9), (0, 11)]",0.19999999480000014
433,"[(0, 8), (1, 6), (1, 8), (2, 6), (3, 6), (4, 5), (4, 6), (7, 8)]","[(1, 2), (4, 5), (6, 7), (1, 3), (4, 7), (1, 7), (0, 7), (0, 8)]",0.14285713765306143
435,"[(0, 8), (1, 6), (1, 8), (2, 5), (2, 6), (3, 4), (3, 5), (7, 8)]","[(7, 8), (6, 8), (5, 8), (4, 8), (3, 8), (2, 8), (1, 8), (0, 8)]",0.14285713765306143
439,"[(0, 8), (1, 6), (1, 8), (2, 5), (2, 6), (3, 4), (3, 5), (7, 8)]","[(0, 1), (0, 2), (0, 3), (0, 4), (0, 5), (0, 6), (0, 7), (0, 8)]",0.0
430,"[(0, 7), (1, 5), (1, 7), (2, 5), (3, 4), (3, 5), (6, 7)]","[(0, 1), (2, 3), (4, 5), (6, 7), (4, 7), (2, 7), (0, 7)]",0.0
432,"[(0, 7), (1, 5), (1, 7), (2, 5), (3, 4), (3, 5), (6, 7)]","[(0, 1), (2, 3), (4, 5), (6, 7), (0, 3), (0, 5), (0, 7)]",0.0
434,"[(0, 2), (0, 7), (1, 2), (3, 4), (3, 5), (3, 7), (6, 7)]","[(0, 1), (2, 3), (4, 5), (6, 7), (0, 3), (0, 5), (0, 7)]",0.0
438,"[(0, 7), (1, 5), (1, 7), (2, 5), (3, 4), (3, 5), (6, 7)]","[(6, 7), (5, 7), (4, 7), (3, 7), (2, 7), (1, 7), (0, 7)]",0.16666666138888903
436,"[(0, 6), (1, 4), (1, 6), (2, 4), (3, 4), (5, 6)]","[(0, 1), (0, 2), (0, 3), (0, 4), (0, 5), (0, 6)]",0.0
437,"[(0, 5), (1, 3), (1, 5), (2, 3), (4, 5)]","[(3, 4), (3, 5), (2, 5), (1, 5), (0, 5)]",0.2499999943750001
441,"[(0, 9), (1, 7), (1, 9), (2, 7), (3, 4), (3, 7), (5, 6), (5, 7), (8, 9)]","[(8, 9), (7, 9), (6, 9), (5, 9), (4, 9), (3, 9), (2, 9), (1, 9), (0, 9)]",0.12499999484375018
445,"[(0, 9), (1, 7), (1, 9), (2, 7), (3, 7), (4, 6), (4, 7), (5, 6), (8, 9)]","[(0, 1), (0, 2), (0, 3), (0, 4), (0, 5), (0, 6), (0, 7), (0, 8), (0, 9)]",0.0
446,"[(0, 1), (0, 2), (0, 8), (3, 5), (3, 6), (3, 8), (4, 5), (7, 8)]","[(5, 6), (4, 6), (3, 6), (3, 7), (2, 7), (2, 8), (1, 8), (0, 8)]",0.14285713765306143
447,"[(0, 8), (1, 6), (1, 8), (2, 6), (3, 4), (3, 6), (5, 6), (7, 8)]","[(0, 1), (5, 6), (0, 2), (4, 6), (0, 3), (4, 7), (0, 7), (0, 8)]",0.14285713765306143
442,"[(0, 7), (1, 2), (1, 5), (1, 7), (3, 5), (4, 5), (6, 7)]","[(3, 4), (2, 4), (2, 5), (1, 5), (1, 6), (0, 6), (0, 7)]",0.16666666138888903
443,"[(0, 7), (1, 3), (1, 4), (1, 5), (1, 7), (2, 3), (6, 7)]","[(6, 7), (5, 7), (4, 7), (3, 7), (2, 7), (1, 7), (0, 7)]",0.16666666138888903
448,"[(0, 7), (1, 5), (1, 7), (2, 5), (3, 4), (3, 5), (6, 7)]","[(0, 1), (0, 2), (0, 3), (0, 4), (0, 5), (0, 6), (0, 7)]",0.0
440,"[(0, 6), (1, 4), (1, 6), (2, 4), (3, 4), (5, 6)]","[(5, 6), (4, 6), (3, 6), (2, 6), (1, 6), (0, 6)]",0.19999999460000012
444,"[(0, 6), (1, 4), (1, 6), (2, 3), (2, 4), (5, 6)]","[(0, 1), (0, 2), (0, 3), (0, 4), (0, 5), (0, 6)]",0.0
449,"[(0, 2), (0, 6), (1, 2), (3, 4), (3, 6), (5, 6)]","[(0, 1), (2, 3), (5, 6), (4, 6), (2, 6), (0, 6)]",0.0
457,"[(0, 1), (0, 7), (2, 5), (2, 7), (3, 4), (3, 5), (6, 7)]","[(0, 1), (0, 2), (0, 3), (0, 4), (0, 5), (0, 6), (0, 7)]",0.16666666138888903
450,"[(0, 6), (1, 4), (1, 6), (2, 4), (3, 4), (5, 6)]","[(5, 6), (4, 6), (3, 6), (2, 6), (1, 6), (0, 6)]",0.19999999460000012
451,"[(0, 6), (1, 4), (1, 6), (2, 3), (2, 4), (5, 6)]","[(5, 6), (4, 6), (3, 6), (2, 6), (1, 6), (0, 6)]",0.19999999460000012
456,"[(0, 6), (1, 2), (1, 4), (1, 6), (3, 4), (5, 6)]","[(1, 2), (3, 4), (3, 5), (1, 5), (1, 6), (0, 6)]",0.5999999938
458,"[(0, 1), (0, 6), (2, 4), (2, 6), (3, 4), (5, 6)]","[(0, 1), (0, 2), (0, 3), (0, 4), (0, 5), (0, 6)]",0.19999999460000012
459,"[(0, 6), (1, 4), (1, 6), (2, 3), (2, 4), (5, 6)]","[(2, 3), (5, 6), (2, 4), (1, 4), (1, 6), (0, 6)]",0.7999999934
452,"[(0, 5), (1, 3), (1, 5), (2, 3), (4, 5)]","[(0, 1), (0, 2), (0, 3), (0, 4), (0, 5)]",0.0
453,"[(0, 1), (0, 5), (2, 3), (2, 5), (4, 5)]","[(0, 1), (3, 4), (0, 2), (0, 4), (0, 5)]",0.2499999943750001
454,"[(0, 5), (1, 3), (1, 5), (2, 3), (4, 5)]","[(0, 1), (2, 3), (4, 5), (2, 5), (0, 5)]",0.2499999943750001
455,"[(0, 4), (1, 2), (1, 4), (3, 4)]","[(0, 1), (3, 4), (0, 2), (0, 4)]",0.0
464,"[(0, 1), (0, 2), (0, 11), (3, 9), (3, 11), (4, 7), (4, 9), (5, 6), (5, 7), (8, 9), (10, 11)]","[(0, 1), (4, 5), (6, 7), (10, 11), (0, 2), (4, 7), (4, 8), (4, 9), (3, 9), (3, 11), (0, 11)]",0.5999999944000001
460,"[(0, 8), (1, 6), (1, 8), (2, 6), (3, 6), (4, 6), (5, 6), (7, 8)]","[(0, 1), (3, 4), (5, 6), (7, 8), (0, 2), (0, 4), (0, 6), (0, 8)]",0.14285713765306143
466,"[(0, 8), (1, 6), (1, 8), (2, 3), (2, 6), (4, 5), (4, 6), (7, 8)]","[(7, 8), (6, 8), (5, 8), (4, 8), (3, 8), (2, 8), (1, 8), (0, 8)]",0.14285713765306143
462,"[(0, 7), (1, 5), (1, 7), (2, 5), (3, 4), (3, 5), (6, 7)]","[(0, 1), (0, 2), (0, 3), (0, 4), (0, 5), (0, 6), (0, 7)]",0.0
463,"[(0, 1), (0, 2), (0, 7), (3, 5), (3, 7), (4, 5), (6, 7)]","[(1, 2), (3, 4), (6, 7), (5, 7), (1, 4), (1, 7), (0, 7)]",0.0
465,"[(0, 1), (0, 7), (2, 5), (2, 7), (3, 4), (3, 5), (6, 7)]","[(0, 1), (3, 4), (5, 6), (2, 4), (0, 4), (0, 6), (0, 7)]",0.3333333277777778
461,"[(0, 6), (1, 4), (1, 6), (2, 4), (3, 4), (5, 6)]","[(1, 2), (1, 3), (1, 4), (1, 5), (0, 5), (0, 6)]",0.19999999460000012
467,"[(0, 6), (1, 4), (1, 6), (2, 3), (2, 4), (5, 6)]","[(0, 1), (4, 5), (3, 5), (2, 5), (0, 5), (0, 6)]",0.0
468,"[(0, 6), (1, 4), (1, 6), (2, 3), (2, 4), (5, 6)]","[(1, 2), (1, 3), (0, 3), (0, 4), (0, 5), (0, 6)]",0.0
469,"[(0, 5), (1, 3), (1, 5), (2, 3), (4, 5)]","[(1, 2), (4, 5), (3, 5), (1, 5), (0, 5)]",0.2499999943750001
479,"[(0, 4), (0, 12), (1, 4), (2, 4), (3, 4), (5, 12), (6, 10), (6, 12), (7, 10), (8, 9), (8, 10), (11, 12)]","[(1, 2), (3, 4), (5, 6), (9, 10), (11, 12), (0, 2), (5, 7), (9, 12), (0, 4), (8, 12), (0, 7), (0, 12)]",0.18181817665289268
476,"[(0, 8), (1, 6), (1, 8), (2, 6), (3, 4), (3, 5), (3, 6), (7, 8)]","[(0, 1), (2, 3), (4, 5), (6, 7), (4, 7), (2, 7), (0, 7), (0, 8)]",0.0
470,"[(0, 7), (1, 5), (1, 7), (2, 5), (3, 4), (3, 5), (6, 7)]","[(6, 7), (5, 7), (4, 7), (3, 7), (2, 7), (1, 7), (0, 7)]",0.16666666138888903
471,"[(0, 1), (0, 7), (2, 5), (2, 7), (3, 4), (3, 5), (6, 7)]","[(2, 3), (2, 4), (1, 4), (1, 5), (0, 5), (0, 6), (0, 7)]",0.0
473,"[(0, 1), (0, 2), (0, 7), (3, 5), (3, 7), (4, 5), (6, 7)]","[(1, 2), (0, 2), (0, 3), (0, 4), (0, 5), (0, 6), (0, 7)]",0.16666666138888903
474,"[(0, 1), (0, 7), (2, 5), (2, 7), (3, 4), (3, 5), (6, 7)]","[(3, 4), (3, 5), (2, 5), (1, 5), (1, 6), (0, 6), (0, 7)]",0.4999999941666667
477,"[(0, 7), (1, 5), (1, 7), (2, 5), (3, 4), (3, 5), (6, 7)]","[(1, 2), (3, 4), (5, 6), (0, 2), (3, 6), (3, 7), (0, 7)]",0.16666666138888903
478,"[(0, 1), (0, 7), (2, 5), (2, 7), (3, 4), (3, 5), (6, 7)]","[(0, 1), (2, 3), (5, 6), (0, 3), (0, 4), (0, 6), (0, 7)]",0.16666666138888903
472,"[(0, 6), (1, 4), (1, 6), (2, 3), (2, 4), (5, 6)]","[(0, 1), (2, 3), (5, 6), (2, 4), (0, 4), (0, 6)]",0.39999999420000004
475,"[(0, 4), (1, 2), (1, 4), (3, 4)]","[(3, 4), (2, 4), (1, 4), (0, 4)]",0.33333332722222225
484,"[(0, 9), (1, 7), (1, 9), (2, 7), (3, 4), (3, 7), (5, 6), (5, 7), (8, 9)]","[(8, 9), (7, 9), (6, 9), (5, 9), (4, 9), (3, 9), (2, 9), (1, 9), (0, 9)]",0.12499999484375018
480,"[(0, 7), (1, 3), (1, 5), (1, 7), (2, 3), (4, 5), (6, 7)]","[(1, 2), (3, 4), (6, 7), (5, 7), (3, 7), (1, 7), (0, 7)]",0.16666666138888903
481,"[(0, 6), (1, 4), (1, 6), (2, 3), (2, 4), (5, 6)]","[(0, 1), (0, 2), (0, 3), (0, 4), (0, 5), (0, 6)]",0.0
487,"[(0, 6), (1, 4), (1, 6), (2, 3), (2, 4), (5, 6)]","[(3, 4), (2, 4), (2, 5), (1, 5), (0, 5), (0, 6)]",0.19999999460000012
482,"[(0, 1), (0, 5), (2, 3), (2, 5), (4, 5)]","[(0, 1), (2, 3), (4, 5), (0, 3), (0, 5)]",0.4999999937500001
483,"[(0, 5), (1, 3), (1, 5), (2, 3), (4, 5)]","[(0, 1), (2, 3), (4, 5), (0, 3), (0, 5)]",0.2499999943750001
485,"[(0, 5), (1, 3), (1, 5), (2, 3), (4, 5)]","[(0, 1), (2, 3), (4, 5), (0, 3), (0, 5)]",0.2499999943750001
488,"[(0, 5), (1, 3), (1, 5), (2, 3), (4, 5)]","[(0, 1), (0, 2), (0, 3), (0, 4), (0, 5)]",0.0
489,"[(0, 5), (1, 3), (1, 5), (2, 3), (4, 5)]","[(4, 5), (3, 5), (2, 5), (1, 5), (0, 5)]",0.2499999943750001
486,"[(0, 4), (1, 2), (1, 4), (3, 4)]","[(1, 2), (1, 3), (0, 3), (0, 4)]",0.33333332722222225
492,"[(0, 7), (1, 2), (1, 5), (1, 7), (3, 5), (4, 5), (6, 7)]","[(0, 1), (2, 3), (4, 5), (6, 7), (4, 7), (2, 7), (0, 7)]",0.16666666138888903
496,"[(0, 7), (1, 5), (1, 7), (2, 5), (3, 4), (3, 5), (6, 7)]","[(0, 1), (2, 3), (4, 5), (4, 6), (2, 6), (0, 6), (0, 7)]",0.0
499,"[(0, 7), (1, 5), (1, 7), (2, 5), (3, 5), (4, 5), (6, 7)]","[(6, 7), (5, 7), (4, 7), (3, 7), (2, 7), (1, 7), (0, 7)]",0.16666666138888903
491,"[(0, 6), (1, 4), (1, 6), (2, 4), (3, 4), (5, 6)]","[(0, 1), (3, 4), (5, 6), (0, 2), (3, 6), (0, 6)]",0.19999999460000012
493,"[(0, 6), (1, 2), (1, 4), (1, 6), (3, 4), (5, 6)]","[(0, 1), (3, 4), (3, 5), (2, 5), (2, 6), (0, 6)]",0.19999999460000012
495,"[(0, 6), (1, 4), (1, 6), (2, 4), (3, 4), (5, 6)]","[(0, 1), (2, 3), (4, 5), (0, 3), (0, 5), (0, 6)]",0.0
490,"[(0, 5), (1, 2), (1, 5), (3, 5), (4, 5)]","[(0, 1), (2, 3), (4, 5), (2, 5), (0, 5)]",0.0
494,"[(0, 5), (1, 3), (1, 5), (2, 3), (4, 5)]","[(0, 1), (0, 2), (0, 3), (0, 4), (0, 5)]",0.0
497,"[(0, 5), (1, 3), (1, 5), (2, 3), (4, 5)]","[(1, 2), (3, 4), (1, 4), (0, 4), (0, 5)]",0.0
498,"[(0, 5), (1, 2), (1, 5), (3, 5), (4, 5)]","[(1, 2), (4, 5), (1, 3), (1, 5), (0, 5)]",0.4999999937500001
500,"[(0, 7), (1, 5), (1, 7), (2, 5), (3, 5), (4, 5), (6, 7)]","[(0, 1), (2, 3), (6, 7), (2, 4), (5, 7), (0, 4), (0, 7)]",0.0
501,"[(0, 7), (1, 2), (1, 5), (1, 7), (3, 5), (4, 5), (6, 7)]","[(0, 1), (4, 5), (3, 5), (2, 5), (2, 6), (0, 6), (0, 7)]",0.3333333277777778
502,"[(0, 7), (1, 3), (1, 5), (1, 7), (2, 3), (4, 5), (6, 7)]","[(0, 1), (4, 5), (6, 7), (0, 2), (0, 3), (4, 7), (0, 7)]",0.16666666138888903
503,"[(0, 7), (1, 5), (1, 7), (2, 4), (2, 5), (3, 4), (6, 7)]","[(2, 3), (4, 5), (6, 7), (1, 3), (1, 5), (1, 7), (0, 7)]",0.3333333277777778
506,"[(0, 1), (0, 7), (2, 5), (2, 7), (3, 4), (3, 5), (6, 7)]","[(0, 1), (0, 2), (0, 3), (0, 4), (0, 5), (0, 6), (0, 7)]",0.16666666138888903
505,"[(0, 6), (1, 4), (1, 6), (2, 4), (3, 4), (5, 6)]","[(1, 2), (1, 3), (1, 4), (0, 4), (0, 5), (0, 6)]",0.19999999460000012
508,"[(0, 6), (1, 3), (1, 6), (2, 3), (4, 6), (5, 6)]","[(0, 1), (4, 5), (0, 2), (0, 3), (0, 5), (0, 6)]",0.0
507,"[(0, 5), (1, 3), (1, 5), (2, 3), (4, 5)]","[(0, 1), (4, 5), (3, 5), (2, 5), (0, 5)]",0.0
509,"[(0, 5), (1, 3), (1, 5), (2, 3), (4, 5)]","[(0, 1), (0, 2), (0, 3), (0, 4), (0, 5)]",0.0
504,"[(0, 4), (1, 2), (1, 4), (3, 4)]","[(3, 4), (2, 4), (1, 4), (0, 4)]",0.33333332722222225
513,"[(0, 7), (1, 3), (1, 5), (1, 7), (2, 3), (4, 5), (6, 7)]","[(0, 1), (2, 3), (5, 6), (4, 6), (2, 6), (0, 6), (0, 7)]",0.16666666138888903
515,"[(0, 7), (1, 5), (1, 7), (2, 4), (2, 5), (3, 4), (6, 7)]","[(0, 1), (0, 2), (0, 3), (0, 4), (0, 5), (0, 6), (0, 7)]",0.0
514,"[(0, 6), (1, 4), (1, 6), (2, 4), (3, 4), (5, 6)]","[(5, 6), (4, 6), (3, 6), (2, 6), (1, 6), (0, 6)]",0.19999999460000012
517,"[(0, 6), (1, 4), (1, 6), (2, 4), (3, 4), (5, 6)]","[(2, 3), (5, 6), (1, 3), (4, 6), (1, 6), (0, 6)]",0.19999999460000012
511,"[(0, 5), (1, 3), (1, 5), (2, 3), (4, 5)]","[(4, 5), (3, 5), (2, 5), (1, 5), (0, 5)]",0.2499999943750001
516,"[(0, 5), (1, 3), (1, 5), (2, 3), (4, 5)]","[(4, 5), (3, 5), (2, 5), (1, 5), (0, 5)]",0.2499999943750001
518,"[(0, 5), (1, 3), (1, 5), (2, 3), (4, 5)]","[(4, 5), (3, 5), (2, 5), (1, 5), (0, 5)]",0.2499999943750001
519,"[(0, 5), (1, 3), (1, 5), (2, 3), (4, 5)]","[(4, 5), (3, 5), (2, 5), (1, 5), (0, 5)]",0.2499999943750001
510,"[(0, 4), (1, 2), (1, 4), (3, 4)]","[(0, 1), (3, 4), (2, 4), (0, 4)]",0.0
512,"[(0, 4), (1, 2), (1, 4), (3, 4)]","[(2, 3), (2, 4), (1, 4), (0, 4)]",0.33333332722222225
520,"[(0, 8), (1, 6), (1, 8), (2, 3), (2, 6), (4, 6), (5, 6), (7, 8)]","[(0, 1), (7, 8), (6, 8), (5, 8), (4, 8), (3, 8), (2, 8), (0, 8)]",0.0
525,"[(0, 7), (1, 5), (1, 7), (2, 5), (3, 4), (3, 5), (6, 7)]","[(0, 1), (3, 4), (3, 5), (3, 6), (2, 6), (2, 7), (0, 7)]",0.3333333277777778
521,"[(0, 1), (0, 6), (2, 4), (2, 6), (3, 4), (5, 6)]","[(5, 6), (4, 6), (3, 6), (2, 6), (1, 6), (0, 6)]",0.19999999460000012
529,"[(0, 6), (1, 4), (1, 6), (2, 3), (2, 4), (5, 6)]","[(5, 6), (4, 6), (3, 6), (2, 6), (1, 6), (0, 6)]",0.19999999460000012
523,"[(0, 5), (1, 3), (1, 5), (2, 3), (4, 5)]","[(1, 2), (3, 4), (0, 2), (0, 4), (0, 5)]",0.0
524,"[(0, 5), (1, 3), (1, 5), (2, 3), (4, 5)]","[(0, 1), (2, 3), (4, 5), (0, 3), (0, 5)]",0.2499999943750001
527,"[(0, 5), (1, 3), (1, 5), (2, 3), (4, 5)]","[(4, 5), (3, 5), (2, 5), (1, 5), (0, 5)]",0.2499999943750001
522,"[(0, 4), (1, 2), (1, 4), (3, 4)]","[(0, 1), (0, 2), (0, 3), (0, 4)]",0.0
526,"[(0, 4), (1, 2), (1, 4), (3, 4)]","[(1, 2), (0, 2), (0, 3), (0, 4)]",0.33333332722222225
528,"[(0, 4), (1, 2), (1, 4), (3, 4)]","[(1, 2), (3, 4), (1, 4), (0, 4)]",0.6666666594444445
533,"[(0, 1), (0, 2), (0, 7), (3, 4), (3, 5), (3, 7), (6, 7)]","[(3, 4), (3, 5), (2, 5), (2, 6), (1, 6), (1, 7), (0, 7)]",0.3333333277777778
537,"[(0, 7), (1, 5), (1, 7), (2, 5), (3, 4), (3, 5), (6, 7)]","[(6, 7), (5, 7), (4, 7), (3, 7), (2, 7), (1, 7), (0, 7)]",0.16666666138888903
539,"[(0, 7), (1, 5), (1, 7), (2, 5), (3, 4), (3, 5), (6, 7)]","[(2, 3), (6, 7), (5, 7), (4, 7), (2, 7), (1, 7), (0, 7)]",0.16666666138888903
530,"[(0, 6), (1, 4), (1, 6), (2, 4), (3, 4), (5, 6)]","[(4, 5), (3, 5), (3, 6), (2, 6), (1, 6), (0, 6)]",0.19999999460000012
532,"[(0, 6), (1, 4), (1, 6), (2, 3), (2, 4), (5, 6)]","[(1, 2), (3, 4), (5, 6), (1, 4), (0, 4), (0, 6)]",0.19999999460000012
535,"[(0, 6), (1, 4), (1, 6), (2, 4), (3, 4), (5, 6)]","[(0, 1), (0, 2), (0, 3), (0, 4), (0, 5), (0, 6)]",0.0
534,"[(0, 5), (1, 3), (1, 5), (2, 3), (4, 5)]","[(0, 1), (2, 3), (4, 5), (2, 5), (0, 5)]",0.2499999943750001
536,"[(0, 5), (1, 3), (1, 5), (2, 3), (4, 5)]","[(3, 4), (2, 4), (2, 5), (1, 5), (0, 5)]",0.2499999943750001
538,"[(0, 5), (1, 3), (1, 5), (2, 3), (4, 5)]","[(0, 1), (2, 3), (4, 5), (0, 3), (0, 5)]",0.2499999943750001
531,"[(0, 4), (1, 2), (1, 4), (3, 4)]","[(0, 1), (3, 4), (2, 4), (0, 4)]",0.0
541,"[(0, 7), (1, 5), (1, 7), (2, 5), (3, 4), (3, 5), (6, 7)]","[(0, 1), (0, 2), (0, 3), (0, 4), (0, 5), (0, 6), (0, 7)]",0.0
546,"[(0, 7), (1, 5), (1, 7), (2, 5), (3, 5), (4, 5), (6, 7)]","[(3, 4), (2, 4), (2, 5), (2, 6), (1, 6), (0, 6), (0, 7)]",0.16666666138888903
547,"[(0, 1), (0, 7), (2, 5), (2, 7), (3, 4), (3, 5), (6, 7)]","[(1, 2), (4, 5), (6, 7), (0, 2), (3, 5), (0, 5), (0, 7)]",0.16666666138888903
542,"[(0, 6), (1, 4), (1, 6), (2, 4), (3, 4), (5, 6)]","[(0, 1), (3, 4), (3, 5), (2, 5), (2, 6), (0, 6)]",0.19999999460000012
543,"[(0, 6), (1, 4), (1, 6), (2, 4), (3, 4), (5, 6)]","[(0, 1), (0, 2), (0, 3), (0, 4), (0, 5), (0, 6)]",0.0
544,"[(0, 6), (1, 4), (1, 6), (2, 4), (3, 4), (5, 6)]","[(1, 2), (3, 4), (5, 6), (1, 4), (0, 4), (0, 6)]",0.39999999420000004
548,"[(0, 1), (0, 6), (2, 4), (2, 6), (3, 4), (5, 6)]","[(5, 6), (4, 6), (3, 6), (2, 6), (1, 6), (0, 6)]",0.19999999460000012
545,"[(0, 5), (1, 3), (1, 5), (2, 3), (4, 5)]","[(1, 2), (3, 4), (0, 2), (0, 4), (0, 5)]",0.0
549,"[(0, 5), (1, 3), (1, 5), (2, 3), (4, 5)]","[(4, 5), (3, 5), (2, 5), (1, 5), (0, 5)]",0.2499999943750001
540,"[(0, 4), (1, 2), (1, 4), (3, 4)]","[(3, 4), (2, 4), (1, 4), (0, 4)]",0.33333332722222225
556,"[(0, 8), (1, 5), (1, 6), (1, 8), (2, 4), (2, 5), (3, 4), (7, 8)]","[(0, 1), (2, 3), (4, 5), (6, 7), (4, 7), (4, 8), (2, 8), (0, 8)]",0.0
557,"[(0, 1), (0, 8), (2, 6), (2, 8), (3, 6), (4, 5), (4, 6), (7, 8)]","[(7, 8), (6, 8), (5, 8), (4, 8), (3, 8), (2, 8), (1, 8), (0, 8)]",0.14285713765306143
550,"[(0, 2), (0, 3), (0, 7), (1, 2), (4, 5), (4, 7), (6, 7)]","[(0, 1), (5, 6), (0, 2), (4, 6), (0, 3), (4, 7), (0, 7)]",0.4999999941666667
558,"[(0, 7), (1, 5), (1, 7), (2, 5), (3, 4), (3, 5), (6, 7)]","[(6, 7), (5, 7), (4, 7), (3, 7), (2, 7), (1, 7), (0, 7)]",0.16666666138888903
551,"[(0, 1), (0, 6), (2, 4), (2, 6), (3, 4), (5, 6)]","[(0, 1), (2, 3), (5, 6), (2, 4), (2, 6), (0, 6)]",0.5999999938
552,"[(0, 6), (1, 2), (1, 6), (3, 4), (3, 6), (5, 6)]","[(0, 1), (0, 2), (0, 3), (0, 4), (0, 5), (0, 6)]",0.0
555,"[(0, 4), (0, 6), (1, 4), (2, 3), (2, 4), (5, 6)]","[(0, 1), (3, 4), (2, 4), (2, 5), (0, 5), (0, 6)]",0.19999999460000012
559,"[(0, 4), (0, 6), (1, 4), (2, 3), (2, 4), (5, 6)]","[(2, 3), (5, 6), (4, 6), (2, 6), (1, 6), (0, 6)]",0.19999999460000012
554,"[(0, 2), (0, 5), (1, 2), (3, 5), (4, 5)]","[(0, 1), (0, 2), (0, 3), (0, 4), (0, 5)]",0.2499999943750001
553,"[(0, 2), (0, 4), (1, 2), (3, 4)]","[(1, 2), (3, 4), (0, 2), (0, 4)]",0.6666666594444445
569,"[(0, 5), (0, 7), (1, 5), (2, 4), (2, 5), (3, 4), (6, 7)]","[(2, 3), (1, 3), (1, 4), (1, 5), (1, 6), (1, 7), (0, 7)]",0.16666666138888903
563,"[(0, 6), (1, 3), (1, 4), (1, 6), (2, 3), (5, 6)]","[(0, 1), (3, 4), (2, 4), (2, 5), (0, 5), (0, 6)]",0.0
564,"[(0, 6), (1, 4), (1, 6), (2, 3), (2, 4), (5, 6)]","[(1, 2), (5, 6), (4, 6), (3, 6), (1, 6), (0, 6)]",0.19999999460000012
566,"[(0, 1), (0, 6), (2, 4), (2, 6), (3, 4), (5, 6)]","[(0, 1), (2, 3), (4, 5), (2, 5), (2, 6), (0, 6)]",0.39999999420000004
568,"[(0, 1), (0, 6), (2, 4), (2, 6), (3, 4), (5, 6)]","[(5, 6), (4, 6), (3, 6), (2, 6), (1, 6), (0, 6)]",0.19999999460000012
560,"[(0, 5), (1, 2), (1, 3), (1, 5), (4, 5)]","[(4, 5), (3, 5), (2, 5), (1, 5), (0, 5)]",0.2499999943750001
562,"[(0, 5), (1, 3), (1, 5), (2, 3), (4, 5)]","[(0, 1), (2, 3), (4, 5), (2, 5), (0, 5)]",0.2499999943750001
565,"[(0, 1), (0, 5), (2, 3), (2, 5), (4, 5)]","[(1, 2), (4, 5), (1, 3), (1, 5), (0, 5)]",0.0
567,"[(0, 1), (0, 5), (2, 3), (2, 5), (4, 5)]","[(0, 1), (3, 4), (0, 2), (3, 5), (0, 5)]",0.2499999943750001
561,"[(0, 4), (1, 2), (1, 4), (3, 4)]","[(1, 2), (3, 4), (0, 2), (0, 4)]",0.33333332722222225
573,"[(0, 1), (0, 8), (2, 6), (2, 8), (3, 6), (4, 5), (4, 6), (7, 8)]","[(0, 1), (3, 4), (6, 7), (0, 2), (3, 5), (6, 8), (3, 8), (0, 8)]",0.14285713765306143
575,"[(0, 1), (0, 2), (0, 8), (3, 6), (3, 8), (4, 5), (4, 6), (7, 8)]","[(2, 3), (5, 6), (7, 8), (5, 8), (4, 8), (2, 8), (1, 8), (0, 8)]",0.0
576,"[(0, 7), (1, 5), (1, 7), (2, 5), (3, 5), (4, 5), (6, 7)]","[(1, 2), (1, 3), (0, 3), (0, 4), (0, 5), (0, 6), (0, 7)]",0.0
577,"[(0, 1), (0, 2), (0, 7), (3, 5), (3, 7), (4, 5), (6, 7)]","[(6, 7), (5, 7), (4, 7), (3, 7), (2, 7), (1, 7), (0, 7)]",0.16666666138888903
578,"[(0, 2), (0, 7), (1, 2), (3, 5), (3, 7), (4, 5), (6, 7)]","[(1, 2), (1, 3), (0, 3), (0, 4), (0, 5), (0, 6), (0, 7)]",0.16666666138888903
574,"[(0, 3), (0, 5), (1, 3), (2, 3), (4, 5)]","[(0, 1), (4, 5), (0, 2), (0, 3), (0, 5)]",0.2499999943750001
579,"[(0, 5), (1, 3), (1, 5), (2, 3), (4, 5)]","[(4, 5), (3, 5), (2, 5), (1, 5), (0, 5)]",0.2499999943750001
570,"[(0, 4), (1, 2), (1, 4), (3, 4)]","[(0, 1), (3, 4), (2, 4), (0, 4)]",0.0
571,"[(0, 1), (0, 4), (2, 4), (3, 4)]","[(0, 1), (3, 4), (0, 2), (0, 4)]",0.33333332722222225
572,"[(0, 4), (1, 2), (1, 4), (3, 4)]","[(0, 1), (2, 3), (2, 4), (0, 4)]",0.0
582,"[(0, 9), (1, 4), (1, 7), (1, 9), (2, 4), (3, 4), (5, 7), (6, 7), (8, 9)]","[(0, 1), (2, 3), (4, 5), (6, 7), (8, 9), (6, 9), (4, 9), (2, 9), (0, 9)]",0.12499999484375018
581,"[(0, 5), (0, 7), (1, 2), (1, 3), (1, 5), (4, 5), (6, 7)]","[(0, 1), (2, 3), (6, 7), (5, 7), (0, 3), (4, 7), (0, 7)]",0.0
580,"[(0, 1), (0, 6), (2, 4), (2, 6), (3, 4), (5, 6)]","[(0, 1), (2, 3), (4, 5), (0, 3), (0, 5), (0, 6)]",0.19999999460000012
586,"[(0, 6), (1, 4), (1, 6), (2, 4), (3, 4), (5, 6)]","[(0, 1), (3, 4), (5, 6), (0, 2), (3, 6), (0, 6)]",0.19999999460000012
583,"[(0, 5), (1, 3), (1, 5), (2, 3), (4, 5)]","[(0, 1), (2, 3), (4, 5), (0, 3), (0, 5)]",0.2499999943750001
587,"[(0, 5), (1, 3), (1, 5), (2, 3), (4, 5)]","[(0, 1), (0, 2), (0, 3), (0, 4), (0, 5)]",0.0
588,"[(0, 5), (1, 3), (1, 5), (2, 3), (4, 5)]","[(0, 1), (2, 3), (4, 5), (2, 5), (0, 5)]",0.2499999943750001
584,"[(0, 4), (1, 2), (1, 4), (3, 4)]","[(1, 2), (3, 4), (1, 4), (0, 4)]",0.6666666594444445
585,"[(0, 4), (1, 2), (1, 4), (3, 4)]","[(1, 2), (3, 4), (1, 4), (0, 4)]",0.6666666594444445
589,"[(0, 4), (1, 2), (1, 4), (3, 4)]","[(1, 2), (3, 4), (0, 2), (0, 4)]",0.33333332722222225
591,"[(0, 9), (1, 4), (1, 7), (1, 9), (2, 4), (3, 4), (5, 7), (6, 7), (8, 9)]","[(0, 1), (2, 3), (6, 7), (8, 9), (5, 7), (0, 3), (4, 7), (0, 7), (0, 9)]",0.24999999468750006
596,"[(0, 9), (1, 3), (1, 7), (1, 9), (2, 3), (4, 7), (5, 7), (6, 7), (8, 9)]","[(0, 1), (0, 2), (0, 3), (0, 4), (0, 5), (0, 6), (0, 7), (0, 8), (0, 9)]",0.0
593,"[(0, 1), (0, 2), (0, 8), (3, 6), (3, 8), (4, 6), (5, 6), (7, 8)]","[(0, 1), (0, 2), (0, 3), (0, 4), (0, 5), (0, 6), (0, 7), (0, 8)]",0.28571428030612256
595,"[(0, 8), (1, 3), (1, 6), (1, 8), (2, 3), (4, 6), (5, 6), (7, 8)]","[(2, 3), (6, 7), (1, 3), (5, 7), (1, 4), (1, 7), (0, 7), (0, 8)]",0.28571428030612256
597,"[(0, 8), (1, 5), (1, 6), (1, 8), (2, 5), (3, 4), (3, 5), (7, 8)]","[(2, 3), (6, 7), (1, 3), (6, 8), (1, 4), (5, 8), (0, 4), (0, 8)]",0.0
594,"[(0, 7), (1, 2), (1, 5), (1, 7), (3, 5), (4, 5), (6, 7)]","[(6, 7), (5, 7), (4, 7), (3, 7), (2, 7), (1, 7), (0, 7)]",0.16666666138888903
599,"[(0, 1), (0, 6), (2, 4), (2, 6), (3, 4), (5, 6)]","[(5, 6), (4, 6), (3, 6), (2, 6), (1, 6), (0, 6)]",0.19999999460000012
592,"[(0, 5), (1, 3), (1, 5), (2, 3), (4, 5)]","[(1, 2), (4, 5), (1, 3), (1, 5), (0, 5)]",0.4999999937500001
590,"[(0, 4), (1, 2), (1, 4), (3, 4)]","[(1, 2), (3, 4), (1, 4), (0, 4)]",0.6666666594444445
598,"[(0, 4), (1, 2), (1, 4), (3, 4)]","[(0, 1), (0, 2), (0, 3), (0, 4)]",0.0
604,"[(0, 1), (0, 2), (0, 12), (3, 6), (3, 10), (3, 12), (4, 5), (4, 6), (7, 10), (8, 9), (8, 10), (11, 12)]","[(0, 1), (2, 3), (5, 6), (7, 8), (10, 11), (2, 4), (7, 9), (10, 12), (7, 12), (5, 12), (2, 12), (0, 12)]",0.09090908582644655
605,"[(0, 10), (1, 8), (1, 10), (2, 8), (3, 4), (3, 8), (5, 6), (5, 7), (5, 8), (9, 10)]","[(1, 2), (0, 2), (0, 3), (0, 4), (0, 5), (0, 6), (0, 7), (0, 8), (0, 9), (0, 10)]",0.0
600,"[(0, 9), (1, 7), (1, 9), (2, 7), (3, 7), (4, 5), (4, 7), (6, 7), (8, 9)]","[(0, 1), (2, 3), (8, 9), (0, 3), (0, 4), (0, 5), (0, 6), (0, 7), (0, 9)]",0.0
606,"[(0, 9), (1, 7), (1, 9), (2, 7), (3, 4), (3, 7), (5, 7), (6, 7), (8, 9)]","[(7, 8), (6, 8), (6, 9), (5, 9), (4, 9), (3, 9), (2, 9), (1, 9), (0, 9)]",0.12499999484375018
608,"[(0, 1), (0, 6), (2, 4), (2, 6), (3, 4), (5, 6)]","[(0, 1), (0, 2), (0, 3), (0, 4), (0, 5), (0, 6)]",0.19999999460000012
602,"[(0, 5), (1, 3), (1, 5), (2, 3), (4, 5)]","[(0, 1), (2, 3), (4, 5), (2, 5), (0, 5)]",0.2499999943750001
603,"[(0, 5), (1, 3), (1, 5), (2, 3), (4, 5)]","[(0, 1), (2, 3), (0, 3), (0, 4), (0, 5)]",0.2499999943750001
609,"[(0, 5), (1, 3), (1, 5), (2, 3), (4, 5)]","[(0, 1), (2, 3), (4, 5), (0, 3), (0, 5)]",0.2499999943750001
601,"[(0, 4), (1, 2), (1, 4), (3, 4)]","[(0, 1), (0, 2), (0, 3), (0, 4)]",0.0
607,"[(0, 4), (1, 2), (1, 4), (3, 4)]","[(0, 1), (2, 3), (2, 4), (0, 4)]",0.0
614,"[(0, 10), (1, 5), (1, 8), (1, 10), (2, 5), (3, 5), (4, 5), (6, 8), (7, 8), (9, 10)]","[(0, 1), (4, 5), (8, 9), (0, 2), (4, 6), (8, 10), (0, 3), (0, 6), (0, 7), (0, 10)]",0.11111110598765454
616,"[(0, 1), (0, 8), (2, 6), (2, 8), (3, 6), (4, 5), (4, 6), (7, 8)]","[(1, 2), (3, 4), (6, 7), (5, 7), (5, 8), (3, 8), (1, 8), (0, 8)]",0.0
613,"[(0, 7), (1, 5), (1, 7), (2, 3), (2, 5), (4, 5), (6, 7)]","[(1, 2), (6, 7), (0, 2), (5, 7), (4, 7), (3, 7), (0, 7)]",0.0
615,"[(0, 2), (0, 7), (1, 2), (3, 5), (3, 7), (4, 5), (6, 7)]","[(6, 7), (5, 7), (4, 7), (3, 7), (2, 7), (1, 7), (0, 7)]",0.16666666138888903
617,"[(0, 7), (1, 5), (1, 7), (2, 5), (3, 4), (3, 5), (6, 7)]","[(0, 1), (3, 4), (0, 2), (0, 4), (0, 5), (0, 6), (0, 7)]",0.16666666138888903
611,"[(0, 6), (1, 4), (1, 6), (2, 4), (3, 4), (5, 6)]","[(1, 2), (3, 4), (5, 6), (0, 2), (3, 6), (0, 6)]",0.19999999460000012
612,"[(0, 6), (1, 4), (1, 6), (2, 4), (3, 4), (5, 6)]","[(0, 1), (2, 3), (5, 6), (0, 3), (0, 4), (0, 6)]",0.0
618,"[(0, 1), (0, 6), (2, 4), (2, 6), (3, 4), (5, 6)]","[(0, 1), (0, 2), (0, 3), (0, 4), (0, 5), (0, 6)]",0.19999999460000012
619,"[(0, 1), (0, 6), (2, 4), (2, 6), (3, 4), (5, 6)]","[(5, 6), (4, 6), (3, 6), (2, 6), (1, 6), (0, 6)]",0.19999999460000012
610,"[(0, 5), (1, 3), (1, 5), (2, 3), (4, 5)]","[(4, 5), (3, 5), (2, 5), (1, 5), (0, 5)]",0.2499999943750001
621,"[(0, 11), (1, 9), (1, 11), (2, 9), (3, 4), (3, 9), (5, 6), (5, 7), (5, 8), (5, 9), (10, 11)]","[(10, 11), (9, 11), (8, 11), (7, 11), (6, 11), (5, 11), (4, 11), (3, 11), (2, 11), (1, 11), (0, 11)]",0.09999999490000026
622,"[(0, 9), (0, 11), (1, 2), (1, 9), (3, 9), (4, 5), (4, 8), (4, 9), (6, 7), (6, 8), (10, 11)]","[(1, 2), (3, 4), (5, 6), (7, 8), (10, 11), (9, 11), (1, 4), (1, 6), (1, 8), (1, 11), (0, 11)]",0.09999999490000026
623,"[(0, 9), (0, 11), (1, 2), (1, 9), (3, 9), (4, 5), (4, 8), (4, 9), (6, 7), (6, 8), (10, 11)]","[(0, 1), (0, 2), (0, 3), (0, 4), (0, 5), (0, 6), (0, 7), (0, 8), (0, 9), (0, 10), (0, 11)]",0.09999999490000026
627,"[(0, 11), (1, 2), (1, 11), (3, 11), (4, 9), (4, 11), (5, 9), (6, 9), (7, 9), (8, 9), (10, 11)]","[(9, 10), (9, 11), (8, 11), (7, 11), (6, 11), (5, 11), (4, 11), (3, 11), (2, 11), (1, 11), (0, 11)]",0.29999999470000005
624,"[(0, 10), (1, 5), (1, 8), (1, 10), (2, 5), (3, 5), (4, 5), (6, 8), (7, 8), (9, 10)]","[(1, 2), (4, 5), (8, 9), (3, 5), (7, 9), (6, 9), (3, 9), (1, 9), (0, 9), (0, 10)]",0.22222221697530875
626,"[(0, 1), (0, 3), (0, 9), (2, 3), (4, 9), (5, 7), (5, 9), (6, 7), (8, 9)]","[(1, 2), (3, 4), (8, 9), (7, 9), (6, 9), (5, 9), (3, 9), (1, 9), (0, 9)]",0.12499999484375018
628,"[(0, 9), (1, 4), (1, 7), (1, 9), (2, 4), (3, 4), (5, 7), (6, 7), (8, 9)]","[(8, 9), (7, 9), (6, 9), (5, 9), (4, 9), (3, 9), (2, 9), (1, 9), (0, 9)]",0.12499999484375018
625,"[(0, 8), (1, 6), (1, 8), (2, 6), (3, 6), (4, 6), (5, 6), (7, 8)]","[(0, 1), (2, 3), (4, 5), (7, 8), (6, 8), (2, 5), (0, 5), (0, 8)]",0.0
629,"[(0, 6), (0, 8), (1, 2), (1, 3), (1, 6), (4, 5), (4, 6), (7, 8)]","[(1, 2), (3, 4), (7, 8), (3, 5), (1, 5), (0, 5), (0, 6), (0, 8)]",0.28571428030612256
620,"[(0, 1), (0, 2), (0, 7), (3, 5), (3, 7), (4, 5), (6, 7)]","[(2, 3), (5, 6), (1, 3), (4, 6), (0, 3), (0, 6), (0, 7)]",0.0
631,"[(0, 9), (1, 4), (1, 7), (1, 9), (2, 4), (3, 4), (5, 7), (6, 7), (8, 9)]","[(8, 9), (7, 9), (6, 9), (5, 9), (4, 9), (3, 9), (2, 9), (1, 9), (0, 9)]",0.12499999484375018
635,"[(0, 1), (0, 2), (0, 9), (3, 7), (3, 9), (4, 5), (4, 6), (4, 7), (8, 9)]","[(8, 9), (7, 9), (6, 9), (5, 9), (4, 9), (3, 9), (2, 9), (1, 9), (0, 9)]",0.12499999484375018
636,"[(0, 8), (1, 6), (1, 8), (2, 6), (3, 4), (3, 6), (5, 6), (7, 8)]","[(1, 2), (1, 3), (1, 4), (1, 5), (0, 5), (0, 6), (0, 7), (0, 8)]",0.0
639,"[(0, 8), (1, 2), (1, 6), (1, 8), (3, 6), (4, 5), (4, 6), (7, 8)]","[(0, 1), (0, 2), (0, 3), (0, 4), (0, 5), (0, 6), (0, 7), (0, 8)]",0.0
632,"[(0, 7), (1, 5), (1, 7), (2, 4), (2, 5), (3, 4), (6, 7)]","[(0, 1), (0, 2), (0, 3), (0, 4), (0, 5), (0, 6), (0, 7)]",0.0
634,"[(0, 7), (1, 3), (1, 5), (1, 7), (2, 3), (4, 5), (6, 7)]","[(0, 1), (2, 3), (6, 7), (2, 4), (2, 5), (2, 7), (0, 7)]",0.16666666138888903
630,"[(0, 6), (1, 4), (1, 6), (2, 4), (3, 4), (5, 6)]","[(0, 1), (3, 4), (5, 6), (0, 2), (3, 6), (0, 6)]",0.19999999460000012
633,"[(0, 6), (1, 4), (1, 6), (2, 4), (3, 4), (5, 6)]","[(5, 6), (4, 6), (3, 6), (2, 6), (1, 6), (0, 6)]",0.19999999460000012
637,"[(0, 5), (1, 3), (1, 5), (2, 3), (4, 5)]","[(0, 1), (3, 4), (2, 4), (0, 4), (0, 5)]",0.0
638,"[(0, 5), (1, 3), (1, 5), (2, 3), (4, 5)]","[(0, 1), (0, 2), (0, 3), (0, 4), (0, 5)]",0.0
646,"[(0, 1), (0, 11), (2, 9), (2, 11), (3, 4), (3, 7), (3, 8), (3, 9), (5, 7), (6, 7), (10, 11)]","[(1, 2), (4, 5), (6, 7), (9, 10), (1, 3), (9, 11), (1, 5), (0, 5), (0, 7), (0, 8), (0, 11)]",0.09999999490000026
642,"[(0, 7), (1, 5), (1, 7), (2, 5), (3, 4), (3, 5), (6, 7)]","[(0, 1), (0, 2), (0, 3), (0, 4), (0, 5), (0, 6), (0, 7)]",0.0
643,"[(0, 7), (1, 5), (1, 7), (2, 5), (3, 4), (3, 5), (6, 7)]","[(0, 1), (2, 3), (4, 5), (6, 7), (0, 3), (0, 5), (0, 7)]",0.0
647,"[(0, 7), (1, 5), (1, 7), (2, 5), (3, 4), (3, 5), (6, 7)]","[(6, 7), (5, 7), (4, 7), (3, 7), (2, 7), (1, 7), (0, 7)]",0.16666666138888903
648,"[(0, 7), (1, 5), (1, 7), (2, 5), (3, 4), (3, 5), (6, 7)]","[(1, 2), (5, 6), (1, 3), (5, 7), (0, 3), (4, 7), (0, 7)]",0.0
641,"[(0, 5), (0, 6), (1, 2), (1, 3), (1, 5), (4, 5)]","[(2, 3), (5, 6), (1, 3), (4, 6), (1, 6), (0, 6)]",0.19999999460000012
645,"[(0, 6), (1, 4), (1, 6), (2, 4), (3, 4), (5, 6)]","[(1, 2), (3, 4), (5, 6), (0, 2), (0, 4), (0, 6)]",0.19999999460000012
649,"[(0, 6), (1, 4), (1, 6), (2, 4), (3, 4), (5, 6)]","[(0, 1), (0, 2), (0, 3), (0, 4), (0, 5), (0, 6)]",0.0
640,"[(0, 4), (1, 2), (1, 4), (3, 4)]","[(0, 1), (0, 2), (0, 3), (0, 4)]",0.0
644,"[(0, 4), (1, 2), (1, 4), (3, 4)]","[(0, 1), (3, 4), (2, 4), (0, 4)]",0.0
656,"[(0, 8), (1, 6), (1, 8), (2, 6), (3, 4), (3, 6), (5, 6), (7, 8)]","[(0, 1), (4, 5), (7, 8), (0, 2), (4, 6), (0, 3), (4, 8), (0, 8)]",0.0
650,"[(0, 7), (1, 5), (1, 7), (2, 5), (3, 4), (3, 5), (6, 7)]","[(1, 2), (4, 5), (6, 7), (3, 5), (1, 5), (1, 7), (0, 7)]",0.4999999941666667
651,"[(0, 7), (1, 5), (1, 7), (2, 5), (3, 4), (3, 5), (6, 7)]","[(5, 6), (4, 6), (4, 7), (3, 7), (2, 7), (1, 7), (0, 7)]",0.16666666138888903
652,"[(0, 7), (1, 5), (1, 7), (2, 5), (3, 4), (3, 5), (6, 7)]","[(0, 1), (5, 6), (0, 2), (0, 3), (0, 4), (0, 6), (0, 7)]",0.0
653,"[(0, 7), (1, 5), (1, 7), (2, 5), (3, 4), (3, 5), (6, 7)]","[(0, 1), (2, 3), (4, 5), (6, 7), (4, 7), (2, 7), (0, 7)]",0.0
654,"[(0, 7), (1, 5), (1, 7), (2, 5), (3, 4), (3, 5), (6, 7)]","[(0, 1), (5, 6), (0, 2), (5, 7), (0, 3), (0, 4), (0, 7)]",0.0
657,"[(0, 7), (1, 5), (1, 7), (2, 5), (3, 4), (3, 5), (6, 7)]","[(6, 7), (5, 7), (4, 7), (3, 7), (2, 7), (1, 7), (0, 7)]",0.16666666138888903
658,"[(0, 6), (1, 4), (1, 6), (2, 3), (2, 4), (5, 6)]","[(0, 1), (3, 4), (0, 2), (3, 5), (0, 5), (0, 6)]",0.0
659,"[(0, 6), (1, 4), (1, 6), (2, 4), (3, 4), (5, 6)]","[(4, 5), (3, 5), (2, 5), (1, 5), (0, 5), (0, 6)]",0.0
655,"[(0, 5), (1, 3), (1, 5), (2, 3), (4, 5)]","[(1, 2), (0, 2), (0, 3), (0, 4), (0, 5)]",0.0
663,"[(0, 9), (1, 7), (1, 9), (2, 7), (3, 4), (3, 7), (5, 6), (5, 7), (8, 9)]","[(8, 9), (7, 9), (6, 9), (5, 9), (4, 9), (3, 9), (2, 9), (1, 9), (0, 9)]",0.12499999484375018
661,"[(0, 8), (1, 6), (1, 8), (2, 6), (3, 4), (3, 6), (5, 6), (7, 8)]","[(5, 6), (4, 6), (3, 6), (3, 7), (2, 7), (1, 7), (1, 8), (0, 8)]",0.42857142295918377
664,"[(0, 1), (0, 2), (0, 8), (3, 6), (3, 8), (4, 6), (5, 6), (7, 8)]","[(1, 2), (3, 4), (5, 6), (7, 8), (0, 2), (0, 4), (0, 6), (0, 8)]",0.28571428030612256
662,"[(0, 7), (1, 5), (1, 7), (2, 5), (3, 4), (3, 5), (6, 7)]","[(5, 6), (4, 6), (3, 6), (2, 6), (1, 6), (1, 7), (0, 7)]",0.16666666138888903
665,"[(0, 1), (0, 2), (0, 7), (3, 5), (3, 7), (4, 5), (6, 7)]","[(1, 2), (3, 4), (6, 7), (3, 5), (1, 5), (0, 5), (0, 7)]",0.16666666138888903
669,"[(0, 7), (1, 5), (1, 7), (2, 5), (3, 5), (4, 5), (6, 7)]","[(2, 3), (2, 4), (2, 5), (1, 5), (1, 6), (1, 7), (0, 7)]",0.4999999941666667
666,"[(0, 6), (1, 4), (1, 6), (2, 4), (3, 4), (5, 6)]","[(0, 1), (2, 3), (5, 6), (4, 6), (2, 6), (0, 6)]",0.0
667,"[(0, 6), (1, 4), (1, 6), (2, 4), (3, 4), (5, 6)]","[(1, 2), (3, 4), (5, 6), (1, 4), (1, 6), (0, 6)]",0.5999999938
668,"[(0, 6), (1, 4), (1, 6), (2, 3), (2, 4), (5, 6)]","[(0, 1), (0, 2), (0, 3), (0, 4), (0, 5), (0, 6)]",0.0
660,"[(0, 4), (1, 2), (1, 4), (3, 4)]","[(0, 1), (0, 2), (0, 3), (0, 4)]",0.0
676,"[(0, 10), (1, 2), (1, 8), (1, 10), (3, 8), (4, 8), (5, 8), (6, 8), (7, 8), (9, 10)]","[(0, 1), (0, 2), (0, 3), (0, 4), (0, 5), (0, 6), (0, 7), (0, 8), (0, 9), (0, 10)]",0.0
670,"[(0, 9), (1, 7), (1, 9), (2, 7), (3, 4), (3, 7), (5, 6), (5, 7), (8, 9)]","[(0, 1), (0, 2), (0, 3), (0, 4), (0, 5), (0, 6), (0, 7), (0, 8), (0, 9)]",0.0
673,"[(0, 9), (1, 2), (1, 9), (3, 7), (3, 9), (4, 7), (5, 7), (6, 7), (8, 9)]","[(0, 1), (0, 2), (0, 3), (0, 4), (0, 5), (0, 6), (0, 7), (0, 8), (0, 9)]",0.0
675,"[(0, 1), (0, 2), (0, 8), (3, 6), (3, 8), (4, 6), (5, 6), (7, 8)]","[(0, 1), (2, 3), (5, 6), (7, 8), (0, 3), (5, 8), (0, 4), (0, 8)]",0.28571428030612256
671,"[(0, 6), (1, 4), (1, 6), (2, 4), (3, 4), (5, 6)]","[(0, 1), (2, 3), (4, 5), (0, 3), (0, 5), (0, 6)]",0.0
672,"[(0, 6), (1, 4), (1, 6), (2, 3), (2, 4), (5, 6)]","[(1, 2), (3, 4), (5, 6), (1, 4), (0, 4), (0, 6)]",0.19999999460000012
674,"[(0, 6), (1, 4), (1, 6), (2, 4), (3, 4), (5, 6)]","[(1, 2), (3, 4), (5, 6), (3, 6), (1, 6), (0, 6)]",0.39999999420000004
678,"[(0, 6), (1, 4), (1, 6), (2, 4), (3, 4), (5, 6)]","[(0, 1), (3, 4), (5, 6), (0, 2), (0, 4), (0, 6)]",0.19999999460000012
679,"[(0, 6), (1, 4), (1, 6), (2, 4), (3, 4), (5, 6)]","[(2, 3), (1, 3), (1, 4), (0, 4), (0, 5), (0, 6)]",0.19999999460000012
677,"[(0, 5), (1, 2), (1, 3), (1, 5), (4, 5)]","[(4, 5), (3, 5), (2, 5), (1, 5), (0, 5)]",0.2499999943750001
680,"[(0, 1), (0, 2), (0, 8), (3, 6), (3, 8), (4, 6), (5, 6), (7, 8)]","[(6, 7), (5, 7), (4, 7), (3, 7), (2, 7), (1, 7), (0, 7), (0, 8)]",0.0
688,"[(0, 8), (1, 6), (1, 8), (2, 6), (3, 6), (4, 6), (5, 6), (7, 8)]","[(0, 1), (0, 2), (0, 3), (0, 4), (0, 5), (0, 6), (0, 7), (0, 8)]",0.0
681,"[(0, 1), (0, 7), (2, 5), (2, 7), (3, 4), (3, 5), (6, 7)]","[(0, 1), (2, 3), (6, 7), (5, 7), (0, 3), (4, 7), (0, 7)]",0.16666666138888903
686,"[(0, 7), (1, 5), (1, 7), (2, 3), (2, 5), (4, 5), (6, 7)]","[(0, 1), (5, 6), (0, 2), (5, 7), (4, 7), (3, 7), (0, 7)]",0.0
684,"[(0, 6), (1, 4), (1, 6), (2, 4), (3, 4), (5, 6)]","[(0, 1), (0, 2), (0, 3), (0, 4), (0, 5), (0, 6)]",0.0
682,"[(0, 5), (1, 3), (1, 5), (2, 3), (4, 5)]","[(0, 1), (2, 3), (2, 4), (2, 5), (0, 5)]",0.2499999943750001
683,"[(0, 5), (1, 2), (1, 3), (1, 5), (4, 5)]","[(4, 5), (3, 5), (2, 5), (1, 5), (0, 5)]",0.2499999943750001
685,"[(0, 5), (1, 3), (1, 5), (2, 3), (4, 5)]","[(0, 1), (2, 3), (4, 5), (0, 3), (0, 5)]",0.2499999943750001
687,"[(0, 5), (1, 3), (1, 5), (2, 3), (4, 5)]","[(1, 2), (3, 4), (0, 2), (0, 4), (0, 5)]",0.0
689,"[(0, 5), (1, 3), (1, 5), (2, 3), (4, 5)]","[(3, 4), (2, 4), (1, 4), (1, 5), (0, 5)]",0.2499999943750001
691,"[(0, 9), (1, 3), (1, 7), (1, 9), (2, 3), (4, 7), (5, 6), (5, 7), (8, 9)]","[(0, 1), (0, 2), (0, 3), (0, 4), (0, 5), (0, 6), (0, 7), (0, 8), (0, 9)]",0.0
692,"[(0, 1), (0, 2), (0, 8), (3, 6), (3, 8), (4, 6), (5, 6), (7, 8)]","[(4, 5), (3, 5), (3, 6), (2, 6), (2, 7), (1, 7), (1, 8), (0, 8)]",0.14285713765306143
698,"[(0, 8), (1, 6), (1, 8), (2, 6), (3, 4), (3, 5), (3, 6), (7, 8)]","[(7, 8), (6, 8), (5, 8), (4, 8), (3, 8), (2, 8), (1, 8), (0, 8)]",0.14285713765306143
694,"[(0, 7), (1, 5), (1, 7), (2, 5), (3, 4), (3, 5), (6, 7)]","[(0, 1), (2, 3), (4, 5), (6, 7), (0, 3), (0, 5), (0, 7)]",0.0
690,"[(0, 1), (0, 2), (0, 6), (3, 4), (3, 6), (5, 6)]","[(1, 2), (0, 2), (0, 3), (0, 4), (0, 5), (0, 6)]",0.19999999460000012
693,"[(0, 6), (1, 4), (1, 6), (2, 4), (3, 4), (5, 6)]","[(0, 1), (4, 5), (0, 2), (0, 3), (0, 5), (0, 6)]",0.0
697,"[(0, 6), (1, 4), (1, 6), (2, 4), (3, 4), (5, 6)]","[(4, 5), (3, 5), (2, 5), (1, 5), (0, 5), (0, 6)]",0.0
699,"[(0, 5), (1, 3), (1, 5), (2, 3), (4, 5)]","[(0, 1), (2, 3), (4, 5), (0, 3), (0, 5)]",0.2499999943750001
695,"[(0, 4), (1, 2), (1, 4), (3, 4)]","[(1, 2), (1, 3), (0, 3), (0, 4)]",0.33333332722222225
696,"[(0, 4), (1, 2), (1, 4), (3, 4)]","[(1, 2), (3, 4), (1, 4), (0, 4)]",0.6666666594444445
708,"[(0, 14), (1, 6), (1, 12), (1, 14), (2, 4), (2, 6), (3, 4), (5, 6), (7, 12), (8, 12), (9, 12), (10, 12), (11, 12), (13, 14)]","[(2, 3), (10, 11), (13, 14), (1, 3), (9, 11), (12, 14), (0, 3), (8, 11), (0, 4), (7, 11), (6, 11), (5, 11), (0, 11), (0, 14)]",0.0
709,"[(0, 2), (0, 11), (1, 2), (3, 11), (4, 9), (4, 11), (5, 8), (5, 9), (6, 7), (6, 8), (10, 11)]","[(0, 1), (2, 3), (6, 7), (8, 9), (10, 11), (0, 3), (8, 11), (0, 4), (0, 5), (0, 7), (0, 11)]",0.09999999490000026
706,"[(0, 9), (1, 2), (1, 7), (1, 9), (3, 7), (4, 7), (5, 6), (5, 7), (8, 9)]","[(8, 9), (7, 9), (6, 9), (5, 9), (4, 9), (3, 9), (2, 9), (1, 9), (0, 9)]",0.12499999484375018
705,"[(0, 6), (0, 8), (1, 2), (1, 3), (1, 6), (4, 6), (5, 6), (7, 8)]","[(1, 2), (3, 4), (5, 6), (3, 6), (3, 7), (1, 7), (0, 7), (0, 8)]",0.28571428030612256
701,"[(0, 6), (1, 4), (1, 6), (2, 4), (3, 4), (5, 6)]","[(0, 1), (0, 2), (0, 3), (0, 4), (0, 5), (0, 6)]",0.0
703,"[(0, 6), (1, 4), (1, 6), (2, 4), (3, 4), (5, 6)]","[(1, 2), (4, 5), (3, 5), (1, 5), (1, 6), (0, 6)]",0.19999999460000012
704,"[(0, 6), (1, 4), (1, 6), (2, 4), (3, 4), (5, 6)]","[(1, 2), (3, 4), (5, 6), (0, 2), (0, 4), (0, 6)]",0.19999999460000012
702,"[(0, 5), (1, 3), (1, 5), (2, 3), (4, 5)]","[(0, 1), (0, 2), (0, 3), (0, 4), (0, 5)]",0.0
707,"[(0, 5), (1, 3), (1, 5), (2, 3), (4, 5)]","[(0, 1), (2, 3), (4, 5), (0, 3), (0, 5)]",0.2499999943750001
700,"[(0, 4), (1, 2), (1, 4), (3, 4)]","[(1, 2), (3, 4), (1, 4), (0, 4)]",0.6666666594444445
710,"[(0, 12), (1, 10), (1, 12), (2, 8), (2, 10), (3, 5), (3, 6), (3, 8), (4, 5), (7, 8), (9, 10), (11, 12)]","[(0, 1), (2, 3), (4, 5), (6, 7), (9, 10), (11, 12), (6, 8), (2, 5), (9, 12), (0, 5), (6, 12), (0, 12)]",0.18181817665289268
712,"[(0, 1), (0, 2), (0, 3), (0, 9), (4, 7), (4, 9), (5, 7), (6, 7), (8, 9)]","[(0, 1), (2, 3), (4, 5), (6, 7), (8, 9), (0, 3), (0, 5), (0, 7), (0, 9)]",0.37499999453125
719,"[(0, 1), (0, 2), (0, 8), (3, 5), (3, 6), (3, 8), (4, 5), (7, 8)]","[(0, 1), (3, 4), (0, 2), (3, 5), (3, 6), (3, 7), (0, 7), (0, 8)]",0.5714285656122451
713,"[(0, 6), (1, 4), (1, 6), (2, 4), (3, 4), (5, 6)]","[(3, 4), (2, 4), (2, 5), (1, 5), (1, 6), (0, 6)]",0.5999999938
714,"[(0, 6), (1, 4), (1, 6), (2, 4), (3, 4), (5, 6)]","[(0, 1), (2, 3), (4, 5), (4, 6), (2, 6), (0, 6)]",0.0
715,"[(0, 6), (1, 4), (1, 6), (2, 4), (3, 4), (5, 6)]","[(2, 3), (5, 6), (4, 6), (2, 6), (1, 6), (0, 6)]",0.19999999460000012
716,"[(0, 6), (1, 4), (1, 6), (2, 4), (3, 4), (5, 6)]","[(0, 1), (3, 4), (5, 6), (3, 6), (2, 6), (0, 6)]",0.19999999460000012
717,"[(0, 5), (1, 3), (1, 5), (2, 3), (4, 5)]","[(4, 5), (3, 5), (2, 5), (1, 5), (0, 5)]",0.2499999943750001
718,"[(0, 5), (1, 3), (1, 5), (2, 3), (4, 5)]","[(2, 3), (4, 5), (1, 3), (0, 3), (0, 5)]",0.4999999937500001
711,"[(0, 4), (1, 2), (1, 4), (3, 4)]","[(1, 2), (3, 4), (0, 2), (0, 4)]",0.33333332722222225
722,"[(0, 1), (0, 2), (0, 8), (3, 6), (3, 8), (4, 6), (5, 6), (7, 8)]","[(0, 1), (0, 2), (0, 3), (0, 4), (0, 5), (0, 6), (0, 7), (0, 8)]",0.28571428030612256
725,"[(0, 7), (1, 5), (1, 7), (2, 5), (3, 4), (3, 5), (6, 7)]","[(6, 7), (5, 7), (4, 7), (3, 7), (2, 7), (1, 7), (0, 7)]",0.16666666138888903
728,"[(0, 2), (0, 7), (1, 2), (3, 5), (3, 7), (4, 5), (6, 7)]","[(0, 1), (3, 4), (5, 6), (0, 2), (3, 6), (3, 7), (0, 7)]",0.3333333277777778
721,"[(0, 6), (1, 5), (1, 6), (2, 5), (3, 5), (4, 5)]","[(5, 6), (4, 6), (3, 6), (2, 6), (1, 6), (0, 6)]",0.19999999460000012
727,"[(0, 6), (1, 4), (1, 6), (2, 4), (3, 4), (5, 6)]","[(0, 1), (0, 2), (0, 3), (0, 4), (0, 5), (0, 6)]",0.0
720,"[(0, 5), (1, 3), (1, 5), (2, 3), (4, 5)]","[(0, 1), (3, 4), (3, 5), (2, 5), (0, 5)]",0.0
724,"[(0, 5), (1, 3), (1, 5), (2, 3), (4, 5)]","[(2, 3), (4, 5), (1, 3), (0, 3), (0, 5)]",0.4999999937500001
726,"[(0, 5), (1, 3), (1, 5), (2, 3), (4, 5)]","[(2, 3), (1, 3), (1, 4), (0, 4), (0, 5)]",0.4999999937500001
729,"[(0, 5), (1, 3), (1, 5), (2, 3), (4, 5)]","[(2, 3), (4, 5), (1, 3), (1, 5), (0, 5)]",0.7499999931250001
723,"[(0, 4), (1, 2), (1, 4), (3, 4)]","[(2, 3), (2, 4), (1, 4), (0, 4)]",0.33333332722222225
738,"[(0, 1), (0, 2), (0, 8), (3, 6), (3, 8), (4, 6), (5, 6), (7, 8)]","[(7, 8), (6, 8), (5, 8), (4, 8), (3, 8), (2, 8), (1, 8), (0, 8)]",0.14285713765306143
732,"[(0, 7), (1, 5), (1, 7), (2, 5), (3, 5), (4, 5), (6, 7)]","[(0, 1), (3, 4), (5, 6), (5, 7), (3, 7), (2, 7), (0, 7)]",0.0
737,"[(0, 6), (1, 4), (1, 6), (2, 4), (3, 4), (5, 6)]","[(0, 1), (0, 2), (0, 3), (0, 4), (0, 5), (0, 6)]",0.0
739,"[(0, 6), (1, 4), (1, 6), (2, 4), (3, 4), (5, 6)]","[(0, 1), (0, 2), (0, 3), (0, 4), (0, 5), (0, 6)]",0.0
730,"[(0, 5), (1, 3), (1, 5), (2, 3), (4, 5)]","[(0, 1), (3, 4), (0, 2), (3, 5), (0, 5)]",0.0
731,"[(0, 5), (1, 3), (1, 5), (2, 3), (4, 5)]","[(4, 5), (3, 5), (2, 5), (1, 5), (0, 5)]",0.2499999943750001
733,"[(0, 5), (1, 2), (1, 3), (1, 5), (4, 5)]","[(2, 3), (1, 3), (1, 4), (0, 4), (0, 5)]",0.2499999943750001
734,"[(0, 1), (0, 5), (2, 3), (2, 5), (4, 5)]","[(1, 2), (1, 3), (1, 4), (0, 4), (0, 5)]",0.0
735,"[(0, 5), (1, 3), (1, 5), (2, 3), (4, 5)]","[(0, 1), (0, 2), (0, 3), (0, 4), (0, 5)]",0.0
736,"[(0, 5), (1, 3), (1, 5), (2, 3), (4, 5)]","[(0, 1), (0, 2), (0, 3), (0, 4), (0, 5)]",0.0
746,"[(0, 2), (0, 10), (1, 2), (3, 4), (3, 8), (3, 10), (5, 8), (6, 8), (7, 8), (9, 10)]","[(1, 2), (0, 2), (0, 3), (0, 4), (0, 5), (0, 6), (0, 7), (0, 8), (0, 9), (0, 10)]",0.22222221697530875
743,"[(0, 9), (1, 7), (1, 9), (2, 7), (3, 4), (3, 7), (5, 6), (5, 7), (8, 9)]","[(8, 9), (7, 9), (6, 9), (5, 9), (4, 9), (3, 9), (2, 9), (1, 9), (0, 9)]",0.12499999484375018
744,"[(0, 2), (0, 9), (1, 2), (3, 7), (3, 9), (4, 7), (5, 7), (6, 7), (8, 9)]","[(3, 4), (7, 8), (6, 8), (6, 9), (5, 9), (3, 9), (2, 9), (1, 9), (0, 9)]",0.12499999484375018
749,"[(0, 9), (1, 7), (1, 9), (2, 7), (3, 4), (3, 7), (5, 6), (5, 7), (8, 9)]","[(0, 1), (0, 2), (0, 3), (0, 4), (0, 5), (0, 6), (0, 7), (0, 8), (0, 9)]",0.0
740,"[(0, 7), (1, 5), (1, 7), (2, 5), (3, 4), (3, 5), (6, 7)]","[(0, 1), (0, 2), (0, 3), (0, 4), (0, 5), (0, 6), (0, 7)]",0.0
745,"[(0, 7), (1, 5), (1, 7), (2, 5), (3, 5), (4, 5), (6, 7)]","[(2, 3), (4, 5), (1, 3), (4, 6), (0, 3), (4, 7), (0, 7)]",0.16666666138888903
748,"[(0, 7), (1, 5), (1, 7), (2, 5), (3, 4), (3, 5), (6, 7)]","[(1, 2), (6, 7), (5, 7), (4, 7), (3, 7), (1, 7), (0, 7)]",0.16666666138888903
742,"[(0, 1), (0, 6), (2, 4), (2, 6), (3, 4), (5, 6)]","[(0, 1), (0, 2), (0, 3), (0, 4), (0, 5), (0, 6)]",0.19999999460000012
747,"[(0, 6), (1, 4), (1, 6), (2, 3), (2, 4), (5, 6)]","[(0, 1), (0, 2), (0, 3), (0, 4), (0, 5), (0, 6)]",0.0
741,"[(0, 4), (1, 2), (1, 4), (3, 4)]","[(0, 1), (2, 3), (0, 3), (0, 4)]",0.0
759,"[(0, 11), (1, 9), (1, 11), (2, 5), (2, 9), (3, 4), (3, 5), (6, 9), (7, 8), (7, 9), (10, 11)]","[(0, 1), (2, 3), (5, 6), (8, 9), (10, 11), (4, 6), (7, 9), (7, 11), (4, 11), (2, 11), (0, 11)]",0.09999999490000026
753,"[(0, 9), (1, 2), (1, 9), (3, 7), (3, 9), (4, 7), (5, 7), (6, 7), (8, 9)]","[(0, 1), (2, 3), (4, 5), (6, 7), (8, 9), (0, 3), (0, 5), (0, 7), (0, 9)]",0.12499999484375018
758,"[(0, 2), (0, 9), (1, 2), (3, 7), (3, 9), (4, 7), (5, 6), (5, 7), (8, 9)]","[(2, 3), (4, 5), (7, 8), (2, 5), (2, 6), (1, 6), (0, 6), (0, 8), (0, 9)]",0.0
756,"[(0, 5), (0, 7), (1, 2), (1, 3), (1, 5), (4, 5), (6, 7)]","[(0, 1), (4, 5), (6, 7), (0, 2), (3, 5), (3, 7), (0, 7)]",0.16666666138888903
750,"[(0, 1), (0, 6), (2, 3), (2, 4), (2, 6), (5, 6)]","[(0, 1), (0, 2), (0, 3), (0, 4), (0, 5), (0, 6)]",0.19999999460000012
754,"[(0, 6), (1, 4), (1, 6), (2, 3), (2, 4), (5, 6)]","[(3, 4), (5, 6), (2, 4), (1, 4), (0, 4), (0, 6)]",0.39999999420000004
757,"[(0, 2), (0, 6), (1, 2), (3, 4), (3, 6), (5, 6)]","[(5, 6), (4, 6), (3, 6), (2, 6), (1, 6), (0, 6)]",0.19999999460000012
751,"[(0, 5), (1, 3), (1, 5), (2, 3), (4, 5)]","[(4, 5), (3, 5), (2, 5), (1, 5), (0, 5)]",0.2499999943750001
755,"[(0, 5), (1, 3), (1, 5), (2, 3), (4, 5)]","[(4, 5), (3, 5), (2, 5), (1, 5), (0, 5)]",0.2499999943750001
752,"[(0, 4), (1, 2), (1, 4), (3, 4)]","[(3, 4), (2, 4), (1, 4), (0, 4)]",0.33333332722222225
766,"[(0, 8), (1, 3), (1, 6), (1, 8), (2, 3), (4, 5), (4, 6), (7, 8)]","[(0, 1), (2, 3), (4, 5), (6, 7), (4, 7), (2, 7), (0, 7), (0, 8)]",0.28571428030612256
767,"[(0, 2), (0, 8), (1, 2), (3, 6), (3, 8), (4, 6), (5, 6), (7, 8)]","[(4, 5), (3, 5), (3, 6), (2, 6), (1, 6), (1, 7), (0, 7), (0, 8)]",0.14285713765306143
761,"[(0, 7), (1, 5), (1, 7), (2, 5), (3, 5), (4, 5), (6, 7)]","[(0, 1), (6, 7), (5, 7), (4, 7), (3, 7), (2, 7), (0, 7)]",0.0
765,"[(0, 7), (1, 5), (1, 7), (2, 5), (3, 5), (4, 5), (6, 7)]","[(0, 1), (0, 2), (0, 3), (0, 4), (0, 5), (0, 6), (0, 7)]",0.0
768,"[(0, 1), (0, 7), (2, 5), (2, 7), (3, 4), (3, 5), (6, 7)]","[(0, 1), (3, 4), (0, 2), (3, 5), (3, 6), (3, 7), (0, 7)]",0.4999999941666667
760,"[(0, 6), (1, 4), (1, 6), (2, 4), (3, 4), (5, 6)]","[(1, 2), (1, 3), (1, 4), (1, 5), (1, 6), (0, 6)]",0.39999999420000004
762,"[(0, 6), (1, 4), (1, 6), (2, 4), (3, 4), (5, 6)]","[(2, 3), (1, 3), (1, 4), (1, 5), (1, 6), (0, 6)]",0.39999999420000004
764,"[(0, 6), (1, 4), (1, 6), (2, 4), (3, 4), (5, 6)]","[(0, 1), (5, 6), (0, 2), (4, 6), (0, 3), (0, 6)]",0.0
769,"[(0, 6), (1, 4), (1, 6), (2, 4), (3, 4), (5, 6)]","[(1, 2), (3, 4), (5, 6), (1, 4), (1, 6), (0, 6)]",0.5999999938
763,"[(0, 5), (1, 3), (1, 5), (2, 3), (4, 5)]","[(2, 3), (2, 4), (1, 4), (1, 5), (0, 5)]",0.4999999937500001
773,"[(0, 2), (0, 8), (1, 2), (3, 6), (3, 8), (4, 6), (5, 6), (7, 8)]","[(7, 8), (6, 8), (5, 8), (4, 8), (3, 8), (2, 8), (1, 8), (0, 8)]",0.14285713765306143
776,"[(0, 1), (0, 8), (2, 6), (2, 8), (3, 4), (3, 6), (5, 6), (7, 8)]","[(4, 5), (7, 8), (3, 5), (6, 8), (2, 5), (1, 5), (1, 8), (0, 8)]",0.0
771,"[(0, 7), (1, 5), (1, 7), (2, 5), (3, 5), (4, 5), (6, 7)]","[(6, 7), (5, 7), (4, 7), (3, 7), (2, 7), (1, 7), (0, 7)]",0.16666666138888903
774,"[(0, 7), (1, 5), (1, 7), (2, 5), (3, 4), (3, 5), (6, 7)]","[(0, 1), (3, 4), (6, 7), (2, 4), (5, 7), (2, 7), (0, 7)]",0.16666666138888903
775,"[(0, 7), (1, 5), (1, 7), (2, 5), (3, 4), (3, 5), (6, 7)]","[(0, 1), (2, 3), (4, 5), (6, 7), (4, 7), (2, 7), (0, 7)]",0.0
777,"[(0, 7), (1, 5), (1, 7), (2, 5), (3, 4), (3, 5), (6, 7)]","[(1, 2), (1, 3), (1, 4), (0, 4), (0, 5), (0, 6), (0, 7)]",0.0
779,"[(0, 7), (1, 5), (1, 7), (2, 5), (3, 4), (3, 5), (6, 7)]","[(0, 1), (2, 3), (4, 5), (6, 7), (4, 7), (2, 7), (0, 7)]",0.0
770,"[(0, 6), (1, 4), (1, 6), (2, 3), (2, 4), (5, 6)]","[(0, 1), (0, 2), (0, 3), (0, 4), (0, 5), (0, 6)]",0.0
772,"[(0, 6), (1, 4), (1, 6), (2, 4), (3, 4), (5, 6)]","[(0, 1), (0, 2), (0, 3), (0, 4), (0, 5), (0, 6)]",0.0
778,"[(0, 5), (1, 3), (1, 5), (2, 3), (4, 5)]","[(2, 3), (2, 4), (1, 4), (1, 5), (0, 5)]",0.4999999937500001
780,"[(0, 2), (0, 3), (0, 4), (0, 5), (0, 9), (1, 2), (6, 7), (6, 9), (8, 9)]","[(1, 2), (4, 5), (6, 7), (8, 9), (4, 7), (3, 7), (1, 7), (0, 7), (0, 9)]",0.24999999468750006
785,"[(0, 1), (0, 9), (2, 7), (2, 9), (3, 4), (3, 7), (5, 6), (5, 7), (8, 9)]","[(0, 1), (7, 8), (0, 2), (7, 9), (0, 3), (0, 4), (0, 5), (0, 6), (0, 9)]",0.12499999484375018
784,"[(0, 7), (1, 5), (1, 7), (2, 5), (3, 4), (3, 5), (6, 7)]","[(6, 7), (5, 7), (4, 7), (3, 7), (2, 7), (1, 7), (0, 7)]",0.16666666138888903
786,"[(0, 1), (0, 2), (0, 7), (3, 5), (3, 7), (4, 5), (6, 7)]","[(5, 6), (4, 6), (3, 6), (2, 6), (1, 6), (0, 6), (0, 7)]",0.0
787,"[(0, 2), (0, 7), (1, 2), (3, 5), (3, 7), (4, 5), (6, 7)]","[(0, 1), (4, 5), (4, 6), (3, 6), (2, 6), (2, 7), (0, 7)]",0.16666666138888903
788,"[(0, 2), (0, 7), (1, 2), (3, 5), (3, 7), (4, 5), (6, 7)]","[(0, 1), (0, 2), (0, 3), (0, 4), (0, 5), (0, 6), (0, 7)]",0.16666666138888903
783,"[(0, 2), (0, 6), (1, 2), (3, 4), (3, 6), (5, 6)]","[(1, 2), (5, 6), (1, 3), (1, 4), (0, 4), (0, 6)]",0.19999999460000012
789,"[(0, 6), (1, 4), (1, 6), (2, 4), (3, 4), (5, 6)]","[(5, 6), (4, 6), (3, 6), (2, 6), (1, 6), (0, 6)]",0.19999999460000012
782,"[(0, 5), (1, 3), (1, 5), (2, 3), (4, 5)]","[(0, 1), (2, 3), (4, 5), (2, 5), (0, 5)]",0.2499999943750001
781,"[(0, 4), (1, 2), (1, 4), (3, 4)]","[(3, 4), (2, 4), (1, 4), (0, 4)]",0.33333332722222225
794,"[(0, 9), (1, 7), (1, 9), (2, 7), (3, 4), (3, 5), (3, 7), (6, 7), (8, 9)]","[(4, 5), (3, 5), (3, 6), (2, 6), (2, 7), (1, 7), (1, 8), (0, 8), (0, 9)]",0.37499999453125
793,"[(0, 2), (0, 7), (1, 2), (3, 5), (3, 7), (4, 5), (6, 7)]","[(1, 2), (3, 4), (5, 6), (3, 6), (1, 6), (0, 6), (0, 7)]",0.16666666138888903
799,"[(0, 7), (1, 5), (1, 7), (2, 5), (3, 4), (3, 5), (6, 7)]","[(6, 7), (5, 7), (4, 7), (3, 7), (2, 7), (1, 7), (0, 7)]",0.16666666138888903
791,"[(0, 6), (1, 4), (1, 6), (2, 4), (3, 4), (5, 6)]","[(0, 1), (0, 2), (0, 3), (0, 4), (0, 5), (0, 6)]",0.0
796,"[(0, 6), (1, 4), (1, 6), (2, 4), (3, 4), (5, 6)]","[(0, 1), (3, 4), (5, 6), (0, 2), (0, 4), (0, 6)]",0.19999999460000012
792,"[(0, 1), (0, 5), (2, 3), (2, 5), (4, 5)]","[(1, 2), (3, 4), (1, 4), (0, 4), (0, 5)]",0.0
795,"[(0, 5), (1, 3), (1, 5), (2, 3), (4, 5)]","[(3, 4), (3, 5), (2, 5), (1, 5), (0, 5)]",0.2499999943750001
797,"[(0, 2), (0, 5), (1, 2), (3, 5), (4, 5)]","[(2, 3), (4, 5), (1, 3), (1, 5), (0, 5)]",0.0
798,"[(0, 5), (1, 3), (1, 5), (2, 3), (4, 5)]","[(0, 1), (0, 2), (0, 3), (0, 4), (0, 5)]",0.0
790,"[(0, 4), (1, 2), (1, 4), (3, 4)]","[(0, 1), (0, 2), (0, 3), (0, 4)]",0.0
801,"[(0, 9), (1, 7), (1, 9), (2, 7), (3, 4), (3, 7), (5, 6), (5, 7), (8, 9)]","[(0, 1), (0, 2), (0, 3), (0, 4), (0, 5), (0, 6), (0, 7), (0, 8), (0, 9)]",0.0
802,"[(0, 9), (1, 7), (1, 9), (2, 7), (3, 4), (3, 7), (5, 6), (5, 7), (8, 9)]","[(1, 2), (1, 3), (0, 3), (0, 4), (0, 5), (0, 6), (0, 7), (0, 8), (0, 9)]",0.0
803,"[(0, 2), (0, 8), (1, 2), (3, 6), (3, 8), (4, 5), (4, 6), (7, 8)]","[(0, 1), (3, 4), (5, 6), (7, 8), (5, 8), (3, 8), (2, 8), (0, 8)]",0.14285713765306143
804,"[(0, 8), (1, 6), (1, 8), (2, 6), (3, 6), (4, 5), (4, 6), (7, 8)]","[(0, 1), (3, 4), (5, 6), (7, 8), (0, 2), (3, 6), (0, 6), (0, 8)]",0.14285713765306143
807,"[(0, 7), (1, 5), (1, 7), (2, 4), (2, 5), (3, 4), (6, 7)]","[(0, 1), (4, 5), (4, 6), (3, 6), (3, 7), (2, 7), (0, 7)]",0.0
800,"[(0, 6), (1, 4), (1, 6), (2, 3), (2, 4), (5, 6)]","[(0, 1), (0, 2), (0, 3), (0, 4), (0, 5), (0, 6)]",0.0
805,"[(0, 6), (1, 4), (1, 6), (2, 4), (3, 4), (5, 6)]","[(1, 2), (1, 3), (1, 4), (1, 5), (0, 5), (0, 6)]",0.19999999460000012
806,"[(0, 6), (1, 4), (1, 6), (2, 4), (3, 4), (5, 6)]","[(3, 4), (5, 6), (2, 4), (1, 4), (0, 4), (0, 6)]",0.5999999938
808,"[(0, 6), (1, 4), (1, 6), (2, 4), (3, 4), (5, 6)]","[(5, 6), (4, 6), (3, 6), (2, 6), (1, 6), (0, 6)]",0.19999999460000012
809,"[(0, 6), (1, 4), (1, 6), (2, 4), (3, 4), (5, 6)]","[(0, 1), (2, 3), (5, 6), (2, 4), (2, 6), (0, 6)]",0.19999999460000012
810,"[(0, 10), (1, 6), (1, 8), (1, 10), (2, 3), (2, 6), (4, 6), (5, 6), (7, 8), (9, 10)]","[(2, 3), (4, 5), (7, 8), (9, 10), (6, 8), (2, 5), (1, 5), (6, 10), (1, 10), (0, 10)]",0.333333327962963
815,"[(0, 9), (1, 7), (1, 9), (2, 7), (3, 4), (3, 7), (5, 6), (5, 7), (8, 9)]","[(4, 5), (4, 6), (3, 6), (3, 7), (3, 8), (2, 8), (1, 8), (0, 8), (0, 9)]",0.12499999484375018
818,"[(0, 2), (0, 4), (0, 9), (1, 2), (3, 4), (5, 7), (5, 9), (6, 7), (8, 9)]","[(1, 2), (3, 4), (6, 7), (8, 9), (1, 4), (6, 9), (5, 9), (1, 9), (0, 9)]",0.49999999437500003
816,"[(0, 8), (1, 6), (1, 8), (2, 6), (3, 4), (3, 6), (5, 6), (7, 8)]","[(7, 8), (6, 8), (5, 8), (4, 8), (3, 8), (2, 8), (1, 8), (0, 8)]",0.14285713765306143
817,"[(0, 2), (0, 8), (1, 2), (3, 6), (3, 8), (4, 6), (5, 6), (7, 8)]","[(7, 8), (6, 8), (5, 8), (4, 8), (3, 8), (2, 8), (1, 8), (0, 8)]",0.14285713765306143
811,"[(0, 6), (1, 4), (1, 6), (2, 4), (3, 4), (5, 6)]","[(0, 1), (2, 3), (4, 5), (4, 6), (2, 6), (0, 6)]",0.0
813,"[(0, 2), (0, 6), (1, 2), (3, 4), (3, 6), (5, 6)]","[(5, 6), (4, 6), (3, 6), (2, 6), (1, 6), (0, 6)]",0.19999999460000012
814,"[(0, 6), (1, 4), (1, 6), (2, 3), (2, 4), (5, 6)]","[(0, 1), (2, 3), (5, 6), (2, 4), (2, 6), (0, 6)]",0.39999999420000004
819,"[(0, 2), (0, 6), (1, 2), (3, 4), (3, 6), (5, 6)]","[(1, 2), (1, 3), (1, 4), (0, 4), (0, 5), (0, 6)]",0.19999999460000012
812,"[(0, 1), (0, 4), (2, 4), (3, 4)]","[(3, 4), (2, 4), (1, 4), (0, 4)]",0.33333332722222225
828,"[(0, 9), (1, 7), (1, 9), (2, 7), (3, 7), (4, 5), (4, 7), (6, 7), (8, 9)]","[(4, 5), (8, 9), (3, 5), (7, 9), (2, 5), (6, 9), (1, 5), (0, 5), (0, 9)]",0.12499999484375018
820,"[(0, 8), (1, 6), (1, 8), (2, 6), (3, 4), (3, 5), (3, 6), (7, 8)]","[(0, 1), (2, 3), (5, 6), (7, 8), (4, 6), (4, 8), (2, 8), (0, 8)]",0.0
821,"[(0, 1), (0, 2), (0, 8), (3, 6), (3, 8), (4, 6), (5, 6), (7, 8)]","[(0, 1), (2, 3), (4, 5), (6, 7), (0, 3), (4, 7), (0, 7), (0, 8)]",0.14285713765306143
822,"[(0, 8), (1, 6), (1, 8), (2, 6), (3, 5), (3, 6), (4, 5), (7, 8)]","[(1, 2), (4, 5), (1, 3), (4, 6), (4, 7), (1, 7), (0, 7), (0, 8)]",0.14285713765306143
829,"[(0, 8), (1, 2), (1, 6), (1, 8), (3, 6), (4, 6), (5, 6), (7, 8)]","[(1, 2), (6, 7), (0, 2), (5, 7), (0, 3), (5, 8), (4, 8), (0, 8)]",0.14285713765306143
823,"[(0, 2), (0, 7), (1, 2), (3, 5), (3, 7), (4, 5), (6, 7)]","[(6, 7), (5, 7), (4, 7), (3, 7), (2, 7), (1, 7), (0, 7)]",0.16666666138888903
826,"[(0, 1), (0, 7), (2, 4), (2, 5), (2, 7), (3, 4), (6, 7)]","[(6, 7), (5, 7), (4, 7), (3, 7), (2, 7), (1, 7), (0, 7)]",0.16666666138888903
824,"[(0, 6), (1, 4), (1, 6), (2, 3), (2, 4), (5, 6)]","[(0, 1), (0, 2), (0, 3), (0, 4), (0, 5), (0, 6)]",0.0
825,"[(0, 6), (1, 4), (1, 6), (2, 4), (3, 4), (5, 6)]","[(5, 6), (4, 6), (3, 6), (2, 6), (1, 6), (0, 6)]",0.19999999460000012
827,"[(0, 5), (1, 3), (1, 5), (2, 3), (4, 5)]","[(1, 2), (3, 4), (1, 4), (0, 4), (0, 5)]",0.0
830,"[(0, 1), (0, 3), (0, 9), (2, 3), (4, 7), (4, 9), (5, 7), (6, 7), (8, 9)]","[(6, 7), (5, 7), (4, 7), (3, 7), (3, 8), (2, 8), (1, 8), (0, 8), (0, 9)]",0.37499999453125
835,"[(0, 2), (0, 9), (1, 2), (3, 7), (3, 9), (4, 7), (5, 6), (5, 7), (8, 9)]","[(1, 2), (4, 5), (7, 8), (1, 3), (6, 8), (1, 5), (1, 8), (0, 8), (0, 9)]",0.12499999484375018
834,"[(0, 2), (0, 8), (1, 2), (3, 6), (3, 8), (4, 6), (5, 6), (7, 8)]","[(1, 2), (3, 4), (7, 8), (0, 2), (3, 5), (0, 5), (0, 6), (0, 8)]",0.28571428030612256
831,"[(0, 6), (1, 4), (1, 6), (2, 4), (3, 4), (5, 6)]","[(5, 6), (4, 6), (3, 6), (2, 6), (1, 6), (0, 6)]",0.19999999460000012
836,"[(0, 1), (0, 6), (2, 3), (2, 4), (2, 6), (5, 6)]","[(0, 1), (2, 3), (4, 5), (4, 6), (2, 6), (0, 6)]",0.5999999938
838,"[(0, 6), (1, 3), (1, 4), (1, 6), (2, 3), (5, 6)]","[(0, 1), (2, 3), (4, 5), (0, 3), (0, 5), (0, 6)]",0.19999999460000012
832,"[(0, 5), (1, 3), (1, 5), (2, 3), (4, 5)]","[(0, 1), (3, 4), (0, 2), (0, 4), (0, 5)]",0.0
833,"[(0, 5), (1, 3), (1, 5), (2, 3), (4, 5)]","[(0, 1), (2, 3), (4, 5), (2, 5), (0, 5)]",0.2499999943750001
837,"[(0, 5), (1, 3), (1, 5), (2, 3), (4, 5)]","[(0, 1), (0, 2), (0, 3), (0, 4), (0, 5)]",0.0
839,"[(0, 5), (1, 3), (1, 5), (2, 3), (4, 5)]","[(0, 1), (4, 5), (0, 2), (3, 5), (0, 5)]",0.0
844,"[(0, 1), (0, 2), (0, 7), (3, 5), (3, 7), (4, 5), (6, 7)]","[(0, 1), (2, 3), (6, 7), (2, 4), (2, 5), (2, 7), (0, 7)]",0.16666666138888903
845,"[(0, 1), (0, 2), (0, 7), (3, 5), (3, 7), (4, 5), (6, 7)]","[(4, 5), (4, 6), (3, 6), (2, 6), (1, 6), (0, 6), (0, 7)]",0.16666666138888903
848,"[(0, 7), (1, 5), (1, 7), (2, 5), (3, 4), (3, 5), (6, 7)]","[(0, 1), (4, 5), (0, 2), (4, 6), (0, 3), (4, 7), (0, 7)]",0.0
841,"[(0, 6), (1, 4), (1, 6), (2, 3), (2, 4), (5, 6)]","[(5, 6), (4, 6), (3, 6), (2, 6), (1, 6), (0, 6)]",0.19999999460000012
843,"[(0, 6), (1, 4), (1, 6), (2, 4), (3, 4), (5, 6)]","[(1, 2), (3, 4), (5, 6), (3, 6), (1, 6), (0, 6)]",0.39999999420000004
840,"[(0, 5), (1, 3), (1, 5), (2, 3), (4, 5)]","[(4, 5), (3, 5), (2, 5), (1, 5), (0, 5)]",0.2499999943750001
842,"[(0, 5), (1, 3), (1, 5), (2, 3), (4, 5)]","[(4, 5), (3, 5), (2, 5), (1, 5), (0, 5)]",0.2499999943750001
846,"[(0, 1), (0, 5), (2, 3), (2, 5), (4, 5)]","[(0, 1), (3, 4), (3, 5), (2, 5), (0, 5)]",0.4999999937500001
847,"[(0, 5), (1, 3), (1, 5), (2, 3), (4, 5)]","[(0, 1), (2, 3), (4, 5), (2, 5), (0, 5)]",0.2499999943750001
849,"[(0, 5), (1, 3), (1, 5), (2, 3), (4, 5)]","[(2, 3), (1, 3), (1, 4), (0, 4), (0, 5)]",0.4999999937500001
852,"[(0, 1), (0, 2), (0, 3), (0, 10), (4, 8), (4, 10), (5, 8), (6, 7), (6, 8), (9, 10)]","[(0, 1), (2, 3), (4, 5), (6, 7), (8, 9), (2, 5), (6, 9), (6, 10), (2, 10), (0, 10)]",0.22222221697530875
855,"[(0, 1), (0, 2), (0, 10), (3, 8), (3, 10), (4, 8), (5, 6), (5, 7), (5, 8), (9, 10)]","[(1, 2), (1, 3), (1, 4), (1, 5), (1, 6), (1, 7), (1, 8), (1, 9), (0, 9), (0, 10)]",0.0
851,"[(0, 7), (1, 5), (1, 7), (2, 5), (3, 4), (3, 5), (6, 7)]","[(0, 1), (4, 5), (0, 2), (4, 6), (4, 7), (3, 7), (0, 7)]",0.0
854,"[(0, 7), (1, 5), (1, 7), (2, 5), (3, 4), (3, 5), (6, 7)]","[(0, 1), (0, 2), (0, 3), (0, 4), (0, 5), (0, 6), (0, 7)]",0.0
856,"[(0, 1), (0, 2), (0, 7), (3, 5), (3, 7), (4, 5), (6, 7)]","[(5, 6), (5, 7), (4, 7), (3, 7), (2, 7), (1, 7), (0, 7)]",0.16666666138888903
858,"[(0, 7), (1, 5), (1, 7), (2, 5), (3, 4), (3, 5), (6, 7)]","[(1, 2), (5, 6), (4, 6), (4, 7), (3, 7), (1, 7), (0, 7)]",0.16666666138888903
853,"[(0, 6), (1, 4), (1, 6), (2, 4), (3, 4), (5, 6)]","[(5, 6), (4, 6), (3, 6), (2, 6), (1, 6), (0, 6)]",0.19999999460000012
857,"[(0, 6), (1, 2), (1, 4), (1, 6), (3, 4), (5, 6)]","[(2, 3), (5, 6), (1, 3), (4, 6), (1, 6), (0, 6)]",0.19999999460000012
859,"[(0, 6), (1, 4), (1, 6), (2, 3), (2, 4), (5, 6)]","[(0, 1), (0, 2), (0, 3), (0, 4), (0, 5), (0, 6)]",0.0
850,"[(0, 5), (1, 3), (1, 5), (2, 3), (4, 5)]","[(0, 1), (0, 2), (0, 3), (0, 4), (0, 5)]",0.0
861,"[(0, 8), (0, 10), (1, 2), (1, 8), (3, 8), (4, 8), (5, 6), (5, 7), (5, 8), (9, 10)]","[(0, 1), (3, 4), (6, 7), (9, 10), (0, 2), (0, 4), (0, 5), (0, 7), (0, 8), (0, 10)]",0.11111110598765454
864,"[(0, 1), (0, 2), (0, 3), (0, 10), (4, 8), (4, 10), (5, 8), (6, 7), (6, 8), (9, 10)]","[(1, 2), (9, 10), (0, 2), (8, 10), (7, 10), (6, 10), (5, 10), (4, 10), (3, 10), (0, 10)]",0.22222221697530875
866,"[(0, 2), (0, 9), (1, 2), (3, 7), (3, 9), (4, 7), (5, 7), (6, 7), (8, 9)]","[(0, 1), (2, 3), (5, 6), (2, 4), (5, 7), (2, 7), (2, 8), (0, 8), (0, 9)]",0.12499999484375018
869,"[(0, 1), (0, 2), (0, 3), (0, 8), (4, 6), (4, 8), (5, 6), (7, 8)]","[(7, 8), (6, 8), (5, 8), (4, 8), (3, 8), (2, 8), (1, 8), (0, 8)]",0.14285713765306143
867,"[(0, 7), (1, 5), (1, 7), (2, 5), (3, 4), (3, 5), (6, 7)]","[(4, 5), (4, 6), (3, 6), (2, 6), (2, 7), (1, 7), (0, 7)]",0.16666666138888903
868,"[(0, 1), (0, 7), (2, 5), (2, 7), (3, 4), (3, 5), (6, 7)]","[(3, 4), (3, 5), (2, 5), (2, 6), (1, 6), (1, 7), (0, 7)]",0.4999999941666667
862,"[(0, 6), (1, 4), (1, 6), (2, 4), (3, 4), (5, 6)]","[(0, 1), (2, 3), (4, 5), (4, 6), (2, 6), (0, 6)]",0.0
863,"[(0, 6), (1, 4), (1, 6), (2, 4), (3, 4), (5, 6)]","[(2, 3), (2, 4), (1, 4), (1, 5), (0, 5), (0, 6)]",0.39999999420000004
865,"[(0, 6), (1, 4), (1, 6), (2, 3), (2, 4), (5, 6)]","[(2, 3), (2, 4), (1, 4), (1, 5), (0, 5), (0, 6)]",0.5999999938
860,"[(0, 5), (1, 3), (1, 5), (2, 3), (4, 5)]","[(1, 2), (3, 4), (1, 4), (0, 4), (0, 5)]",0.0
871,"[(0, 9), (1, 7), (1, 9), (2, 7), (3, 7), (4, 7), (5, 6), (5, 7), (8, 9)]","[(0, 1), (8, 9), (7, 9), (6, 9), (5, 9), (4, 9), (3, 9), (2, 9), (0, 9)]",0.0
875,"[(0, 9), (1, 7), (1, 9), (2, 7), (3, 4), (3, 5), (3, 7), (6, 7), (8, 9)]","[(0, 1), (3, 4), (0, 2), (3, 5), (3, 6), (3, 7), (3, 8), (0, 8), (0, 9)]",0.37499999453125
877,"[(0, 2), (0, 3), (0, 9), (1, 2), (4, 7), (4, 9), (5, 6), (5, 7), (8, 9)]","[(0, 1), (6, 7), (5, 7), (5, 8), (4, 8), (3, 8), (2, 8), (0, 8), (0, 9)]",0.12499999484375018
878,"[(0, 9), (1, 7), (1, 9), (2, 7), (3, 4), (3, 7), (5, 6), (5, 7), (8, 9)]","[(0, 1), (0, 2), (0, 3), (0, 4), (0, 5), (0, 6), (0, 7), (0, 8), (0, 9)]",0.0
874,"[(0, 8), (1, 6), (1, 8), (2, 3), (2, 4), (2, 5), (2, 6), (7, 8)]","[(0, 1), (4, 5), (0, 2), (0, 3), (0, 5), (0, 6), (0, 7), (0, 8)]",0.0
870,"[(0, 7), (1, 5), (1, 7), (2, 5), (3, 5), (4, 5), (6, 7)]","[(6, 7), (5, 7), (4, 7), (3, 7), (2, 7), (1, 7), (0, 7)]",0.16666666138888903
872,"[(0, 2), (0, 7), (1, 2), (3, 5), (3, 7), (4, 5), (6, 7)]","[(0, 1), (2, 3), (4, 5), (6, 7), (0, 3), (4, 7), (0, 7)]",0.16666666138888903
879,"[(0, 2), (0, 6), (1, 2), (3, 4), (3, 6), (5, 6)]","[(5, 6), (4, 6), (3, 6), (2, 6), (1, 6), (0, 6)]",0.19999999460000012
873,"[(0, 5), (1, 3), (1, 5), (2, 3), (4, 5)]","[(0, 1), (2, 3), (4, 5), (0, 3), (0, 5)]",0.2499999943750001
876,"[(0, 5), (1, 3), (1, 5), (2, 3), (4, 5)]","[(4, 5), (3, 5), (2, 5), (1, 5), (0, 5)]",0.2499999943750001
883,"[(0, 8), (1, 6), (1, 8), (2, 6), (3, 4), (3, 6), (5, 6), (7, 8)]","[(0, 1), (2, 3), (5, 6), (7, 8), (2, 4), (5, 8), (0, 4), (0, 8)]",0.14285713765306143
880,"[(0, 7), (1, 5), (1, 7), (2, 5), (3, 4), (3, 5), (6, 7)]","[(0, 1), (2, 3), (4, 5), (6, 7), (4, 7), (2, 7), (0, 7)]",0.0
886,"[(0, 7), (1, 5), (1, 7), (2, 5), (3, 4), (3, 5), (6, 7)]","[(0, 1), (5, 6), (0, 2), (5, 7), (0, 3), (0, 4), (0, 7)]",0.0
887,"[(0, 7), (1, 5), (1, 7), (2, 5), (3, 4), (3, 5), (6, 7)]","[(6, 7), (5, 7), (4, 7), (3, 7), (2, 7), (1, 7), (0, 7)]",0.16666666138888903
888,"[(0, 7), (1, 5), (1, 7), (2, 5), (3, 4), (3, 5), (6, 7)]","[(0, 1), (0, 2), (0, 3), (0, 4), (0, 5), (0, 6), (0, 7)]",0.0
889,"[(0, 6), (1, 4), (1, 6), (2, 4), (3, 4), (5, 6)]","[(1, 2), (1, 3), (1, 4), (1, 5), (0, 5), (0, 6)]",0.19999999460000012
881,"[(0, 5), (1, 3), (1, 5), (2, 3), (4, 5)]","[(0, 1), (3, 4), (0, 2), (0, 4), (0, 5)]",0.0
882,"[(0, 5), (1, 3), (1, 5), (2, 3), (4, 5)]","[(3, 4), (3, 5), (2, 5), (1, 5), (0, 5)]",0.2499999943750001
884,"[(0, 5), (1, 3), (1, 5), (2, 3), (4, 5)]","[(2, 3), (2, 4), (1, 4), (1, 5), (0, 5)]",0.4999999937500001
885,"[(0, 5), (1, 3), (1, 5), (2, 3), (4, 5)]","[(3, 4), (2, 4), (1, 4), (0, 4), (0, 5)]",0.0
892,"[(0, 8), (1, 6), (1, 8), (2, 6), (3, 5), (3, 6), (4, 5), (7, 8)]","[(0, 1), (2, 3), (5, 6), (7, 8), (4, 6), (0, 3), (0, 6), (0, 8)]",0.0
897,"[(0, 8), (1, 6), (1, 8), (2, 6), (3, 6), (4, 5), (4, 6), (7, 8)]","[(1, 2), (7, 8), (0, 2), (6, 8), (5, 8), (4, 8), (3, 8), (0, 8)]",0.0
890,"[(0, 2), (0, 7), (1, 2), (3, 5), (3, 7), (4, 5), (6, 7)]","[(5, 6), (4, 6), (3, 6), (2, 6), (1, 6), (0, 6), (0, 7)]",0.0
895,"[(0, 7), (1, 5), (1, 7), (2, 5), (3, 4), (3, 5), (6, 7)]","[(0, 1), (2, 3), (4, 5), (6, 7), (2, 5), (2, 7), (0, 7)]",0.16666666138888903
898,"[(0, 7), (1, 5), (1, 7), (2, 5), (3, 4), (3, 5), (6, 7)]","[(0, 1), (2, 3), (4, 5), (6, 7), (0, 3), (0, 5), (0, 7)]",0.0
891,"[(0, 6), (1, 4), (1, 6), (2, 4), (3, 4), (5, 6)]","[(0, 1), (0, 2), (0, 3), (0, 4), (0, 5), (0, 6)]",0.0
894,"[(0, 6), (1, 4), (1, 6), (2, 3), (2, 4), (5, 6)]","[(5, 6), (4, 6), (3, 6), (2, 6), (1, 6), (0, 6)]",0.19999999460000012
893,"[(0, 5), (1, 3), (1, 5), (2, 3), (4, 5)]","[(0, 1), (2, 3), (4, 5), (0, 3), (0, 5)]",0.2499999943750001
896,"[(0, 4), (1, 2), (1, 4), (3, 4)]","[(1, 2), (1, 3), (0, 3), (0, 4)]",0.33333332722222225
899,"[(0, 4), (1, 2), (1, 4), (3, 4)]","[(1, 2), (3, 4), (1, 4), (0, 4)]",0.6666666594444445
907,"[(0, 2), (0, 6), (0, 18), (1, 2), (3, 6), (4, 5), (4, 6), (7, 18), (8, 16), (8, 18), (9, 16), (10, 11), (10, 12), (10, 16), (13, 16), (14, 15), (14, 16), (17, 18)]","[(1, 2), (13, 14), (16, 17), (1, 3), (13, 15), (16, 18), (0, 3), (12, 15), (11, 15), (10, 15), (9, 15), (8, 15), (7, 15), (6, 15), (5, 15), (4, 15), (4, 18), (0, 18)]",0.05882352437716305
908,"[(0, 2), (0, 16), (1, 2), (3, 11), (3, 14), (3, 16), (4, 11), (5, 6), (5, 7), (5, 11), (8, 11), (9, 10), (9, 11), (12, 14), (13, 14), (15, 16)]","[(3, 4), (5, 6), (9, 10), (13, 14), (15, 16), (8, 10), (3, 6), (7, 10), (13, 16), (2, 6), (12, 16), (1, 6), (1, 10), (0, 10), (0, 11), (0, 16)]",0.1999999948666668
906,"[(0, 3), (0, 13), (1, 2), (1, 3), (4, 13), (5, 11), (5, 13), (6, 11), (7, 10), (7, 11), (8, 10), (9, 10), (12, 13)]","[(0, 1), (0, 2), (0, 3), (0, 4), (0, 5), (0, 6), (0, 7), (0, 8), (0, 9), (0, 10), (0, 11), (0, 12), (0, 13)]",0.08333332826388919
901,"[(0, 7), (1, 5), (1, 7), (2, 5), (3, 4), (3, 5), (6, 7)]","[(0, 1), (3, 4), (6, 7), (0, 2), (5, 7), (3, 7), (0, 7)]",0.16666666138888903
903,"[(0, 6), (1, 4), (1, 6), (2, 4), (3, 4), (5, 6)]","[(5, 6), (4, 6), (3, 6), (2, 6), (1, 6), (0, 6)]",0.19999999460000012
904,"[(0, 6), (1, 4), (1, 6), (2, 4), (3, 4), (5, 6)]","[(0, 1), (4, 5), (0, 2), (0, 3), (0, 5), (0, 6)]",0.0
900,"[(0, 5), (1, 3), (1, 5), (2, 3), (4, 5)]","[(4, 5), (3, 5), (2, 5), (1, 5), (0, 5)]",0.2499999943750001
902,"[(0, 5), (1, 3), (1, 5), (2, 3), (4, 5)]","[(2, 3), (1, 3), (1, 4), (0, 4), (0, 5)]",0.4999999937500001
905,"[(0, 1), (0, 5), (2, 3), (2, 5), (4, 5)]","[(0, 1), (0, 2), (0, 3), (0, 4), (0, 5)]",0.2499999943750001
909,"[(0, 5), (1, 3), (1, 5), (2, 3), (4, 5)]","[(1, 2), (0, 2), (0, 3), (0, 4), (0, 5)]",0.0
913,"[(0, 10), (1, 8), (1, 10), (2, 7), (2, 8), (3, 4), (3, 7), (5, 7), (6, 7), (9, 10)]","[(1, 2), (3, 4), (8, 9), (3, 5), (7, 9), (7, 10), (1, 5), (0, 5), (0, 6), (0, 10)]",0.11111110598765454
916,"[(0, 2), (0, 8), (1, 2), (3, 6), (3, 8), (4, 6), (5, 6), (7, 8)]","[(0, 1), (2, 3), (4, 5), (6, 7), (6, 8), (0, 3), (0, 5), (0, 8)]",0.0
910,"[(0, 7), (1, 3), (1, 5), (1, 7), (2, 3), (4, 5), (6, 7)]","[(1, 2), (3, 4), (6, 7), (5, 7), (1, 4), (1, 7), (0, 7)]",0.16666666138888903
915,"[(0, 7), (1, 5), (1, 7), (2, 5), (3, 4), (3, 5), (6, 7)]","[(6, 7), (5, 7), (4, 7), (3, 7), (2, 7), (1, 7), (0, 7)]",0.16666666138888903
917,"[(0, 7), (1, 5), (1, 7), (2, 5), (3, 5), (4, 5), (6, 7)]","[(4, 5), (3, 5), (2, 5), (1, 5), (1, 6), (0, 6), (0, 7)]",0.6666666605555556
919,"[(0, 7), (1, 3), (1, 5), (1, 7), (2, 3), (4, 5), (6, 7)]","[(0, 1), (2, 3), (5, 6), (2, 4), (5, 7), (2, 7), (0, 7)]",0.16666666138888903
911,"[(0, 6), (1, 4), (1, 6), (2, 3), (2, 4), (5, 6)]","[(5, 6), (4, 6), (3, 6), (2, 6), (1, 6), (0, 6)]",0.19999999460000012
914,"[(0, 6), (1, 4), (1, 6), (2, 4), (3, 4), (5, 6)]","[(1, 2), (3, 4), (5, 6), (3, 6), (1, 6), (0, 6)]",0.39999999420000004
918,"[(0, 6), (1, 4), (1, 6), (2, 4), (3, 4), (5, 6)]","[(0, 1), (2, 3), (5, 6), (2, 4), (0, 4), (0, 6)]",0.19999999460000012
912,"[(0, 4), (1, 2), (1, 4), (3, 4)]","[(3, 4), (2, 4), (1, 4), (0, 4)]",0.33333332722222225
922,"[(0, 2), (0, 8), (1, 2), (3, 6), (3, 8), (4, 6), (5, 6), (7, 8)]","[(0, 1), (2, 3), (4, 5), (7, 8), (4, 6), (0, 3), (4, 8), (0, 8)]",0.14285713765306143
926,"[(0, 7), (1, 5), (1, 7), (2, 5), (3, 4), (3, 5), (6, 7)]","[(0, 1), (3, 4), (5, 6), (2, 4), (2, 6), (0, 6), (0, 7)]",0.16666666138888903
928,"[(0, 7), (1, 5), (1, 7), (2, 5), (3, 4), (3, 5), (6, 7)]","[(2, 3), (4, 5), (6, 7), (1, 3), (0, 3), (4, 7), (0, 7)]",0.0
921,"[(0, 6), (1, 4), (1, 6), (2, 4), (3, 4), (5, 6)]","[(0, 1), (3, 4), (3, 5), (2, 5), (2, 6), (0, 6)]",0.19999999460000012
924,"[(0, 6), (1, 4), (1, 6), (2, 4), (3, 4), (5, 6)]","[(0, 1), (0, 2), (0, 3), (0, 4), (0, 5), (0, 6)]",0.0
927,"[(0, 6), (1, 4), (1, 6), (2, 4), (3, 4), (5, 6)]","[(4, 5), (3, 5), (2, 5), (1, 5), (1, 6), (0, 6)]",0.19999999460000012
929,"[(0, 6), (1, 4), (1, 6), (2, 4), (3, 4), (5, 6)]","[(0, 1), (2, 3), (5, 6), (0, 3), (0, 4), (0, 6)]",0.0
920,"[(0, 5), (1, 3), (1, 5), (2, 3), (4, 5)]","[(4, 5), (3, 5), (2, 5), (1, 5), (0, 5)]",0.2499999943750001
925,"[(0, 5), (1, 3), (1, 5), (2, 3), (4, 5)]","[(1, 2), (3, 4), (1, 4), (0, 4), (0, 5)]",0.0
923,"[(0, 4), (1, 2), (1, 4), (3, 4)]","[(3, 4), (2, 4), (1, 4), (0, 4)]",0.33333332722222225
939,"[(0, 13), (1, 2), (1, 13), (3, 13), (4, 11), (4, 13), (5, 11), (6, 11), (7, 11), (8, 9), (8, 10), (8, 11), (12, 13)]","[(0, 1), (0, 2), (0, 3), (0, 4), (0, 5), (0, 6), (0, 7), (0, 8), (0, 9), (0, 10), (0, 11), (0, 12), (0, 13)]",0.0
936,"[(0, 8), (1, 6), (1, 8), (2, 3), (2, 6), (4, 5), (4, 6), (7, 8)]","[(0, 1), (0, 2), (0, 3), (0, 4), (0, 5), (0, 6), (0, 7), (0, 8)]",0.0
930,"[(0, 7), (1, 5), (1, 7), (2, 5), (3, 5), (4, 5), (6, 7)]","[(2, 3), (6, 7), (1, 3), (5, 7), (4, 7), (1, 7), (0, 7)]",0.16666666138888903
938,"[(0, 7), (1, 2), (1, 5), (1, 7), (3, 5), (4, 5), (6, 7)]","[(0, 1), (0, 2), (0, 3), (0, 4), (0, 5), (0, 6), (0, 7)]",0.0
931,"[(0, 6), (1, 4), (1, 6), (2, 3), (2, 4), (5, 6)]","[(1, 2), (5, 6), (0, 2), (4, 6), (0, 3), (0, 6)]",0.0
932,"[(0, 6), (1, 4), (1, 6), (2, 4), (3, 4), (5, 6)]","[(0, 1), (2, 3), (5, 6), (0, 3), (0, 4), (0, 6)]",0.0
933,"[(0, 6), (1, 2), (1, 4), (1, 6), (3, 4), (5, 6)]","[(0, 1), (0, 2), (0, 3), (0, 4), (0, 5), (0, 6)]",0.0
935,"[(0, 6), (1, 4), (1, 6), (2, 3), (2, 4), (5, 6)]","[(0, 1), (4, 5), (0, 2), (4, 6), (3, 6), (0, 6)]",0.0
934,"[(0, 5), (1, 3), (1, 5), (2, 3), (4, 5)]","[(0, 1), (2, 3), (4, 5), (0, 3), (0, 5)]",0.2499999943750001
937,"[(0, 5), (1, 3), (1, 5), (2, 3), (4, 5)]","[(1, 2), (3, 4), (3, 5), (1, 5), (0, 5)]",0.2499999943750001
941,"[(0, 6), (0, 14), (1, 6), (2, 6), (3, 4), (3, 5), (3, 6), (7, 14), (8, 9), (8, 12), (8, 14), (10, 12), (11, 12), (13, 14)]","[(0, 1), (0, 2), (0, 3), (0, 4), (0, 5), (0, 6), (0, 7), (0, 8), (0, 9), (0, 10), (0, 11), (0, 12), (0, 13), (0, 14)]",0.07692307186390565
943,"[(0, 8), (1, 4), (1, 6), (1, 8), (2, 3), (2, 4), (5, 6), (7, 8)]","[(7, 8), (6, 8), (5, 8), (4, 8), (3, 8), (2, 8), (1, 8), (0, 8)]",0.14285713765306143
940,"[(0, 7), (1, 4), (1, 5), (1, 7), (2, 4), (3, 4), (6, 7)]","[(4, 5), (3, 5), (2, 5), (1, 5), (0, 5), (0, 6), (0, 7)]",0.16666666138888903
944,"[(0, 7), (1, 5), (1, 7), (2, 5), (3, 5), (4, 5), (6, 7)]","[(6, 7), (5, 7), (4, 7), (3, 7), (2, 7), (1, 7), (0, 7)]",0.16666666138888903
949,"[(0, 7), (1, 5), (1, 7), (2, 5), (3, 4), (3, 5), (6, 7)]","[(0, 1), (4, 5), (6, 7), (0, 2), (0, 3), (0, 5), (0, 7)]",0.0
942,"[(0, 6), (1, 2), (1, 4), (1, 6), (3, 4), (5, 6)]","[(2, 3), (5, 6), (1, 3), (4, 6), (0, 3), (0, 6)]",0.0
945,"[(0, 6), (1, 4), (1, 6), (2, 4), (3, 4), (5, 6)]","[(0, 1), (0, 2), (0, 3), (0, 4), (0, 5), (0, 6)]",0.0
946,"[(0, 6), (1, 4), (1, 6), (2, 4), (3, 4), (5, 6)]","[(1, 2), (4, 5), (1, 3), (1, 5), (1, 6), (0, 6)]",0.19999999460000012
947,"[(0, 6), (1, 4), (1, 6), (2, 3), (2, 4), (5, 6)]","[(2, 3), (4, 5), (2, 5), (1, 5), (0, 5), (0, 6)]",0.19999999460000012
948,"[(0, 6), (1, 4), (1, 6), (2, 4), (3, 4), (5, 6)]","[(1, 2), (4, 5), (0, 2), (3, 5), (0, 5), (0, 6)]",0.0
959,"[(0, 11), (1, 6), (1, 9), (1, 11), (2, 3), (2, 4), (2, 6), (5, 6), (7, 9), (8, 9), (10, 11)]","[(0, 1), (2, 3), (4, 5), (6, 7), (8, 9), (10, 11), (8, 11), (6, 11), (4, 11), (2, 11), (0, 11)]",0.19999999480000014
951,"[(0, 6), (1, 4), (1, 6), (2, 4), (3, 4), (5, 6)]","[(3, 4), (5, 6), (2, 4), (1, 4), (1, 6), (0, 6)]",0.7999999934
954,"[(0, 6), (1, 2), (1, 4), (1, 6), (3, 4), (5, 6)]","[(1, 2), (3, 4), (5, 6), (1, 4), (0, 4), (0, 6)]",0.5999999938
958,"[(0, 6), (1, 3), (1, 6), (2, 3), (4, 6), (5, 6)]","[(0, 1), (2, 3), (4, 5), (2, 5), (2, 6), (0, 6)]",0.19999999460000012
952,"[(0, 5), (1, 3), (1, 5), (2, 3), (4, 5)]","[(0, 1), (3, 4), (3, 5), (2, 5), (0, 5)]",0.0
953,"[(0, 5), (1, 3), (1, 5), (2, 3), (4, 5)]","[(4, 5), (3, 5), (2, 5), (1, 5), (0, 5)]",0.2499999943750001
956,"[(0, 1), (0, 5), (2, 3), (2, 5), (4, 5)]","[(0, 1), (2, 3), (0, 3), (0, 4), (0, 5)]",0.4999999937500001
957,"[(0, 3), (0, 5), (1, 2), (1, 3), (4, 5)]","[(0, 1), (0, 2), (0, 3), (0, 4), (0, 5)]",0.2499999943750001
950,"[(0, 4), (1, 2), (1, 4), (3, 4)]","[(3, 4), (2, 4), (1, 4), (0, 4)]",0.33333332722222225
955,"[(0, 4), (1, 2), (1, 4), (3, 4)]","[(2, 3), (1, 3), (0, 3), (0, 4)]",0.0
960,"[(0, 9), (1, 3), (1, 7), (1, 9), (2, 3), (4, 7), (5, 7), (6, 7), (8, 9)]","[(1, 2), (4, 5), (7, 8), (0, 2), (0, 3), (0, 5), (0, 6), (0, 8), (0, 9)]",0.0
965,"[(0, 9), (1, 5), (1, 7), (1, 9), (2, 3), (2, 4), (2, 5), (6, 7), (8, 9)]","[(8, 9), (7, 9), (6, 9), (5, 9), (4, 9), (3, 9), (2, 9), (1, 9), (0, 9)]",0.12499999484375018
964,"[(0, 6), (0, 8), (1, 6), (2, 6), (3, 6), (4, 6), (5, 6), (7, 8)]","[(4, 5), (3, 5), (3, 6), (2, 6), (2, 7), (1, 7), (1, 8), (0, 8)]",0.28571428030612256
966,"[(0, 8), (1, 6), (1, 8), (2, 3), (2, 6), (4, 6), (5, 6), (7, 8)]","[(7, 8), (6, 8), (5, 8), (4, 8), (3, 8), (2, 8), (1, 8), (0, 8)]",0.14285713765306143
967,"[(0, 8), (1, 3), (1, 6), (1, 8), (2, 3), (4, 5), (4, 6), (7, 8)]","[(7, 8), (6, 8), (5, 8), (4, 8), (3, 8), (2, 8), (1, 8), (0, 8)]",0.14285713765306143
962,"[(0, 1), (0, 2), (0, 7), (3, 5), (3, 7), (4, 5), (6, 7)]","[(3, 4), (6, 7), (2, 4), (5, 7), (1, 4), (0, 4), (0, 7)]",0.0
963,"[(0, 6), (1, 4), (1, 6), (2, 4), (3, 4), (5, 6)]","[(5, 6), (4, 6), (3, 6), (2, 6), (1, 6), (0, 6)]",0.19999999460000012
968,"[(0, 6), (1, 4), (1, 6), (2, 4), (3, 4), (5, 6)]","[(5, 6), (4, 6), (3, 6), (2, 6), (1, 6), (0, 6)]",0.19999999460000012
961,"[(0, 5), (1, 3), (1, 5), (2, 3), (4, 5)]","[(1, 2), (1, 3), (1, 4), (1, 5), (0, 5)]",0.4999999937500001
969,"[(0, 4), (1, 2), (1, 4), (3, 4)]","[(3, 4), (2, 4), (1, 4), (0, 4)]",0.33333332722222225
974,"[(0, 8), (1, 6), (1, 8), (2, 6), (3, 4), (3, 6), (5, 6), (7, 8)]","[(4, 5), (3, 5), (2, 5), (2, 6), (1, 6), (0, 6), (0, 7), (0, 8)]",0.28571428030612256
975,"[(0, 8), (1, 6), (1, 8), (2, 6), (3, 4), (3, 6), (5, 6), (7, 8)]","[(0, 1), (2, 3), (5, 6), (7, 8), (4, 6), (0, 3), (0, 6), (0, 8)]",0.14285713765306143
978,"[(0, 8), (1, 3), (1, 6), (1, 8), (2, 3), (4, 6), (5, 6), (7, 8)]","[(0, 1), (3, 4), (5, 6), (7, 8), (5, 8), (3, 8), (2, 8), (0, 8)]",0.14285713765306143
979,"[(0, 8), (1, 6), (1, 8), (2, 6), (3, 4), (3, 6), (5, 6), (7, 8)]","[(1, 2), (4, 5), (1, 3), (4, 6), (4, 7), (1, 7), (1, 8), (0, 8)]",0.14285713765306143
973,"[(0, 5), (0, 7), (1, 2), (1, 3), (1, 5), (4, 5), (6, 7)]","[(0, 1), (2, 3), (5, 6), (5, 7), (4, 7), (2, 7), (0, 7)]",0.0
976,"[(0, 7), (1, 5), (1, 7), (2, 5), (3, 5), (4, 5), (6, 7)]","[(6, 7), (5, 7), (4, 7), (3, 7), (2, 7), (1, 7), (0, 7)]",0.16666666138888903
970,"[(0, 6), (1, 4), (1, 6), (2, 4), (3, 4), (5, 6)]","[(0, 1), (0, 2), (0, 3), (0, 4), (0, 5), (0, 6)]",0.0
972,"[(0, 6), (1, 4), (1, 6), (2, 4), (3, 4), (5, 6)]","[(5, 6), (4, 6), (3, 6), (2, 6), (1, 6), (0, 6)]",0.19999999460000012
971,"[(0, 5), (1, 3), (1, 5), (2, 3), (4, 5)]","[(0, 1), (0, 2), (0, 3), (0, 4), (0, 5)]",0.0
977,"[(0, 4), (1, 2), (1, 4), (3, 4)]","[(0, 1), (3, 4), (2, 4), (0, 4)]",0.0
985,"[(0, 2), (0, 14), (1, 2), (3, 12), (3, 14), (4, 7), (4, 12), (5, 6), (5, 7), (8, 12), (9, 12), (10, 12), (11, 12), (13, 14)]","[(1, 2), (4, 5), (6, 7), (8, 9), (10, 11), (13, 14), (0, 2), (3, 5), (12, 14), (10, 14), (0, 5), (0, 7), (0, 9), (0, 14)]",0.1538461487278108
983,"[(0, 12), (1, 10), (1, 12), (2, 3), (2, 4), (2, 10), (5, 10), (6, 7), (6, 10), (8, 9), (8, 10), (11, 12)]","[(2, 3), (10, 11), (1, 3), (9, 11), (1, 4), (8, 11), (1, 5), (1, 6), (1, 7), (1, 11), (0, 11), (0, 12)]",0.09090908582644655
986,"[(0, 10), (1, 8), (1, 10), (2, 8), (3, 8), (4, 8), (5, 8), (6, 8), (7, 8), (9, 10)]","[(1, 2), (4, 5), (7, 8), (9, 10), (3, 5), (6, 8), (1, 5), (0, 5), (0, 8), (0, 10)]",0.22222221697530875
981,"[(0, 8), (1, 6), (1, 8), (2, 6), (3, 4), (3, 6), (5, 6), (7, 8)]","[(0, 1), (2, 3), (5, 6), (7, 8), (5, 8), (4, 8), (2, 8), (0, 8)]",0.14285713765306143
982,"[(0, 8), (1, 3), (1, 6), (1, 8), (2, 3), (4, 6), (5, 6), (7, 8)]","[(0, 1), (0, 2), (0, 3), (0, 4), (0, 5), (0, 6), (0, 7), (0, 8)]",0.0
984,"[(0, 8), (1, 3), (1, 4), (1, 6), (1, 8), (2, 3), (5, 6), (7, 8)]","[(0, 1), (0, 2), (0, 3), (0, 4), (0, 5), (0, 6), (0, 7), (0, 8)]",0.0
988,"[(0, 8), (1, 2), (1, 6), (1, 8), (3, 6), (4, 6), (5, 6), (7, 8)]","[(0, 1), (2, 3), (5, 6), (0, 3), (0, 4), (0, 6), (0, 7), (0, 8)]",0.14285713765306143
989,"[(0, 7), (1, 5), (1, 7), (2, 5), (3, 4), (3, 5), (6, 7)]","[(6, 7), (5, 7), (4, 7), (3, 7), (2, 7), (1, 7), (0, 7)]",0.16666666138888903
987,"[(0, 6), (1, 4), (1, 6), (2, 4), (3, 4), (5, 6)]","[(5, 6), (4, 6), (3, 6), (2, 6), (1, 6), (0, 6)]",0.19999999460000012
980,"[(0, 4), (1, 2), (1, 4), (3, 4)]","[(1, 2), (3, 4), (1, 4), (0, 4)]",0.6666666594444445
992,"[(0, 1), (0, 2), (0, 3), (0, 10), (4, 8), (4, 10), (5, 8), (6, 7), (6, 8), (9, 10)]","[(5, 6), (7, 8), (9, 10), (4, 6), (4, 8), (4, 10), (3, 10), (2, 10), (1, 10), (0, 10)]",0.22222221697530875
998,"[(0, 9), (1, 7), (1, 9), (2, 7), (3, 4), (3, 7), (5, 6), (5, 7), (8, 9)]","[(0, 1), (3, 4), (5, 6), (7, 8), (0, 2), (5, 8), (3, 8), (0, 8), (0, 9)]",0.24999999468750006
991,"[(0, 8), (1, 6), (1, 8), (2, 6), (3, 6), (4, 5), (4, 6), (7, 8)]","[(0, 1), (0, 2), (0, 3), (0, 4), (0, 5), (0, 6), (0, 7), (0, 8)]",0.0
996,"[(0, 8), (1, 6), (1, 8), (2, 6), (3, 4), (3, 6), (5, 6), (7, 8)]","[(6, 7), (5, 7), (5, 8), (4, 8), (3, 8), (2, 8), (1, 8), (0, 8)]",0.14285713765306143
993,"[(0, 7), (1, 5), (1, 7), (2, 5), (3, 4), (3, 5), (6, 7)]","[(5, 6), (4, 6), (3, 6), (3, 7), (2, 7), (1, 7), (0, 7)]",0.16666666138888903
995,"[(0, 7), (1, 5), (1, 7), (2, 5), (3, 4), (3, 5), (6, 7)]","[(3, 4), (6, 7), (5, 7), (3, 7), (2, 7), (1, 7), (0, 7)]",0.3333333277777778
997,"[(0, 7), (1, 5), (1, 7), (2, 3), (2, 5), (4, 5), (6, 7)]","[(0, 1), (2, 3), (4, 5), (6, 7), (0, 3), (4, 7), (0, 7)]",0.3333333277777778
999,"[(0, 7), (1, 5), (1, 7), (2, 5), (3, 4), (3, 5), (6, 7)]","[(1, 2), (1, 3), (0, 3), (0, 4), (0, 5), (0, 6), (0, 7)]",0.0
990,"[(0, 6), (1, 4), (1, 6), (2, 4), (3, 4), (5, 6)]","[(0, 1), (3, 4), (5, 6), (0, 2), (3, 6), (0, 6)]",0.19999999460000012
994,"[(0, 6), (1, 2), (1, 4), (1, 6), (3, 4), (5, 6)]","[(5, 6), (4, 6), (3, 6), (2, 6), (1, 6), (0, 6)]",0.19999999460000012
