3,"[(0, 10), (1, 8), (1, 10), (2, 8), (3, 4), (3, 8), (5, 6), (5, 7), (5, 8), (9, 10)]","[(7, 8), (6, 8), (5, 8), (4, 8), (3, 8), (2, 8), (2, 9), (1, 9), (0, 9), (0, 10)]",0.333333327962963
0,"[(0, 9), (1, 2), (1, 9), (3, 7), (3, 9), (4, 7), (5, 7), (6, 7), (8, 9)]","[(6, 7), (6, 8), (6, 9), (5, 9), (4, 9), (3, 9), (2, 9), (1, 9), (0, 9)]",0.37499999453125
2,"[(0, 9), (1, 7), (1, 9), (2, 7), (3, 4), (3, 7), (5, 6), (5, 7), (8, 9)]","[(6, 7), (5, 7), (5, 8), (4, 8), (4, 9), (3, 9), (2, 9), (1, 9), (0, 9)]",0.24999999468750006
7,"[(0, 9), (1, 2), (1, 9), (3, 9), (4, 7), (4, 9), (5, 7), (6, 7), (8, 9)]","[(6, 7), (6, 8), (5, 8), (4, 8), (3, 8), (2, 8), (1, 8), (1, 9), (0, 9)]",0.24999999468750006
4,"[(0, 7), (1, 5), (1, 7), (2, 5), (3, 5), (4, 5), (6, 7)]","[(4, 5), (3, 5), (2, 5), (1, 5), (0, 5), (0, 6), (0, 7)]",0.6666666605555556
6,"[(0, 7), (1, 5), (1, 7), (2, 5), (3, 5), (4, 5), (6, 7)]","[(4, 5), (3, 5), (2, 5), (1, 5), (0, 5), (0, 6), (0, 7)]",0.6666666605555556
8,"[(0, 7), (1, 5), (1, 7), (2, 3), (2, 4), (2, 5), (6, 7)]","[(5, 6), (4, 6), (3, 6), (3, 7), (2, 7), (1, 7), (0, 7)]",0.16666666138888903
1,"[(0, 5), (1, 3), (1, 5), (2, 3), (4, 5)]","[(2, 3), (1, 3), (1, 4), (0, 4), (0, 5)]",0.4999999937500001
5,"[(0, 5), (1, 3), (1, 5), (2, 3), (4, 5)]","[(3, 4), (2, 4), (2, 5), (1, 5), (0, 5)]",0.2499999943750001
9,"[(0, 4), (1, 2), (1, 4), (3, 4)]","[(1, 2), (0, 2), (0, 3), (0, 4)]",0.33333332722222225
19,"[(0, 11), (1, 6), (1, 9), (1, 11), (2, 6), (3, 6), (4, 5), (4, 6), (7, 9), (8, 9), (10, 11)]","[(7, 8), (6, 8), (5, 8), (4, 8), (3, 8), (2, 8), (1, 8), (0, 8), (0, 9), (0, 10), (0, 11)]",0.0
17,"[(0, 2), (0, 9), (1, 2), (3, 5), (3, 7), (3, 9), (4, 5), (6, 7), (8, 9)]","[(6, 7), (5, 7), (5, 8), (4, 8), (3, 8), (2, 8), (1, 8), (0, 8), (0, 9)]",0.12499999484375018
12,"[(0, 8), (1, 6), (1, 8), (2, 6), (3, 6), (4, 5), (4, 6), (7, 8)]","[(4, 5), (3, 5), (2, 5), (1, 5), (0, 5), (0, 6), (0, 7), (0, 8)]",0.14285713765306143
14,"[(0, 2), (0, 8), (1, 2), (3, 5), (3, 6), (3, 8), (4, 5), (7, 8)]","[(6, 7), (5, 7), (4, 7), (3, 7), (2, 7), (1, 7), (0, 7), (0, 8)]",0.0
15,"[(0, 8), (1, 6), (1, 8), (2, 6), (3, 4), (3, 6), (5, 6), (7, 8)]","[(5, 6), (4, 6), (3, 6), (2, 6), (1, 6), (1, 7), (1, 8), (0, 8)]",0.7142857082653062
10,"[(0, 7), (1, 5), (1, 7), (2, 5), (3, 4), (3, 5), (6, 7)]","[(5, 6), (5, 7), (4, 7), (3, 7), (2, 7), (1, 7), (0, 7)]",0.16666666138888903
13,"[(0, 7), (1, 5), (1, 7), (2, 5), (3, 5), (4, 5), (6, 7)]","[(4, 5), (3, 5), (3, 6), (2, 6), (2, 7), (1, 7), (0, 7)]",0.4999999941666667
18,"[(0, 7), (1, 5), (1, 7), (2, 5), (3, 5), (4, 5), (6, 7)]","[(4, 5), (3, 5), (2, 5), (1, 5), (0, 5), (0, 6), (0, 7)]",0.6666666605555556
11,"[(0, 5), (1, 3), (1, 5), (2, 3), (4, 5)]","[(2, 3), (1, 3), (0, 3), (0, 4), (0, 5)]",0.4999999937500001
16,"[(0, 4), (1, 2), (1, 4), (3, 4)]","[(2, 3), (2, 4), (1, 4), (0, 4)]",0.33333332722222225
28,"[(0, 8), (1, 2), (1, 6), (1, 8), (3, 4), (3, 6), (5, 6), (7, 8)]","[(6, 7), (5, 7), (4, 7), (3, 7), (2, 7), (1, 7), (0, 7), (0, 8)]",0.0
29,"[(0, 8), (1, 4), (1, 6), (1, 8), (2, 4), (3, 4), (5, 6), (7, 8)]","[(5, 6), (4, 6), (3, 6), (2, 6), (1, 6), (1, 7), (1, 8), (0, 8)]",0.42857142295918377
20,"[(0, 5), (0, 7), (1, 3), (1, 5), (2, 3), (4, 5), (6, 7)]","[(4, 5), (3, 5), (2, 5), (1, 5), (0, 5), (0, 6), (0, 7)]",0.4999999941666667
23,"[(0, 7), (1, 5), (1, 7), (2, 5), (3, 5), (4, 5), (6, 7)]","[(4, 5), (3, 5), (3, 6), (3, 7), (2, 7), (1, 7), (0, 7)]",0.4999999941666667
27,"[(0, 2), (0, 7), (1, 2), (3, 5), (3, 7), (4, 5), (6, 7)]","[(4, 5), (3, 5), (2, 5), (1, 5), (0, 5), (0, 6), (0, 7)]",0.3333333277777778
25,"[(0, 6), (1, 4), (1, 6), (2, 4), (3, 4), (5, 6)]","[(2, 3), (1, 3), (0, 3), (0, 4), (0, 5), (0, 6)]",0.0
22,"[(0, 5), (1, 3), (1, 5), (2, 3), (4, 5)]","[(2, 3), (1, 3), (1, 4), (0, 4), (0, 5)]",0.4999999937500001
24,"[(0, 5), (1, 3), (1, 5), (2, 3), (4, 5)]","[(3, 4), (2, 4), (1, 4), (0, 4), (0, 5)]",0.0
21,"[(0, 4), (1, 2), (1, 4), (3, 4)]","[(2, 3), (2, 4), (1, 4), (0, 4)]",0.33333332722222225
26,"[(0, 4), (1, 2), (1, 4), (3, 4)]","[(2, 3), (2, 4), (1, 4), (0, 4)]",0.33333332722222225
31,"[(0, 8), (1, 6), (1, 8), (2, 6), (3, 6), (4, 6), (5, 6), (7, 8)]","[(1, 2), (0, 2), (0, 3), (0, 4), (0, 5), (0, 6), (0, 7), (0, 8)]",0.0
35,"[(0, 8), (1, 6), (1, 8), (2, 6), (3, 6), (4, 5), (4, 6), (7, 8)]","[(6, 7), (6, 8), (5, 8), (4, 8), (3, 8), (2, 8), (1, 8), (0, 8)]",0.14285713765306143
30,"[(0, 1), (0, 2), (0, 7), (3, 5), (3, 7), (4, 5), (6, 7)]","[(4, 5), (3, 5), (2, 5), (1, 5), (0, 5), (0, 6), (0, 7)]",0.3333333277777778
33,"[(0, 2), (0, 7), (1, 2), (3, 5), (3, 7), (4, 5), (6, 7)]","[(4, 5), (3, 5), (3, 6), (2, 6), (1, 6), (1, 7), (0, 7)]",0.3333333277777778
38,"[(0, 7), (1, 5), (1, 7), (2, 5), (3, 4), (3, 5), (6, 7)]","[(4, 5), (3, 5), (3, 6), (3, 7), (2, 7), (1, 7), (0, 7)]",0.3333333277777778
39,"[(0, 7), (1, 5), (1, 7), (2, 5), (3, 4), (3, 5), (6, 7)]","[(5, 6), (4, 6), (3, 6), (2, 6), (1, 6), (0, 6), (0, 7)]",0.0
32,"[(0, 6), (1, 4), (1, 6), (2, 4), (3, 4), (5, 6)]","[(4, 5), (4, 6), (3, 6), (2, 6), (1, 6), (0, 6)]",0.19999999460000012
34,"[(0, 6), (1, 4), (1, 6), (2, 3), (2, 4), (5, 6)]","[(3, 4), (3, 5), (3, 6), (2, 6), (1, 6), (0, 6)]",0.19999999460000012
36,"[(0, 6), (1, 4), (1, 6), (2, 3), (2, 4), (5, 6)]","[(4, 5), (3, 5), (3, 6), (2, 6), (1, 6), (0, 6)]",0.19999999460000012
37,"[(0, 6), (1, 3), (1, 4), (1, 6), (2, 3), (5, 6)]","[(3, 4), (3, 5), (2, 5), (2, 6), (1, 6), (0, 6)]",0.19999999460000012
40,"[(0, 8), (1, 6), (1, 8), (2, 6), (3, 4), (3, 6), (5, 6), (7, 8)]","[(5, 6), (4, 6), (3, 6), (2, 6), (2, 7), (1, 7), (0, 7), (0, 8)]",0.42857142295918377
43,"[(0, 6), (0, 8), (1, 2), (1, 3), (1, 6), (4, 6), (5, 6), (7, 8)]","[(5, 6), (4, 6), (3, 6), (2, 6), (1, 6), (0, 6), (0, 7), (0, 8)]",0.5714285656122451
48,"[(0, 8), (1, 2), (1, 6), (1, 8), (3, 6), (4, 5), (4, 6), (7, 8)]","[(6, 7), (6, 8), (5, 8), (4, 8), (3, 8), (2, 8), (1, 8), (0, 8)]",0.14285713765306143
41,"[(0, 7), (1, 5), (1, 7), (2, 5), (3, 4), (3, 5), (6, 7)]","[(4, 5), (3, 5), (2, 5), (1, 5), (0, 5), (0, 6), (0, 7)]",0.4999999941666667
42,"[(0, 2), (0, 7), (1, 2), (3, 5), (3, 7), (4, 5), (6, 7)]","[(5, 6), (5, 7), (4, 7), (3, 7), (2, 7), (1, 7), (0, 7)]",0.16666666138888903
47,"[(0, 7), (1, 5), (1, 7), (2, 3), (2, 5), (4, 5), (6, 7)]","[(4, 5), (3, 5), (2, 5), (1, 5), (0, 5), (0, 6), (0, 7)]",0.4999999941666667
46,"[(0, 6), (1, 4), (1, 6), (2, 4), (3, 4), (5, 6)]","[(4, 5), (4, 6), (3, 6), (2, 6), (1, 6), (0, 6)]",0.19999999460000012
49,"[(0, 6), (1, 2), (1, 4), (1, 6), (3, 4), (5, 6)]","[(3, 4), (3, 5), (2, 5), (1, 5), (1, 6), (0, 6)]",0.39999999420000004
44,"[(0, 4), (1, 2), (1, 4), (3, 4)]","[(1, 2), (0, 2), (0, 3), (0, 4)]",0.33333332722222225
45,"[(0, 4), (1, 2), (1, 4), (3, 4)]","[(1, 2), (1, 3), (0, 3), (0, 4)]",0.33333332722222225
50,"[(0, 2), (0, 8), (1, 2), (3, 6), (3, 8), (4, 6), (5, 6), (7, 8)]","[(6, 7), (6, 8), (5, 8), (4, 8), (3, 8), (2, 8), (1, 8), (0, 8)]",0.14285713765306143
52,"[(0, 2), (0, 8), (1, 2), (3, 6), (3, 8), (4, 6), (5, 6), (7, 8)]","[(3, 4), (3, 5), (2, 5), (1, 5), (1, 6), (1, 7), (1, 8), (0, 8)]",0.0
54,"[(0, 6), (0, 8), (1, 2), (1, 3), (1, 6), (4, 6), (5, 6), (7, 8)]","[(6, 7), (5, 7), (5, 8), (4, 8), (3, 8), (2, 8), (1, 8), (0, 8)]",0.0
53,"[(0, 1), (0, 2), (0, 7), (3, 5), (3, 7), (4, 5), (6, 7)]","[(4, 5), (4, 6), (3, 6), (2, 6), (1, 6), (1, 7), (0, 7)]",0.16666666138888903
58,"[(0, 7), (1, 5), (1, 7), (2, 4), (2, 5), (3, 4), (6, 7)]","[(5, 6), (4, 6), (4, 7), (3, 7), (2, 7), (1, 7), (0, 7)]",0.16666666138888903
51,"[(0, 1), (0, 2), (0, 6), (3, 4), (3, 6), (5, 6)]","[(4, 5), (4, 6), (3, 6), (2, 6), (1, 6), (0, 6)]",0.19999999460000012
55,"[(0, 6), (1, 4), (1, 6), (2, 4), (3, 4), (5, 6)]","[(3, 4), (3, 5), (2, 5), (1, 5), (0, 5), (0, 6)]",0.19999999460000012
56,"[(0, 6), (1, 4), (1, 6), (2, 4), (3, 4), (5, 6)]","[(4, 5), (3, 5), (2, 5), (1, 5), (0, 5), (0, 6)]",0.0
57,"[(0, 6), (1, 4), (1, 6), (2, 3), (2, 4), (5, 6)]","[(3, 4), (2, 4), (2, 5), (1, 5), (1, 6), (0, 6)]",0.39999999420000004
59,"[(0, 5), (1, 3), (1, 5), (2, 3), (4, 5)]","[(0, 1), (0, 2), (0, 3), (0, 4), (0, 5)]",0.0
69,"[(0, 10), (1, 3), (1, 8), (1, 10), (2, 3), (4, 8), (5, 8), (6, 7), (6, 8), (9, 10)]","[(7, 8), (6, 8), (5, 8), (4, 8), (4, 9), (3, 9), (3, 10), (2, 10), (1, 10), (0, 10)]",0.4444444389506173
64,"[(0, 7), (1, 5), (1, 7), (2, 5), (3, 4), (3, 5), (6, 7)]","[(5, 6), (4, 6), (3, 6), (2, 6), (2, 7), (1, 7), (0, 7)]",0.16666666138888903
68,"[(0, 7), (1, 5), (1, 7), (2, 5), (3, 5), (4, 5), (6, 7)]","[(4, 5), (3, 5), (2, 5), (1, 5), (0, 5), (0, 6), (0, 7)]",0.6666666605555556
60,"[(0, 1), (0, 6), (2, 4), (2, 6), (3, 4), (5, 6)]","[(0, 1), (0, 2), (0, 3), (0, 4), (0, 5), (0, 6)]",0.19999999460000012
62,"[(0, 1), (0, 6), (2, 4), (2, 6), (3, 4), (5, 6)]","[(3, 4), (2, 4), (1, 4), (0, 4), (0, 5), (0, 6)]",0.39999999420000004
63,"[(0, 6), (1, 4), (1, 6), (2, 4), (3, 4), (5, 6)]","[(4, 5), (4, 6), (3, 6), (2, 6), (1, 6), (0, 6)]",0.19999999460000012
65,"[(0, 6), (1, 4), (1, 6), (2, 4), (3, 4), (5, 6)]","[(3, 4), (2, 4), (2, 5), (1, 5), (1, 6), (0, 6)]",0.5999999938
66,"[(0, 6), (1, 4), (1, 6), (2, 4), (3, 4), (5, 6)]","[(3, 4), (2, 4), (1, 4), (1, 5), (0, 5), (0, 6)]",0.5999999938
67,"[(0, 6), (1, 2), (1, 4), (1, 6), (3, 4), (5, 6)]","[(4, 5), (4, 6), (3, 6), (2, 6), (1, 6), (0, 6)]",0.19999999460000012
61,"[(0, 5), (1, 3), (1, 5), (2, 3), (4, 5)]","[(2, 3), (1, 3), (0, 3), (0, 4), (0, 5)]",0.4999999937500001
71,"[(0, 2), (0, 11), (1, 2), (3, 9), (3, 11), (4, 9), (5, 9), (6, 9), (7, 9), (8, 9), (10, 11)]","[(8, 9), (7, 9), (7, 10), (6, 10), (5, 10), (5, 11), (4, 11), (3, 11), (2, 11), (1, 11), (0, 11)]",0.29999999470000005
70,"[(0, 9), (1, 7), (1, 9), (2, 7), (3, 4), (3, 5), (3, 7), (6, 7), (8, 9)]","[(5, 6), (4, 6), (3, 6), (2, 6), (1, 6), (0, 6), (0, 7), (0, 8), (0, 9)]",0.0
78,"[(0, 8), (1, 3), (1, 6), (1, 8), (2, 3), (4, 6), (5, 6), (7, 8)]","[(4, 5), (3, 5), (2, 5), (2, 6), (1, 6), (0, 6), (0, 7), (0, 8)]",0.14285713765306143
76,"[(0, 1), (0, 2), (0, 7), (3, 5), (3, 7), (4, 5), (6, 7)]","[(1, 2), (1, 3), (1, 4), (1, 5), (1, 6), (1, 7), (0, 7)]",0.0
72,"[(0, 6), (1, 4), (1, 6), (2, 4), (3, 4), (5, 6)]","[(3, 4), (2, 4), (2, 5), (1, 5), (1, 6), (0, 6)]",0.5999999938
73,"[(0, 1), (0, 6), (2, 4), (2, 6), (3, 4), (5, 6)]","[(3, 4), (3, 5), (2, 5), (1, 5), (0, 5), (0, 6)]",0.19999999460000012
74,"[(0, 6), (1, 4), (1, 6), (2, 4), (3, 4), (5, 6)]","[(3, 4), (2, 4), (1, 4), (1, 5), (0, 5), (0, 6)]",0.5999999938
75,"[(0, 1), (0, 6), (2, 4), (2, 6), (3, 4), (5, 6)]","[(3, 4), (2, 4), (1, 4), (1, 5), (0, 5), (0, 6)]",0.39999999420000004
79,"[(0, 5), (1, 3), (1, 5), (2, 3), (4, 5)]","[(2, 3), (1, 3), (1, 4), (1, 5), (0, 5)]",0.7499999931250001
77,"[(0, 4), (1, 2), (1, 4), (3, 4)]","[(1, 2), (1, 3), (0, 3), (0, 4)]",0.33333332722222225
84,"[(0, 7), (1, 5), (1, 7), (2, 5), (3, 4), (3, 5), (6, 7)]","[(4, 5), (3, 5), (2, 5), (1, 5), (0, 5), (0, 6), (0, 7)]",0.4999999941666667
86,"[(0, 2), (0, 7), (1, 2), (3, 4), (3, 5), (3, 7), (6, 7)]","[(4, 5), (3, 5), (2, 5), (1, 5), (0, 5), (0, 6), (0, 7)]",0.16666666138888903
80,"[(0, 6), (1, 4), (1, 6), (2, 4), (3, 4), (5, 6)]","[(3, 4), (2, 4), (1, 4), (0, 4), (0, 5), (0, 6)]",0.5999999938
83,"[(0, 6), (1, 4), (1, 6), (2, 3), (2, 4), (5, 6)]","[(3, 4), (2, 4), (1, 4), (0, 4), (0, 5), (0, 6)]",0.39999999420000004
81,"[(0, 5), (1, 3), (1, 5), (2, 3), (4, 5)]","[(3, 4), (2, 4), (1, 4), (1, 5), (0, 5)]",0.2499999943750001
82,"[(0, 5), (1, 3), (1, 5), (2, 3), (4, 5)]","[(3, 4), (2, 4), (2, 5), (1, 5), (0, 5)]",0.2499999943750001
85,"[(0, 5), (1, 3), (1, 5), (2, 3), (4, 5)]","[(3, 4), (2, 4), (1, 4), (0, 4), (0, 5)]",0.0
87,"[(0, 5), (1, 3), (1, 5), (2, 3), (4, 5)]","[(2, 3), (1, 3), (0, 3), (0, 4), (0, 5)]",0.4999999937500001
88,"[(0, 5), (1, 3), (1, 5), (2, 3), (4, 5)]","[(2, 3), (1, 3), (0, 3), (0, 4), (0, 5)]",0.4999999937500001
89,"[(0, 5), (1, 3), (1, 5), (2, 3), (4, 5)]","[(2, 3), (1, 3), (0, 3), (0, 4), (0, 5)]",0.4999999937500001
99,"[(0, 1), (0, 2), (0, 10), (3, 7), (3, 8), (3, 10), (4, 5), (4, 7), (6, 7), (9, 10)]","[(7, 8), (6, 8), (5, 8), (5, 9), (4, 9), (3, 9), (2, 9), (1, 9), (1, 10), (0, 10)]",0.0
92,"[(0, 1), (0, 2), (0, 9), (3, 7), (3, 9), (4, 7), (5, 6), (5, 7), (8, 9)]","[(6, 7), (5, 7), (4, 7), (3, 7), (2, 7), (1, 7), (0, 7), (0, 8), (0, 9)]",0.37499999453125
90,"[(0, 7), (1, 5), (1, 7), (2, 5), (3, 4), (3, 5), (6, 7)]","[(5, 6), (4, 6), (4, 7), (3, 7), (2, 7), (1, 7), (0, 7)]",0.16666666138888903
91,"[(0, 2), (0, 7), (1, 2), (3, 5), (3, 7), (4, 5), (6, 7)]","[(4, 5), (3, 5), (2, 5), (2, 6), (2, 7), (1, 7), (0, 7)]",0.3333333277777778
93,"[(0, 6), (1, 4), (1, 6), (2, 3), (2, 4), (5, 6)]","[(4, 5), (3, 5), (2, 5), (1, 5), (0, 5), (0, 6)]",0.0
98,"[(0, 6), (1, 4), (1, 6), (2, 3), (2, 4), (5, 6)]","[(4, 5), (3, 5), (2, 5), (1, 5), (0, 5), (0, 6)]",0.0
94,"[(0, 5), (1, 3), (1, 5), (2, 3), (4, 5)]","[(2, 3), (2, 4), (1, 4), (1, 5), (0, 5)]",0.4999999937500001
95,"[(0, 5), (1, 3), (1, 5), (2, 3), (4, 5)]","[(2, 3), (1, 3), (1, 4), (0, 4), (0, 5)]",0.4999999937500001
96,"[(0, 5), (1, 3), (1, 5), (2, 3), (4, 5)]","[(2, 3), (1, 3), (0, 3), (0, 4), (0, 5)]",0.4999999937500001
97,"[(0, 1), (0, 5), (2, 3), (2, 5), (4, 5)]","[(3, 4), (3, 5), (2, 5), (1, 5), (0, 5)]",0.2499999943750001
107,"[(0, 9), (1, 7), (1, 9), (2, 3), (2, 7), (4, 7), (5, 6), (5, 7), (8, 9)]","[(4, 5), (3, 5), (2, 5), (2, 6), (1, 6), (1, 7), (1, 8), (1, 9), (0, 9)]",0.24999999468750006
100,"[(0, 1), (0, 2), (0, 8), (3, 6), (3, 8), (4, 6), (5, 6), (7, 8)]","[(5, 6), (5, 7), (5, 8), (4, 8), (3, 8), (2, 8), (1, 8), (0, 8)]",0.28571428030612256
105,"[(0, 1), (0, 2), (0, 7), (3, 5), (3, 7), (4, 5), (6, 7)]","[(4, 5), (3, 5), (2, 5), (1, 5), (1, 6), (1, 7), (0, 7)]",0.3333333277777778
101,"[(0, 6), (1, 2), (1, 4), (1, 6), (3, 4), (5, 6)]","[(3, 4), (2, 4), (1, 4), (0, 4), (0, 5), (0, 6)]",0.39999999420000004
103,"[(0, 6), (1, 4), (1, 6), (2, 4), (3, 4), (5, 6)]","[(3, 4), (2, 4), (2, 5), (1, 5), (1, 6), (0, 6)]",0.5999999938
104,"[(0, 6), (1, 4), (1, 6), (2, 4), (3, 4), (5, 6)]","[(3, 4), (2, 4), (1, 4), (0, 4), (0, 5), (0, 6)]",0.5999999938
102,"[(0, 5), (1, 3), (1, 5), (2, 3), (4, 5)]","[(2, 3), (1, 3), (1, 4), (1, 5), (0, 5)]",0.7499999931250001
108,"[(0, 5), (1, 3), (1, 5), (2, 3), (4, 5)]","[(2, 3), (2, 4), (1, 4), (0, 4), (0, 5)]",0.2499999943750001
109,"[(0, 5), (1, 3), (1, 5), (2, 3), (4, 5)]","[(2, 3), (1, 3), (0, 3), (0, 4), (0, 5)]",0.4999999937500001
106,"[(0, 4), (1, 2), (1, 4), (3, 4)]","[(3, 4), (2, 4), (1, 4), (0, 4)]",0.33333332722222225
112,"[(0, 8), (1, 6), (1, 8), (2, 6), (3, 6), (4, 6), (5, 6), (7, 8)]","[(5, 6), (4, 6), (4, 7), (3, 7), (2, 7), (1, 7), (1, 8), (0, 8)]",0.42857142295918377
115,"[(0, 1), (0, 2), (0, 7), (3, 5), (3, 7), (4, 5), (6, 7)]","[(3, 4), (2, 4), (1, 4), (0, 4), (0, 5), (0, 6), (0, 7)]",0.0
116,"[(0, 7), (1, 5), (1, 7), (2, 5), (3, 5), (4, 5), (6, 7)]","[(4, 5), (3, 5), (2, 5), (1, 5), (1, 6), (0, 6), (0, 7)]",0.6666666605555556
111,"[(0, 2), (0, 6), (1, 2), (3, 4), (3, 6), (5, 6)]","[(3, 4), (3, 5), (2, 5), (1, 5), (1, 6), (0, 6)]",0.19999999460000012
118,"[(0, 2), (0, 6), (1, 2), (3, 4), (3, 6), (5, 6)]","[(3, 4), (2, 4), (1, 4), (0, 4), (0, 5), (0, 6)]",0.19999999460000012
119,"[(0, 1), (0, 2), (0, 6), (3, 4), (3, 6), (5, 6)]","[(3, 4), (2, 4), (2, 5), (1, 5), (1, 6), (0, 6)]",0.19999999460000012
110,"[(0, 5), (1, 3), (1, 5), (2, 3), (4, 5)]","[(3, 4), (2, 4), (1, 4), (1, 5), (0, 5)]",0.2499999943750001
113,"[(0, 5), (1, 3), (1, 5), (2, 3), (4, 5)]","[(2, 3), (1, 3), (0, 3), (0, 4), (0, 5)]",0.4999999937500001
117,"[(0, 5), (1, 3), (1, 5), (2, 3), (4, 5)]","[(2, 3), (1, 3), (0, 3), (0, 4), (0, 5)]",0.4999999937500001
114,"[(0, 4), (1, 2), (1, 4), (3, 4)]","[(1, 2), (0, 2), (0, 3), (0, 4)]",0.33333332722222225
122,"[(0, 8), (1, 3), (1, 8), (2, 3), (4, 6), (4, 8), (5, 6), (7, 8)]","[(5, 6), (5, 7), (4, 7), (3, 7), (2, 7), (1, 7), (0, 7), (0, 8)]",0.14285713765306143
128,"[(0, 1), (0, 2), (0, 8), (3, 6), (3, 8), (4, 6), (5, 6), (7, 8)]","[(5, 6), (4, 6), (4, 7), (3, 7), (2, 7), (1, 7), (1, 8), (0, 8)]",0.28571428030612256
120,"[(0, 1), (0, 2), (0, 7), (3, 5), (3, 7), (4, 5), (6, 7)]","[(4, 5), (3, 5), (2, 5), (1, 5), (0, 5), (0, 6), (0, 7)]",0.3333333277777778
121,"[(0, 1), (0, 2), (0, 7), (3, 5), (3, 7), (4, 5), (6, 7)]","[(5, 6), (4, 6), (3, 6), (2, 6), (1, 6), (0, 6), (0, 7)]",0.0
126,"[(0, 1), (0, 7), (2, 5), (2, 7), (3, 4), (3, 5), (6, 7)]","[(4, 5), (3, 5), (3, 6), (3, 7), (2, 7), (1, 7), (0, 7)]",0.3333333277777778
123,"[(0, 5), (1, 3), (1, 5), (2, 3), (4, 5)]","[(2, 3), (2, 4), (1, 4), (0, 4), (0, 5)]",0.2499999943750001
124,"[(0, 5), (1, 3), (1, 5), (2, 3), (4, 5)]","[(2, 3), (1, 3), (1, 4), (0, 4), (0, 5)]",0.4999999937500001
125,"[(0, 5), (1, 2), (1, 3), (1, 5), (4, 5)]","[(3, 4), (3, 5), (2, 5), (1, 5), (0, 5)]",0.2499999943750001
129,"[(0, 5), (1, 3), (1, 5), (2, 3), (4, 5)]","[(2, 3), (2, 4), (2, 5), (1, 5), (0, 5)]",0.4999999937500001
127,"[(0, 4), (1, 2), (1, 4), (3, 4)]","[(2, 3), (2, 4), (1, 4), (0, 4)]",0.33333332722222225
131,"[(0, 8), (1, 6), (1, 8), (2, 4), (2, 6), (3, 4), (5, 6), (7, 8)]","[(6, 7), (5, 7), (5, 8), (4, 8), (3, 8), (2, 8), (1, 8), (0, 8)]",0.14285713765306143
132,"[(0, 8), (1, 6), (1, 8), (2, 3), (2, 6), (4, 5), (4, 6), (7, 8)]","[(6, 7), (5, 7), (4, 7), (3, 7), (2, 7), (1, 7), (0, 7), (0, 8)]",0.0
135,"[(0, 2), (0, 7), (1, 2), (3, 5), (3, 7), (4, 5), (6, 7)]","[(4, 5), (3, 5), (3, 6), (3, 7), (2, 7), (1, 7), (0, 7)]",0.4999999941666667
133,"[(0, 6), (1, 3), (1, 4), (1, 6), (2, 3), (5, 6)]","[(3, 4), (2, 4), (2, 5), (1, 5), (0, 5), (0, 6)]",0.0
130,"[(0, 5), (1, 3), (1, 5), (2, 3), (4, 5)]","[(2, 3), (1, 3), (0, 3), (0, 4), (0, 5)]",0.4999999937500001
134,"[(0, 5), (1, 3), (1, 5), (2, 3), (4, 5)]","[(2, 3), (1, 3), (0, 3), (0, 4), (0, 5)]",0.4999999937500001
137,"[(0, 5), (1, 3), (1, 5), (2, 3), (4, 5)]","[(3, 4), (3, 5), (2, 5), (1, 5), (0, 5)]",0.2499999943750001
138,"[(0, 5), (1, 3), (1, 5), (2, 3), (4, 5)]","[(2, 3), (2, 4), (2, 5), (1, 5), (0, 5)]",0.4999999937500001
139,"[(0, 5), (1, 3), (1, 5), (2, 3), (4, 5)]","[(2, 3), (1, 3), (1, 4), (1, 5), (0, 5)]",0.7499999931250001
136,"[(0, 4), (1, 2), (1, 4), (3, 4)]","[(2, 3), (1, 3), (1, 4), (0, 4)]",0.33333332722222225
147,"[(0, 7), (1, 2), (1, 5), (1, 7), (3, 5), (4, 5), (6, 7)]","[(4, 5), (3, 5), (2, 5), (2, 6), (1, 6), (1, 7), (0, 7)]",0.4999999941666667
141,"[(0, 1), (0, 6), (2, 4), (2, 6), (3, 4), (5, 6)]","[(4, 5), (3, 5), (2, 5), (1, 5), (0, 5), (0, 6)]",0.0
142,"[(0, 6), (1, 4), (1, 6), (2, 4), (3, 4), (5, 6)]","[(3, 4), (3, 5), (2, 5), (1, 5), (0, 5), (0, 6)]",0.19999999460000012
140,"[(0, 5), (1, 3), (1, 5), (2, 3), (4, 5)]","[(2, 3), (1, 3), (0, 3), (0, 4), (0, 5)]",0.4999999937500001
143,"[(0, 1), (0, 5), (2, 3), (2, 5), (4, 5)]","[(2, 3), (2, 4), (1, 4), (0, 4), (0, 5)]",0.2499999943750001
144,"[(0, 5), (1, 3), (1, 5), (2, 3), (4, 5)]","[(2, 3), (2, 4), (1, 4), (0, 4), (0, 5)]",0.2499999943750001
145,"[(0, 5), (1, 3), (1, 5), (2, 3), (4, 5)]","[(2, 3), (2, 4), (1, 4), (0, 4), (0, 5)]",0.2499999943750001
146,"[(0, 5), (1, 3), (1, 5), (2, 3), (4, 5)]","[(2, 3), (2, 4), (1, 4), (0, 4), (0, 5)]",0.2499999943750001
148,"[(0, 5), (1, 3), (1, 5), (2, 3), (4, 5)]","[(3, 4), (3, 5), (2, 5), (1, 5), (0, 5)]",0.2499999943750001
149,"[(0, 5), (1, 3), (1, 5), (2, 3), (4, 5)]","[(2, 3), (1, 3), (0, 3), (0, 4), (0, 5)]",0.4999999937500001
151,"[(0, 11), (1, 9), (1, 11), (2, 9), (3, 4), (3, 9), (5, 6), (5, 7), (5, 9), (8, 9), (10, 11)]","[(8, 9), (7, 9), (6, 9), (5, 9), (4, 9), (3, 9), (2, 9), (1, 9), (0, 9), (0, 10), (0, 11)]",0.49999999450000004
153,"[(0, 1), (0, 2), (0, 11), (3, 9), (3, 11), (4, 6), (4, 9), (5, 6), (7, 8), (7, 9), (10, 11)]","[(8, 9), (7, 9), (6, 9), (5, 9), (4, 9), (3, 9), (2, 9), (1, 9), (0, 9), (0, 10), (0, 11)]",0.29999999470000005
152,"[(0, 8), (1, 6), (1, 8), (2, 6), (3, 6), (4, 5), (4, 6), (7, 8)]","[(5, 6), (5, 7), (4, 7), (4, 8), (3, 8), (2, 8), (1, 8), (0, 8)]",0.14285713765306143
155,"[(0, 1), (0, 2), (0, 8), (3, 6), (3, 8), (4, 6), (5, 6), (7, 8)]","[(5, 6), (4, 6), (3, 6), (2, 6), (1, 6), (0, 6), (0, 7), (0, 8)]",0.42857142295918377
154,"[(0, 2), (0, 7), (1, 2), (3, 5), (3, 7), (4, 5), (6, 7)]","[(5, 6), (5, 7), (4, 7), (3, 7), (2, 7), (1, 7), (0, 7)]",0.16666666138888903
157,"[(0, 7), (1, 2), (1, 5), (1, 7), (3, 5), (4, 5), (6, 7)]","[(4, 5), (3, 5), (2, 5), (1, 5), (1, 6), (1, 7), (0, 7)]",0.6666666605555556
159,"[(0, 2), (0, 7), (1, 2), (3, 5), (3, 7), (4, 5), (6, 7)]","[(5, 6), (4, 6), (3, 6), (2, 6), (1, 6), (0, 6), (0, 7)]",0.0
158,"[(0, 6), (1, 4), (1, 6), (2, 3), (2, 4), (5, 6)]","[(3, 4), (3, 5), (2, 5), (2, 6), (1, 6), (0, 6)]",0.19999999460000012
150,"[(0, 5), (1, 3), (1, 5), (2, 3), (4, 5)]","[(3, 4), (2, 4), (1, 4), (0, 4), (0, 5)]",0.0
156,"[(0, 5), (1, 2), (1, 3), (1, 5), (4, 5)]","[(3, 4), (2, 4), (2, 5), (1, 5), (0, 5)]",0.2499999943750001
162,"[(0, 8), (1, 6), (1, 8), (2, 6), (3, 4), (3, 6), (5, 6), (7, 8)]","[(5, 6), (4, 6), (4, 7), (3, 7), (2, 7), (1, 7), (0, 7), (0, 8)]",0.14285713765306143
164,"[(0, 8), (1, 6), (1, 8), (2, 6), (3, 5), (3, 6), (4, 5), (7, 8)]","[(5, 6), (4, 6), (4, 7), (4, 8), (3, 8), (2, 8), (1, 8), (0, 8)]",0.14285713765306143
166,"[(0, 7), (1, 5), (1, 7), (2, 5), (3, 5), (4, 5), (6, 7)]","[(5, 6), (4, 6), (4, 7), (3, 7), (2, 7), (1, 7), (0, 7)]",0.16666666138888903
167,"[(0, 7), (1, 5), (1, 7), (2, 5), (3, 4), (3, 5), (6, 7)]","[(5, 6), (4, 6), (3, 6), (2, 6), (1, 6), (0, 6), (0, 7)]",0.0
168,"[(0, 2), (0, 7), (1, 2), (3, 5), (3, 7), (4, 5), (6, 7)]","[(4, 5), (3, 5), (2, 5), (1, 5), (0, 5), (0, 6), (0, 7)]",0.3333333277777778
160,"[(0, 6), (1, 4), (1, 6), (2, 4), (3, 4), (5, 6)]","[(4, 5), (3, 5), (2, 5), (1, 5), (0, 5), (0, 6)]",0.0
161,"[(0, 6), (1, 4), (1, 6), (2, 4), (3, 4), (5, 6)]","[(4, 5), (3, 5), (2, 5), (1, 5), (0, 5), (0, 6)]",0.0
163,"[(0, 6), (1, 4), (1, 6), (2, 4), (3, 4), (5, 6)]","[(4, 5), (3, 5), (2, 5), (2, 6), (1, 6), (0, 6)]",0.19999999460000012
165,"[(0, 6), (1, 4), (1, 6), (2, 3), (2, 4), (5, 6)]","[(4, 5), (4, 6), (3, 6), (2, 6), (1, 6), (0, 6)]",0.19999999460000012
169,"[(0, 5), (1, 3), (1, 5), (2, 3), (4, 5)]","[(2, 3), (1, 3), (0, 3), (0, 4), (0, 5)]",0.4999999937500001
171,"[(0, 8), (1, 6), (1, 8), (2, 3), (2, 6), (4, 6), (5, 6), (7, 8)]","[(4, 5), (3, 5), (2, 5), (1, 5), (1, 6), (0, 6), (0, 7), (0, 8)]",0.14285713765306143
176,"[(0, 8), (1, 6), (1, 8), (2, 6), (3, 6), (4, 5), (4, 6), (7, 8)]","[(5, 6), (4, 6), (3, 6), (2, 6), (1, 6), (1, 7), (1, 8), (0, 8)]",0.7142857082653062
177,"[(0, 8), (1, 6), (1, 8), (2, 6), (3, 6), (4, 5), (4, 6), (7, 8)]","[(4, 5), (3, 5), (2, 5), (1, 5), (1, 6), (1, 7), (1, 8), (0, 8)]",0.42857142295918377
179,"[(0, 2), (0, 8), (1, 2), (3, 6), (3, 8), (4, 6), (5, 6), (7, 8)]","[(6, 7), (6, 8), (5, 8), (4, 8), (3, 8), (2, 8), (1, 8), (0, 8)]",0.14285713765306143
170,"[(0, 2), (0, 6), (1, 2), (3, 4), (3, 6), (5, 6)]","[(4, 5), (3, 5), (2, 5), (1, 5), (0, 5), (0, 6)]",0.0
172,"[(0, 1), (0, 6), (2, 4), (2, 6), (3, 4), (5, 6)]","[(4, 5), (4, 6), (3, 6), (2, 6), (1, 6), (0, 6)]",0.19999999460000012
173,"[(0, 6), (1, 2), (1, 4), (1, 6), (3, 4), (5, 6)]","[(4, 5), (3, 5), (2, 5), (1, 5), (1, 6), (0, 6)]",0.19999999460000012
174,"[(0, 5), (1, 3), (1, 5), (2, 3), (4, 5)]","[(2, 3), (2, 4), (2, 5), (1, 5), (0, 5)]",0.4999999937500001
175,"[(0, 5), (1, 3), (1, 5), (2, 3), (4, 5)]","[(3, 4), (2, 4), (2, 5), (1, 5), (0, 5)]",0.2499999943750001
178,"[(0, 5), (1, 3), (1, 5), (2, 3), (4, 5)]","[(2, 3), (1, 3), (0, 3), (0, 4), (0, 5)]",0.4999999937500001
180,"[(0, 10), (1, 8), (1, 10), (2, 8), (3, 8), (4, 8), (5, 6), (5, 8), (7, 8), (9, 10)]","[(8, 9), (8, 10), (7, 10), (6, 10), (5, 10), (4, 10), (3, 10), (2, 10), (1, 10), (0, 10)]",0.11111110598765454
186,"[(0, 2), (0, 10), (1, 2), (3, 8), (3, 10), (4, 8), (5, 6), (5, 8), (7, 8), (9, 10)]","[(8, 9), (7, 9), (6, 9), (5, 9), (4, 9), (3, 9), (3, 10), (2, 10), (1, 10), (0, 10)]",0.11111110598765454
189,"[(0, 1), (0, 2), (0, 9), (3, 7), (3, 9), (4, 6), (4, 7), (5, 6), (8, 9)]","[(6, 7), (5, 7), (4, 7), (3, 7), (2, 7), (2, 8), (1, 8), (0, 8), (0, 9)]",0.24999999468750006
182,"[(0, 1), (0, 3), (0, 8), (2, 3), (4, 6), (4, 8), (5, 6), (7, 8)]","[(3, 4), (3, 5), (2, 5), (1, 5), (0, 5), (0, 6), (0, 7), (0, 8)]",0.0
181,"[(0, 7), (1, 3), (1, 5), (1, 7), (2, 3), (4, 5), (6, 7)]","[(4, 5), (3, 5), (3, 6), (2, 6), (1, 6), (1, 7), (0, 7)]",0.3333333277777778
183,"[(0, 6), (1, 2), (1, 4), (1, 6), (3, 4), (5, 6)]","[(3, 4), (3, 5), (3, 6), (2, 6), (1, 6), (0, 6)]",0.39999999420000004
184,"[(0, 6), (1, 4), (1, 6), (2, 4), (3, 4), (5, 6)]","[(3, 4), (2, 4), (2, 5), (1, 5), (1, 6), (0, 6)]",0.5999999938
188,"[(0, 2), (0, 6), (1, 2), (3, 4), (3, 6), (5, 6)]","[(4, 5), (4, 6), (3, 6), (2, 6), (1, 6), (0, 6)]",0.19999999460000012
187,"[(0, 5), (1, 3), (1, 5), (2, 3), (4, 5)]","[(3, 4), (2, 4), (1, 4), (0, 4), (0, 5)]",0.0
185,"[(0, 4), (1, 2), (1, 4), (3, 4)]","[(2, 3), (1, 3), (1, 4), (0, 4)]",0.33333332722222225
191,"[(0, 2), (0, 9), (1, 2), (3, 7), (3, 9), (4, 7), (5, 6), (5, 7), (8, 9)]","[(6, 7), (5, 7), (4, 7), (3, 7), (2, 7), (1, 7), (0, 7), (0, 8), (0, 9)]",0.37499999453125
192,"[(0, 8), (1, 6), (1, 8), (2, 6), (3, 4), (3, 6), (5, 6), (7, 8)]","[(6, 7), (5, 7), (5, 8), (4, 8), (3, 8), (2, 8), (1, 8), (0, 8)]",0.14285713765306143
196,"[(0, 8), (1, 6), (1, 8), (2, 6), (3, 4), (3, 6), (5, 6), (7, 8)]","[(5, 6), (4, 6), (3, 6), (2, 6), (1, 6), (0, 6), (0, 7), (0, 8)]",0.5714285656122451
197,"[(0, 8), (1, 6), (1, 8), (2, 6), (3, 4), (3, 6), (5, 6), (7, 8)]","[(6, 7), (5, 7), (4, 7), (3, 7), (3, 8), (2, 8), (1, 8), (0, 8)]",0.14285713765306143
198,"[(0, 8), (1, 6), (1, 8), (2, 6), (3, 4), (3, 6), (5, 6), (7, 8)]","[(5, 6), (4, 6), (4, 7), (4, 8), (3, 8), (2, 8), (1, 8), (0, 8)]",0.28571428030612256
195,"[(0, 7), (1, 5), (1, 7), (2, 5), (3, 5), (4, 5), (6, 7)]","[(4, 5), (4, 6), (3, 6), (2, 6), (2, 7), (1, 7), (0, 7)]",0.3333333277777778
199,"[(0, 6), (1, 4), (1, 6), (2, 3), (2, 4), (5, 6)]","[(3, 4), (3, 5), (2, 5), (1, 5), (0, 5), (0, 6)]",0.0
190,"[(0, 5), (1, 3), (1, 5), (2, 3), (4, 5)]","[(2, 3), (1, 3), (0, 3), (0, 4), (0, 5)]",0.4999999937500001
194,"[(0, 5), (1, 3), (1, 5), (2, 3), (4, 5)]","[(2, 3), (1, 3), (1, 4), (0, 4), (0, 5)]",0.4999999937500001
193,"[(0, 4), (1, 2), (1, 4), (3, 4)]","[(1, 2), (0, 2), (0, 3), (0, 4)]",0.33333332722222225
203,"[(0, 12), (1, 10), (1, 12), (2, 10), (3, 4), (3, 5), (3, 10), (6, 10), (7, 10), (8, 9), (8, 10), (11, 12)]","[(9, 10), (8, 10), (7, 10), (6, 10), (5, 10), (4, 10), (3, 10), (2, 10), (1, 10), (1, 11), (1, 12), (0, 12)]",0.6363636307851239
208,"[(0, 9), (1, 2), (1, 9), (3, 9), (4, 7), (4, 9), (5, 7), (6, 7), (8, 9)]","[(7, 8), (6, 8), (5, 8), (4, 8), (3, 8), (2, 8), (1, 8), (1, 9), (0, 9)]",0.12499999484375018
204,"[(0, 8), (1, 6), (1, 8), (2, 6), (3, 4), (3, 6), (5, 6), (7, 8)]","[(5, 6), (4, 6), (3, 6), (3, 7), (2, 7), (1, 7), (0, 7), (0, 8)]",0.28571428030612256
206,"[(0, 8), (1, 2), (1, 6), (1, 8), (3, 6), (4, 6), (5, 6), (7, 8)]","[(5, 6), (4, 6), (3, 6), (2, 6), (2, 7), (1, 7), (1, 8), (0, 8)]",0.5714285656122451
209,"[(0, 8), (1, 6), (1, 8), (2, 6), (3, 4), (3, 6), (5, 6), (7, 8)]","[(5, 6), (5, 7), (4, 7), (3, 7), (2, 7), (1, 7), (1, 8), (0, 8)]",0.28571428030612256
200,"[(0, 7), (1, 5), (1, 7), (2, 5), (3, 4), (3, 5), (6, 7)]","[(5, 6), (5, 7), (4, 7), (3, 7), (2, 7), (1, 7), (0, 7)]",0.16666666138888903
201,"[(0, 2), (0, 7), (1, 2), (3, 5), (3, 7), (4, 5), (6, 7)]","[(5, 6), (4, 6), (4, 7), (3, 7), (2, 7), (1, 7), (0, 7)]",0.16666666138888903
202,"[(0, 7), (1, 5), (1, 7), (2, 3), (2, 5), (4, 5), (6, 7)]","[(4, 5), (3, 5), (2, 5), (1, 5), (0, 5), (0, 6), (0, 7)]",0.4999999941666667
207,"[(0, 6), (1, 2), (1, 4), (1, 6), (3, 4), (5, 6)]","[(3, 4), (2, 4), (1, 4), (0, 4), (0, 5), (0, 6)]",0.39999999420000004
205,"[(0, 4), (1, 2), (1, 4), (3, 4)]","[(1, 2), (0, 2), (0, 3), (0, 4)]",0.33333332722222225
211,"[(0, 8), (1, 6), (1, 8), (2, 6), (3, 4), (3, 6), (5, 6), (7, 8)]","[(6, 7), (5, 7), (5, 8), (4, 8), (3, 8), (2, 8), (1, 8), (0, 8)]",0.14285713765306143
213,"[(0, 8), (1, 6), (1, 8), (2, 5), (2, 6), (3, 5), (4, 5), (7, 8)]","[(5, 6), (4, 6), (4, 7), (3, 7), (2, 7), (1, 7), (0, 7), (0, 8)]",0.0
216,"[(0, 8), (1, 6), (1, 8), (2, 6), (3, 4), (3, 6), (5, 6), (7, 8)]","[(6, 7), (5, 7), (4, 7), (4, 8), (3, 8), (2, 8), (1, 8), (0, 8)]",0.14285713765306143
212,"[(0, 2), (0, 7), (1, 2), (3, 5), (3, 7), (4, 5), (6, 7)]","[(5, 6), (4, 6), (3, 6), (2, 6), (1, 6), (0, 6), (0, 7)]",0.0
215,"[(0, 1), (0, 2), (0, 7), (3, 5), (3, 7), (4, 5), (6, 7)]","[(1, 2), (0, 2), (0, 3), (0, 4), (0, 5), (0, 6), (0, 7)]",0.16666666138888903
214,"[(0, 6), (1, 4), (1, 6), (2, 4), (3, 4), (5, 6)]","[(4, 5), (3, 5), (2, 5), (1, 5), (0, 5), (0, 6)]",0.0
217,"[(0, 6), (1, 5), (1, 6), (2, 5), (3, 5), (4, 5)]","[(5, 6), (4, 6), (3, 6), (2, 6), (1, 6), (0, 6)]",0.19999999460000012
218,"[(0, 6), (1, 4), (1, 6), (2, 3), (2, 4), (5, 6)]","[(4, 5), (4, 6), (3, 6), (2, 6), (1, 6), (0, 6)]",0.19999999460000012
219,"[(0, 6), (1, 4), (1, 6), (2, 4), (3, 4), (5, 6)]","[(3, 4), (2, 4), (2, 5), (2, 6), (1, 6), (0, 6)]",0.5999999938
210,"[(0, 5), (1, 3), (1, 5), (2, 3), (4, 5)]","[(3, 4), (3, 5), (2, 5), (1, 5), (0, 5)]",0.2499999943750001
225,"[(0, 2), (0, 7), (1, 2), (3, 5), (3, 7), (4, 5), (6, 7)]","[(5, 6), (4, 6), (4, 7), (3, 7), (2, 7), (1, 7), (0, 7)]",0.16666666138888903
228,"[(0, 7), (1, 5), (1, 7), (2, 3), (2, 5), (4, 5), (6, 7)]","[(1, 2), (0, 2), (0, 3), (0, 4), (0, 5), (0, 6), (0, 7)]",0.0
221,"[(0, 1), (0, 6), (2, 4), (2, 6), (3, 4), (5, 6)]","[(4, 5), (3, 5), (2, 5), (1, 5), (1, 6), (0, 6)]",0.0
223,"[(0, 6), (1, 4), (1, 6), (2, 4), (3, 4), (5, 6)]","[(3, 4), (3, 5), (2, 5), (1, 5), (0, 5), (0, 6)]",0.19999999460000012
229,"[(0, 6), (1, 2), (1, 4), (1, 6), (3, 4), (5, 6)]","[(4, 5), (3, 5), (2, 5), (1, 5), (1, 6), (0, 6)]",0.19999999460000012
220,"[(0, 5), (1, 3), (1, 5), (2, 3), (4, 5)]","[(3, 4), (3, 5), (2, 5), (1, 5), (0, 5)]",0.2499999943750001
222,"[(0, 5), (1, 3), (1, 5), (2, 3), (4, 5)]","[(2, 3), (1, 3), (1, 4), (0, 4), (0, 5)]",0.4999999937500001
224,"[(0, 5), (1, 3), (1, 5), (2, 3), (4, 5)]","[(2, 3), (1, 3), (0, 3), (0, 4), (0, 5)]",0.4999999937500001
227,"[(0, 1), (0, 5), (2, 3), (2, 5), (4, 5)]","[(3, 4), (2, 4), (1, 4), (0, 4), (0, 5)]",0.0
226,"[(0, 4), (1, 2), (1, 4), (3, 4)]","[(2, 3), (1, 3), (0, 3), (0, 4)]",0.0
239,"[(0, 1), (0, 2), (0, 10), (3, 8), (3, 10), (4, 8), (5, 7), (5, 8), (6, 7), (9, 10)]","[(7, 8), (6, 8), (5, 8), (4, 8), (3, 8), (3, 9), (2, 9), (2, 10), (1, 10), (0, 10)]",0.333333327962963
231,"[(0, 2), (0, 7), (1, 2), (3, 5), (3, 7), (4, 5), (6, 7)]","[(5, 6), (4, 6), (4, 7), (3, 7), (2, 7), (1, 7), (0, 7)]",0.16666666138888903
234,"[(0, 7), (1, 5), (1, 7), (2, 4), (2, 5), (3, 4), (6, 7)]","[(4, 5), (4, 6), (4, 7), (3, 7), (2, 7), (1, 7), (0, 7)]",0.16666666138888903
237,"[(0, 2), (0, 7), (1, 2), (3, 5), (3, 7), (4, 5), (6, 7)]","[(5, 6), (4, 6), (4, 7), (3, 7), (2, 7), (1, 7), (0, 7)]",0.16666666138888903
238,"[(0, 7), (1, 5), (1, 7), (2, 5), (3, 4), (3, 5), (6, 7)]","[(4, 5), (3, 5), (2, 5), (1, 5), (1, 6), (0, 6), (0, 7)]",0.4999999941666667
236,"[(0, 1), (0, 6), (2, 4), (2, 6), (3, 4), (5, 6)]","[(4, 5), (3, 5), (2, 5), (1, 5), (0, 5), (0, 6)]",0.0
232,"[(0, 5), (1, 2), (1, 3), (1, 5), (4, 5)]","[(2, 3), (2, 4), (2, 5), (1, 5), (0, 5)]",0.2499999943750001
233,"[(0, 5), (1, 3), (1, 5), (2, 3), (4, 5)]","[(2, 3), (1, 3), (0, 3), (0, 4), (0, 5)]",0.4999999937500001
235,"[(0, 5), (1, 4), (1, 5), (2, 4), (3, 4)]","[(4, 5), (3, 5), (2, 5), (1, 5), (0, 5)]",0.2499999943750001
230,"[(0, 4), (1, 2), (1, 4), (3, 4)]","[(2, 3), (1, 3), (1, 4), (0, 4)]",0.33333332722222225
243,"[(0, 7), (1, 5), (1, 7), (2, 5), (3, 4), (3, 5), (6, 7)]","[(5, 6), (4, 6), (3, 6), (2, 6), (1, 6), (1, 7), (0, 7)]",0.16666666138888903
244,"[(0, 7), (1, 5), (1, 7), (2, 5), (3, 4), (3, 5), (6, 7)]","[(4, 5), (3, 5), (2, 5), (1, 5), (0, 5), (0, 6), (0, 7)]",0.4999999941666667
246,"[(0, 7), (1, 5), (1, 7), (2, 5), (3, 4), (3, 5), (6, 7)]","[(5, 6), (4, 6), (3, 6), (2, 6), (1, 6), (0, 6), (0, 7)]",0.0
240,"[(0, 6), (1, 3), (1, 4), (1, 6), (2, 3), (5, 6)]","[(4, 5), (3, 5), (2, 5), (1, 5), (1, 6), (0, 6)]",0.19999999460000012
241,"[(0, 6), (1, 4), (1, 6), (2, 3), (2, 4), (5, 6)]","[(4, 5), (3, 5), (2, 5), (1, 5), (1, 6), (0, 6)]",0.19999999460000012
242,"[(0, 6), (1, 4), (1, 6), (2, 4), (3, 4), (5, 6)]","[(3, 4), (3, 5), (3, 6), (2, 6), (1, 6), (0, 6)]",0.39999999420000004
245,"[(0, 6), (1, 4), (1, 6), (2, 4), (3, 4), (5, 6)]","[(3, 4), (3, 5), (2, 5), (1, 5), (0, 5), (0, 6)]",0.19999999460000012
247,"[(0, 6), (1, 4), (1, 6), (2, 4), (3, 4), (5, 6)]","[(3, 4), (3, 5), (3, 6), (2, 6), (1, 6), (0, 6)]",0.39999999420000004
249,"[(0, 6), (1, 4), (1, 6), (2, 3), (2, 4), (5, 6)]","[(3, 4), (2, 4), (2, 5), (2, 6), (1, 6), (0, 6)]",0.39999999420000004
248,"[(0, 5), (1, 3), (1, 5), (2, 3), (4, 5)]","[(2, 3), (2, 4), (2, 5), (1, 5), (0, 5)]",0.4999999937500001
251,"[(0, 8), (1, 6), (1, 8), (2, 6), (3, 6), (4, 6), (5, 6), (7, 8)]","[(6, 7), (5, 7), (4, 7), (3, 7), (2, 7), (1, 7), (1, 8), (0, 8)]",0.14285713765306143
256,"[(0, 8), (1, 6), (1, 8), (2, 3), (2, 6), (4, 5), (4, 6), (7, 8)]","[(5, 6), (4, 6), (3, 6), (3, 7), (2, 7), (1, 7), (0, 7), (0, 8)]",0.14285713765306143
252,"[(0, 6), (1, 4), (1, 6), (2, 3), (2, 4), (5, 6)]","[(4, 5), (3, 5), (2, 5), (1, 5), (1, 6), (0, 6)]",0.19999999460000012
253,"[(0, 6), (1, 4), (1, 6), (2, 4), (3, 4), (5, 6)]","[(3, 4), (2, 4), (1, 4), (0, 4), (0, 5), (0, 6)]",0.5999999938
254,"[(0, 1), (0, 6), (2, 4), (2, 6), (3, 4), (5, 6)]","[(3, 4), (2, 4), (1, 4), (0, 4), (0, 5), (0, 6)]",0.39999999420000004
257,"[(0, 6), (1, 4), (1, 6), (2, 3), (2, 4), (5, 6)]","[(3, 4), (2, 4), (1, 4), (0, 4), (0, 5), (0, 6)]",0.39999999420000004
258,"[(0, 6), (1, 4), (1, 6), (2, 3), (2, 4), (5, 6)]","[(4, 5), (3, 5), (2, 5), (1, 5), (1, 6), (0, 6)]",0.19999999460000012
250,"[(0, 5), (1, 3), (1, 5), (2, 3), (4, 5)]","[(2, 3), (2, 4), (2, 5), (1, 5), (0, 5)]",0.4999999937500001
255,"[(0, 5), (1, 3), (1, 5), (2, 3), (4, 5)]","[(2, 3), (1, 3), (0, 3), (0, 4), (0, 5)]",0.4999999937500001
259,"[(0, 5), (1, 3), (1, 5), (2, 3), (4, 5)]","[(3, 4), (2, 4), (1, 4), (0, 4), (0, 5)]",0.0
262,"[(0, 1), (0, 2), (0, 11), (3, 9), (3, 11), (4, 9), (5, 7), (5, 8), (5, 9), (6, 7), (10, 11)]","[(8, 9), (7, 9), (6, 9), (5, 9), (4, 9), (3, 9), (2, 9), (1, 9), (0, 9), (0, 10), (0, 11)]",0.29999999470000005
263,"[(0, 7), (1, 5), (1, 7), (2, 5), (3, 4), (3, 5), (6, 7)]","[(5, 6), (4, 6), (3, 6), (2, 6), (1, 6), (0, 6), (0, 7)]",0.0
265,"[(0, 7), (1, 3), (1, 5), (1, 7), (2, 3), (4, 5), (6, 7)]","[(4, 5), (3, 5), (2, 5), (1, 5), (0, 5), (0, 6), (0, 7)]",0.3333333277777778
266,"[(0, 2), (0, 7), (1, 2), (3, 5), (3, 7), (4, 5), (6, 7)]","[(3, 4), (2, 4), (1, 4), (1, 5), (0, 5), (0, 6), (0, 7)]",0.0
268,"[(0, 7), (1, 5), (1, 7), (2, 5), (3, 4), (3, 5), (6, 7)]","[(5, 6), (5, 7), (4, 7), (3, 7), (2, 7), (1, 7), (0, 7)]",0.16666666138888903
264,"[(0, 6), (1, 3), (1, 4), (1, 6), (2, 3), (5, 6)]","[(3, 4), (2, 4), (1, 4), (1, 5), (1, 6), (0, 6)]",0.39999999420000004
267,"[(0, 6), (1, 4), (1, 6), (2, 4), (3, 4), (5, 6)]","[(3, 4), (3, 5), (2, 5), (1, 5), (0, 5), (0, 6)]",0.19999999460000012
261,"[(0, 5), (1, 3), (1, 5), (2, 3), (4, 5)]","[(2, 3), (1, 3), (1, 4), (0, 4), (0, 5)]",0.4999999937500001
269,"[(0, 5), (1, 3), (1, 5), (2, 3), (4, 5)]","[(2, 3), (1, 3), (1, 4), (0, 4), (0, 5)]",0.4999999937500001
260,"[(0, 4), (1, 2), (1, 4), (3, 4)]","[(2, 3), (1, 3), (1, 4), (0, 4)]",0.33333332722222225
272,"[(0, 1), (0, 2), (0, 11), (3, 9), (3, 11), (4, 9), (5, 7), (5, 8), (5, 9), (6, 7), (10, 11)]","[(9, 10), (8, 10), (7, 10), (6, 10), (5, 10), (4, 10), (3, 10), (2, 10), (1, 10), (0, 10), (0, 11)]",0.0
274,"[(0, 9), (1, 7), (1, 9), (2, 3), (2, 7), (4, 7), (5, 6), (5, 7), (8, 9)]","[(6, 7), (6, 8), (5, 8), (4, 8), (3, 8), (2, 8), (1, 8), (0, 8), (0, 9)]",0.0
270,"[(0, 8), (1, 4), (1, 6), (1, 8), (2, 4), (3, 4), (5, 6), (7, 8)]","[(5, 6), (5, 7), (4, 7), (3, 7), (2, 7), (1, 7), (0, 7), (0, 8)]",0.14285713765306143
273,"[(0, 7), (1, 5), (1, 7), (2, 5), (3, 4), (3, 5), (6, 7)]","[(4, 5), (3, 5), (2, 5), (1, 5), (0, 5), (0, 6), (0, 7)]",0.4999999941666667
279,"[(0, 7), (1, 5), (1, 7), (2, 5), (3, 4), (3, 5), (6, 7)]","[(4, 5), (3, 5), (2, 5), (1, 5), (0, 5), (0, 6), (0, 7)]",0.4999999941666667
275,"[(0, 6), (1, 4), (1, 6), (2, 4), (3, 4), (5, 6)]","[(3, 4), (3, 5), (3, 6), (2, 6), (1, 6), (0, 6)]",0.39999999420000004
271,"[(0, 5), (1, 3), (1, 5), (2, 3), (4, 5)]","[(2, 3), (2, 4), (1, 4), (0, 4), (0, 5)]",0.2499999943750001
276,"[(0, 5), (1, 3), (1, 5), (2, 3), (4, 5)]","[(3, 4), (3, 5), (2, 5), (1, 5), (0, 5)]",0.2499999943750001
277,"[(0, 5), (1, 3), (1, 5), (2, 3), (4, 5)]","[(3, 4), (3, 5), (2, 5), (1, 5), (0, 5)]",0.2499999943750001
278,"[(0, 1), (0, 5), (2, 3), (2, 5), (4, 5)]","[(3, 4), (3, 5), (2, 5), (1, 5), (0, 5)]",0.2499999943750001
287,"[(0, 10), (1, 8), (1, 10), (2, 8), (3, 4), (3, 8), (5, 6), (5, 7), (5, 8), (9, 10)]","[(7, 8), (7, 9), (6, 9), (6, 10), (5, 10), (4, 10), (3, 10), (2, 10), (1, 10), (0, 10)]",0.11111110598765454
281,"[(0, 1), (0, 2), (0, 8), (3, 6), (3, 8), (4, 6), (5, 6), (7, 8)]","[(6, 7), (6, 8), (5, 8), (4, 8), (3, 8), (2, 8), (1, 8), (0, 8)]",0.14285713765306143
282,"[(0, 8), (1, 6), (1, 8), (2, 6), (3, 4), (3, 6), (5, 6), (7, 8)]","[(6, 7), (5, 7), (4, 7), (3, 7), (2, 7), (1, 7), (0, 7), (0, 8)]",0.0
284,"[(0, 7), (1, 5), (1, 7), (2, 3), (2, 5), (4, 5), (6, 7)]","[(5, 6), (4, 6), (4, 7), (3, 7), (2, 7), (1, 7), (0, 7)]",0.16666666138888903
286,"[(0, 7), (1, 5), (1, 7), (2, 5), (3, 4), (3, 5), (6, 7)]","[(5, 6), (4, 6), (3, 6), (2, 6), (1, 6), (1, 7), (0, 7)]",0.16666666138888903
288,"[(0, 7), (1, 2), (1, 4), (1, 7), (3, 4), (5, 7), (6, 7)]","[(4, 5), (3, 5), (2, 5), (1, 5), (1, 6), (1, 7), (0, 7)]",0.16666666138888903
283,"[(0, 6), (1, 4), (1, 6), (2, 4), (3, 4), (5, 6)]","[(3, 4), (2, 4), (1, 4), (0, 4), (0, 5), (0, 6)]",0.5999999938
280,"[(0, 5), (1, 3), (1, 5), (2, 3), (4, 5)]","[(3, 4), (3, 5), (2, 5), (1, 5), (0, 5)]",0.2499999943750001
285,"[(0, 5), (1, 3), (1, 5), (2, 3), (4, 5)]","[(3, 4), (2, 4), (1, 4), (0, 4), (0, 5)]",0.0
289,"[(0, 5), (1, 2), (1, 3), (1, 5), (4, 5)]","[(2, 3), (1, 3), (1, 4), (0, 4), (0, 5)]",0.2499999943750001
299,"[(0, 2), (0, 3), (0, 8), (1, 2), (4, 6), (4, 8), (5, 6), (7, 8)]","[(5, 6), (5, 7), (4, 7), (3, 7), (2, 7), (1, 7), (1, 8), (0, 8)]",0.14285713765306143
294,"[(0, 7), (1, 5), (1, 7), (2, 3), (2, 5), (4, 5), (6, 7)]","[(5, 6), (4, 6), (3, 6), (2, 6), (1, 6), (0, 6), (0, 7)]",0.0
297,"[(0, 7), (1, 5), (1, 7), (2, 5), (3, 4), (3, 5), (6, 7)]","[(4, 5), (4, 6), (3, 6), (2, 6), (1, 6), (0, 6), (0, 7)]",0.0
293,"[(0, 6), (1, 4), (1, 6), (2, 4), (3, 4), (5, 6)]","[(2, 3), (2, 4), (2, 5), (2, 6), (1, 6), (0, 6)]",0.39999999420000004
298,"[(0, 6), (1, 4), (1, 6), (2, 4), (3, 4), (5, 6)]","[(4, 5), (3, 5), (2, 5), (1, 5), (0, 5), (0, 6)]",0.0
290,"[(0, 5), (1, 3), (1, 5), (2, 3), (4, 5)]","[(3, 4), (3, 5), (2, 5), (1, 5), (0, 5)]",0.2499999943750001
291,"[(0, 5), (1, 3), (1, 5), (2, 3), (4, 5)]","[(2, 3), (1, 3), (0, 3), (0, 4), (0, 5)]",0.4999999937500001
292,"[(0, 1), (0, 5), (2, 3), (2, 5), (4, 5)]","[(2, 3), (1, 3), (0, 3), (0, 4), (0, 5)]",0.2499999943750001
295,"[(0, 5), (1, 3), (1, 5), (2, 3), (4, 5)]","[(2, 3), (1, 3), (1, 4), (0, 4), (0, 5)]",0.4999999937500001
296,"[(0, 5), (1, 3), (1, 5), (2, 3), (4, 5)]","[(3, 4), (3, 5), (2, 5), (1, 5), (0, 5)]",0.2499999943750001
308,"[(0, 2), (0, 8), (1, 2), (3, 6), (3, 8), (4, 5), (4, 6), (7, 8)]","[(6, 7), (5, 7), (4, 7), (3, 7), (3, 8), (2, 8), (1, 8), (0, 8)]",0.14285713765306143
300,"[(0, 7), (1, 5), (1, 7), (2, 5), (3, 5), (4, 5), (6, 7)]","[(3, 4), (2, 4), (1, 4), (1, 5), (1, 6), (1, 7), (0, 7)]",0.3333333277777778
303,"[(0, 7), (1, 5), (1, 7), (2, 5), (3, 4), (3, 5), (6, 7)]","[(5, 6), (4, 6), (3, 6), (2, 6), (1, 6), (0, 6), (0, 7)]",0.0
307,"[(0, 7), (1, 5), (1, 7), (2, 3), (2, 4), (2, 5), (6, 7)]","[(4, 5), (3, 5), (2, 5), (2, 6), (1, 6), (0, 6), (0, 7)]",0.16666666138888903
304,"[(0, 6), (1, 4), (1, 6), (2, 4), (3, 4), (5, 6)]","[(3, 4), (2, 4), (1, 4), (0, 4), (0, 5), (0, 6)]",0.5999999938
306,"[(0, 6), (1, 4), (1, 6), (2, 4), (3, 4), (5, 6)]","[(1, 2), (0, 2), (0, 3), (0, 4), (0, 5), (0, 6)]",0.0
309,"[(0, 6), (1, 4), (1, 6), (2, 4), (3, 4), (5, 6)]","[(3, 4), (2, 4), (1, 4), (1, 5), (0, 5), (0, 6)]",0.5999999938
301,"[(0, 5), (1, 3), (1, 5), (2, 3), (4, 5)]","[(2, 3), (1, 3), (1, 4), (0, 4), (0, 5)]",0.4999999937500001
305,"[(0, 5), (1, 3), (1, 5), (2, 3), (4, 5)]","[(3, 4), (3, 5), (2, 5), (1, 5), (0, 5)]",0.2499999943750001
302,"[(0, 4), (1, 2), (1, 4), (3, 4)]","[(0, 1), (0, 2), (0, 3), (0, 4)]",0.0
319,"[(0, 1), (0, 10), (2, 8), (2, 10), (3, 4), (3, 8), (5, 7), (5, 8), (6, 7), (9, 10)]","[(8, 9), (7, 9), (6, 9), (5, 9), (4, 9), (3, 9), (2, 9), (1, 9), (0, 9), (0, 10)]",0.0
310,"[(0, 7), (1, 5), (1, 7), (2, 5), (3, 5), (4, 5), (6, 7)]","[(4, 5), (4, 6), (3, 6), (2, 6), (2, 7), (1, 7), (0, 7)]",0.3333333277777778
312,"[(0, 7), (1, 5), (1, 7), (2, 5), (3, 5), (4, 5), (6, 7)]","[(4, 5), (4, 6), (3, 6), (3, 7), (2, 7), (1, 7), (0, 7)]",0.3333333277777778
314,"[(0, 7), (1, 5), (1, 7), (2, 5), (3, 5), (4, 5), (6, 7)]","[(4, 5), (3, 5), (3, 6), (2, 6), (1, 6), (1, 7), (0, 7)]",0.4999999941666667
315,"[(0, 7), (1, 5), (1, 7), (2, 5), (3, 5), (4, 5), (6, 7)]","[(3, 4), (3, 5), (3, 6), (3, 7), (2, 7), (1, 7), (0, 7)]",0.3333333277777778
311,"[(0, 1), (0, 6), (2, 4), (2, 6), (3, 4), (5, 6)]","[(2, 3), (1, 3), (1, 4), (1, 5), (1, 6), (0, 6)]",0.0
313,"[(0, 6), (1, 4), (1, 6), (2, 4), (3, 4), (5, 6)]","[(4, 5), (4, 6), (3, 6), (2, 6), (1, 6), (0, 6)]",0.19999999460000012
318,"[(0, 2), (0, 6), (1, 2), (3, 4), (3, 6), (5, 6)]","[(3, 4), (3, 5), (3, 6), (2, 6), (1, 6), (0, 6)]",0.39999999420000004
316,"[(0, 5), (1, 3), (1, 5), (2, 3), (4, 5)]","[(3, 4), (2, 4), (1, 4), (0, 4), (0, 5)]",0.0
317,"[(0, 5), (1, 3), (1, 5), (2, 3), (4, 5)]","[(2, 3), (2, 4), (1, 4), (0, 4), (0, 5)]",0.2499999943750001
326,"[(0, 6), (0, 13), (1, 6), (2, 6), (3, 6), (4, 6), (5, 6), (7, 13), (8, 11), (8, 13), (9, 11), (10, 11), (12, 13)]","[(10, 11), (10, 12), (9, 12), (8, 12), (7, 12), (6, 12), (5, 12), (4, 12), (3, 12), (3, 13), (2, 13), (1, 13), (0, 13)]",0.08333332826388919
328,"[(0, 9), (1, 7), (1, 9), (2, 7), (3, 7), (4, 7), (5, 6), (5, 7), (8, 9)]","[(6, 7), (5, 7), (4, 7), (3, 7), (2, 7), (1, 7), (1, 8), (0, 8), (0, 9)]",0.6249999942187501
322,"[(0, 7), (1, 5), (1, 7), (2, 4), (2, 5), (3, 4), (6, 7)]","[(5, 6), (5, 7), (4, 7), (3, 7), (2, 7), (1, 7), (0, 7)]",0.16666666138888903
324,"[(0, 1), (0, 7), (2, 5), (2, 7), (3, 5), (4, 5), (6, 7)]","[(4, 5), (4, 6), (4, 7), (3, 7), (2, 7), (1, 7), (0, 7)]",0.3333333277777778
321,"[(0, 6), (1, 4), (1, 6), (2, 4), (3, 4), (5, 6)]","[(2, 3), (1, 3), (1, 4), (1, 5), (1, 6), (0, 6)]",0.39999999420000004
323,"[(0, 6), (1, 2), (1, 4), (1, 6), (3, 4), (5, 6)]","[(3, 4), (3, 5), (2, 5), (1, 5), (0, 5), (0, 6)]",0.19999999460000012
327,"[(0, 6), (1, 4), (1, 6), (2, 4), (3, 4), (5, 6)]","[(3, 4), (2, 4), (2, 5), (1, 5), (1, 6), (0, 6)]",0.5999999938
325,"[(0, 5), (1, 2), (1, 3), (1, 5), (4, 5)]","[(2, 3), (1, 3), (1, 4), (0, 4), (0, 5)]",0.2499999943750001
320,"[(0, 4), (1, 2), (1, 4), (3, 4)]","[(2, 3), (1, 3), (0, 3), (0, 4)]",0.0
329,"[(0, 4), (1, 2), (1, 4), (3, 4)]","[(1, 2), (0, 2), (0, 3), (0, 4)]",0.33333332722222225
336,"[(0, 9), (1, 3), (1, 7), (1, 9), (2, 3), (4, 7), (5, 7), (6, 7), (8, 9)]","[(6, 7), (6, 8), (5, 8), (4, 8), (3, 8), (2, 8), (1, 8), (0, 8), (0, 9)]",0.12499999484375018
338,"[(0, 1), (0, 9), (2, 3), (2, 4), (2, 5), (2, 7), (2, 9), (6, 7), (8, 9)]","[(6, 7), (5, 7), (4, 7), (3, 7), (2, 7), (2, 8), (1, 8), (0, 8), (0, 9)]",0.24999999468750006
339,"[(0, 9), (1, 2), (1, 9), (3, 7), (3, 9), (4, 7), (5, 7), (6, 7), (8, 9)]","[(7, 8), (6, 8), (5, 8), (4, 8), (3, 8), (2, 8), (1, 8), (1, 9), (0, 9)]",0.12499999484375018
337,"[(0, 8), (1, 6), (1, 8), (2, 6), (3, 5), (3, 6), (4, 5), (7, 8)]","[(6, 7), (5, 7), (5, 8), (4, 8), (3, 8), (2, 8), (1, 8), (0, 8)]",0.14285713765306143
331,"[(0, 5), (0, 7), (1, 2), (1, 3), (1, 5), (4, 5), (6, 7)]","[(4, 5), (4, 6), (3, 6), (3, 7), (2, 7), (1, 7), (0, 7)]",0.16666666138888903
332,"[(0, 7), (1, 5), (1, 7), (2, 5), (3, 4), (3, 5), (6, 7)]","[(5, 6), (5, 7), (4, 7), (3, 7), (2, 7), (1, 7), (0, 7)]",0.16666666138888903
335,"[(0, 7), (1, 5), (1, 7), (2, 5), (3, 4), (3, 5), (6, 7)]","[(4, 5), (3, 5), (3, 6), (2, 6), (1, 6), (0, 6), (0, 7)]",0.16666666138888903
334,"[(0, 6), (1, 4), (1, 6), (2, 4), (3, 4), (5, 6)]","[(4, 5), (4, 6), (3, 6), (2, 6), (1, 6), (0, 6)]",0.19999999460000012
333,"[(0, 5), (1, 3), (1, 5), (2, 3), (4, 5)]","[(2, 3), (1, 3), (1, 4), (0, 4), (0, 5)]",0.4999999937500001
330,"[(0, 4), (1, 2), (1, 4), (3, 4)]","[(2, 3), (2, 4), (1, 4), (0, 4)]",0.33333332722222225
343,"[(0, 10), (1, 5), (1, 8), (1, 10), (2, 3), (2, 5), (4, 5), (6, 8), (7, 8), (9, 10)]","[(7, 8), (6, 8), (5, 8), (4, 8), (3, 8), (2, 8), (1, 8), (1, 9), (0, 9), (0, 10)]",0.333333327962963
342,"[(0, 9), (1, 7), (1, 9), (2, 7), (3, 4), (3, 7), (5, 6), (5, 7), (8, 9)]","[(7, 8), (6, 8), (5, 8), (4, 8), (4, 9), (3, 9), (2, 9), (1, 9), (0, 9)]",0.12499999484375018
348,"[(0, 7), (1, 2), (1, 5), (1, 7), (3, 5), (4, 5), (6, 7)]","[(4, 5), (3, 5), (3, 6), (2, 6), (1, 6), (0, 6), (0, 7)]",0.3333333277777778
340,"[(0, 6), (1, 4), (1, 6), (2, 4), (3, 4), (5, 6)]","[(3, 4), (3, 5), (2, 5), (1, 5), (0, 5), (0, 6)]",0.19999999460000012
341,"[(0, 6), (1, 4), (1, 6), (2, 4), (3, 4), (5, 6)]","[(4, 5), (3, 5), (2, 5), (1, 5), (0, 5), (0, 6)]",0.0
344,"[(0, 1), (0, 2), (0, 6), (3, 4), (3, 6), (5, 6)]","[(3, 4), (2, 4), (1, 4), (1, 5), (0, 5), (0, 6)]",0.19999999460000012
347,"[(0, 4), (0, 6), (1, 4), (2, 3), (2, 4), (5, 6)]","[(4, 5), (3, 5), (2, 5), (1, 5), (0, 5), (0, 6)]",0.0
345,"[(0, 1), (0, 5), (2, 3), (2, 5), (4, 5)]","[(2, 3), (1, 3), (0, 3), (0, 4), (0, 5)]",0.2499999943750001
346,"[(0, 5), (1, 3), (1, 5), (2, 3), (4, 5)]","[(2, 3), (2, 4), (1, 4), (0, 4), (0, 5)]",0.2499999943750001
349,"[(0, 5), (1, 3), (1, 5), (2, 3), (4, 5)]","[(2, 3), (1, 3), (1, 4), (0, 4), (0, 5)]",0.4999999937500001
355,"[(0, 8), (1, 3), (1, 6), (1, 8), (2, 3), (4, 6), (5, 6), (7, 8)]","[(5, 6), (4, 6), (4, 7), (3, 7), (2, 7), (1, 7), (0, 7), (0, 8)]",0.28571428030612256
354,"[(0, 7), (1, 5), (1, 7), (2, 5), (3, 4), (3, 5), (6, 7)]","[(5, 6), (4, 6), (4, 7), (3, 7), (2, 7), (1, 7), (0, 7)]",0.16666666138888903
356,"[(0, 7), (1, 5), (1, 7), (2, 5), (3, 4), (3, 5), (6, 7)]","[(5, 6), (5, 7), (4, 7), (3, 7), (2, 7), (1, 7), (0, 7)]",0.16666666138888903
358,"[(0, 7), (1, 5), (1, 7), (2, 5), (3, 4), (3, 5), (6, 7)]","[(5, 6), (4, 6), (3, 6), (2, 6), (1, 6), (0, 6), (0, 7)]",0.0
352,"[(0, 6), (1, 4), (1, 6), (2, 4), (3, 4), (5, 6)]","[(4, 5), (4, 6), (3, 6), (2, 6), (1, 6), (0, 6)]",0.19999999460000012
357,"[(0, 6), (1, 4), (1, 6), (2, 3), (2, 4), (5, 6)]","[(4, 5), (3, 5), (2, 5), (1, 5), (0, 5), (0, 6)]",0.0
350,"[(0, 5), (1, 3), (1, 5), (2, 3), (4, 5)]","[(1, 2), (0, 2), (0, 3), (0, 4), (0, 5)]",0.0
351,"[(0, 1), (0, 5), (2, 3), (2, 5), (4, 5)]","[(3, 4), (2, 4), (1, 4), (0, 4), (0, 5)]",0.0
353,"[(0, 5), (1, 3), (1, 5), (2, 3), (4, 5)]","[(2, 3), (2, 4), (1, 4), (0, 4), (0, 5)]",0.2499999943750001
359,"[(0, 5), (1, 3), (1, 5), (2, 3), (4, 5)]","[(2, 3), (2, 4), (1, 4), (1, 5), (0, 5)]",0.4999999937500001
362,"[(0, 2), (0, 11), (1, 2), (3, 9), (3, 11), (4, 9), (5, 6), (5, 9), (7, 9), (8, 9), (10, 11)]","[(9, 10), (8, 10), (7, 10), (6, 10), (5, 10), (4, 10), (3, 10), (2, 10), (1, 10), (1, 11), (0, 11)]",0.0
366,"[(0, 7), (1, 5), (1, 7), (2, 5), (3, 4), (3, 5), (6, 7)]","[(5, 6), (4, 6), (3, 6), (2, 6), (1, 6), (1, 7), (0, 7)]",0.16666666138888903
360,"[(0, 6), (1, 4), (1, 6), (2, 4), (3, 4), (5, 6)]","[(2, 3), (2, 4), (1, 4), (0, 4), (0, 5), (0, 6)]",0.39999999420000004
367,"[(0, 6), (1, 4), (1, 6), (2, 4), (3, 4), (5, 6)]","[(3, 4), (2, 4), (1, 4), (1, 5), (1, 6), (0, 6)]",0.7999999934
368,"[(0, 6), (1, 3), (1, 4), (1, 6), (2, 3), (5, 6)]","[(3, 4), (2, 4), (1, 4), (0, 4), (0, 5), (0, 6)]",0.19999999460000012
363,"[(0, 5), (1, 3), (1, 5), (2, 3), (4, 5)]","[(2, 3), (1, 3), (0, 3), (0, 4), (0, 5)]",0.4999999937500001
364,"[(0, 5), (1, 3), (1, 5), (2, 3), (4, 5)]","[(3, 4), (3, 5), (2, 5), (1, 5), (0, 5)]",0.2499999943750001
369,"[(0, 5), (1, 3), (1, 5), (2, 3), (4, 5)]","[(2, 3), (1, 3), (0, 3), (0, 4), (0, 5)]",0.4999999937500001
361,"[(0, 4), (1, 2), (1, 4), (3, 4)]","[(1, 2), (1, 3), (1, 4), (0, 4)]",0.6666666594444445
365,"[(0, 4), (1, 2), (1, 4), (3, 4)]","[(2, 3), (1, 3), (0, 3), (0, 4)]",0.0
374,"[(0, 9), (1, 7), (1, 9), (2, 7), (3, 7), (4, 6), (4, 7), (5, 6), (8, 9)]","[(7, 8), (6, 8), (5, 8), (4, 8), (3, 8), (2, 8), (1, 8), (0, 8), (0, 9)]",0.0
376,"[(0, 9), (1, 7), (1, 9), (2, 7), (3, 7), (4, 6), (4, 7), (5, 6), (8, 9)]","[(7, 8), (7, 9), (6, 9), (5, 9), (4, 9), (3, 9), (2, 9), (1, 9), (0, 9)]",0.12499999484375018
370,"[(0, 7), (1, 5), (1, 7), (2, 5), (3, 4), (3, 5), (6, 7)]","[(5, 6), (4, 6), (3, 6), (3, 7), (2, 7), (1, 7), (0, 7)]",0.16666666138888903
372,"[(0, 7), (1, 5), (1, 7), (2, 5), (3, 5), (4, 5), (6, 7)]","[(4, 5), (3, 5), (2, 5), (1, 5), (0, 5), (0, 6), (0, 7)]",0.6666666605555556
373,"[(0, 7), (1, 5), (1, 7), (2, 5), (3, 4), (3, 5), (6, 7)]","[(5, 6), (4, 6), (3, 6), (2, 6), (1, 6), (0, 6), (0, 7)]",0.0
377,"[(0, 7), (1, 5), (1, 7), (2, 5), (3, 4), (3, 5), (6, 7)]","[(4, 5), (3, 5), (2, 5), (1, 5), (1, 6), (1, 7), (0, 7)]",0.6666666605555556
379,"[(0, 2), (0, 7), (1, 2), (3, 5), (3, 7), (4, 5), (6, 7)]","[(4, 5), (3, 5), (2, 5), (1, 5), (0, 5), (0, 6), (0, 7)]",0.3333333277777778
378,"[(0, 2), (0, 6), (1, 2), (3, 4), (3, 6), (5, 6)]","[(4, 5), (4, 6), (3, 6), (2, 6), (1, 6), (0, 6)]",0.19999999460000012
371,"[(0, 5), (1, 3), (1, 5), (2, 3), (4, 5)]","[(2, 3), (2, 4), (2, 5), (1, 5), (0, 5)]",0.4999999937500001
375,"[(0, 2), (0, 5), (1, 2), (3, 5), (4, 5)]","[(3, 4), (3, 5), (2, 5), (1, 5), (0, 5)]",0.2499999943750001
383,"[(0, 9), (0, 11), (1, 5), (1, 9), (2, 3), (2, 5), (4, 5), (6, 9), (7, 9), (8, 9), (10, 11)]","[(8, 9), (7, 9), (6, 9), (5, 9), (4, 9), (3, 9), (2, 9), (1, 9), (0, 9), (0, 10), (0, 11)]",0.49999999450000004
382,"[(0, 2), (0, 7), (1, 2), (3, 5), (3, 7), (4, 5), (6, 7)]","[(4, 5), (3, 5), (3, 6), (3, 7), (2, 7), (1, 7), (0, 7)]",0.4999999941666667
384,"[(0, 7), (1, 5), (1, 7), (2, 5), (3, 4), (3, 5), (6, 7)]","[(5, 6), (4, 6), (4, 7), (3, 7), (2, 7), (1, 7), (0, 7)]",0.16666666138888903
385,"[(0, 7), (1, 5), (1, 7), (2, 5), (3, 5), (4, 5), (6, 7)]","[(4, 5), (3, 5), (2, 5), (1, 5), (1, 6), (1, 7), (0, 7)]",0.8333333269444445
388,"[(0, 7), (1, 5), (1, 7), (2, 5), (3, 5), (4, 5), (6, 7)]","[(3, 4), (2, 4), (1, 4), (1, 5), (0, 5), (0, 6), (0, 7)]",0.16666666138888903
380,"[(0, 6), (1, 4), (1, 6), (2, 4), (3, 4), (5, 6)]","[(4, 5), (3, 5), (3, 6), (2, 6), (1, 6), (0, 6)]",0.19999999460000012
387,"[(0, 6), (1, 4), (1, 6), (2, 4), (3, 4), (5, 6)]","[(3, 4), (3, 5), (3, 6), (2, 6), (1, 6), (0, 6)]",0.39999999420000004
389,"[(0, 6), (1, 4), (1, 6), (2, 3), (2, 4), (5, 6)]","[(3, 4), (2, 4), (1, 4), (1, 5), (1, 6), (0, 6)]",0.5999999938
381,"[(0, 5), (1, 3), (1, 5), (2, 3), (4, 5)]","[(3, 4), (3, 5), (2, 5), (1, 5), (0, 5)]",0.2499999943750001
386,"[(0, 5), (1, 3), (1, 5), (2, 3), (4, 5)]","[(2, 3), (1, 3), (0, 3), (0, 4), (0, 5)]",0.4999999937500001
390,"[(0, 8), (1, 2), (1, 6), (1, 8), (3, 6), (4, 6), (5, 6), (7, 8)]","[(5, 6), (4, 6), (3, 6), (2, 6), (1, 6), (1, 7), (0, 7), (0, 8)]",0.5714285656122451
391,"[(0, 8), (1, 2), (1, 6), (1, 8), (3, 6), (4, 6), (5, 6), (7, 8)]","[(5, 6), (4, 6), (3, 6), (2, 6), (1, 6), (0, 6), (0, 7), (0, 8)]",0.5714285656122451
392,"[(0, 2), (0, 8), (1, 2), (3, 6), (3, 8), (4, 6), (5, 6), (7, 8)]","[(5, 6), (5, 7), (4, 7), (4, 8), (3, 8), (2, 8), (1, 8), (0, 8)]",0.28571428030612256
397,"[(0, 8), (1, 6), (1, 8), (2, 3), (2, 6), (4, 6), (5, 6), (7, 8)]","[(5, 6), (4, 6), (3, 6), (2, 6), (1, 6), (0, 6), (0, 7), (0, 8)]",0.5714285656122451
399,"[(0, 8), (1, 3), (1, 6), (1, 8), (2, 3), (4, 6), (5, 6), (7, 8)]","[(5, 6), (4, 6), (3, 6), (2, 6), (1, 6), (0, 6), (0, 7), (0, 8)]",0.42857142295918377
396,"[(0, 2), (0, 7), (1, 2), (3, 5), (3, 7), (4, 5), (6, 7)]","[(4, 5), (4, 6), (3, 6), (2, 6), (1, 6), (0, 6), (0, 7)]",0.16666666138888903
398,"[(0, 7), (1, 5), (1, 7), (2, 5), (3, 4), (3, 5), (6, 7)]","[(5, 6), (4, 6), (3, 6), (2, 6), (1, 6), (0, 6), (0, 7)]",0.0
393,"[(0, 5), (1, 3), (1, 5), (2, 3), (4, 5)]","[(2, 3), (1, 3), (1, 4), (0, 4), (0, 5)]",0.4999999937500001
394,"[(0, 5), (1, 3), (1, 5), (2, 3), (4, 5)]","[(3, 4), (3, 5), (2, 5), (1, 5), (0, 5)]",0.2499999943750001
395,"[(0, 4), (1, 2), (1, 4), (3, 4)]","[(1, 2), (0, 2), (0, 3), (0, 4)]",0.33333332722222225
403,"[(0, 2), (0, 9), (1, 2), (3, 7), (3, 9), (4, 7), (5, 7), (6, 7), (8, 9)]","[(7, 8), (6, 8), (5, 8), (4, 8), (3, 8), (2, 8), (1, 8), (0, 8), (0, 9)]",0.0
404,"[(0, 6), (0, 8), (1, 2), (1, 6), (3, 6), (4, 6), (5, 6), (7, 8)]","[(5, 6), (4, 6), (3, 6), (2, 6), (1, 6), (0, 6), (0, 7), (0, 8)]",0.7142857082653062
405,"[(0, 8), (1, 6), (1, 8), (2, 6), (3, 6), (4, 6), (5, 6), (7, 8)]","[(5, 6), (4, 6), (3, 6), (2, 6), (1, 6), (1, 7), (0, 7), (0, 8)]",0.7142857082653062
400,"[(0, 7), (1, 3), (1, 5), (1, 7), (2, 3), (4, 5), (6, 7)]","[(4, 5), (4, 6), (3, 6), (2, 6), (1, 6), (1, 7), (0, 7)]",0.3333333277777778
402,"[(0, 2), (0, 7), (1, 2), (3, 5), (3, 7), (4, 5), (6, 7)]","[(5, 6), (4, 6), (4, 7), (3, 7), (2, 7), (1, 7), (0, 7)]",0.16666666138888903
401,"[(0, 2), (0, 6), (1, 2), (3, 4), (3, 6), (5, 6)]","[(4, 5), (4, 6), (3, 6), (2, 6), (1, 6), (0, 6)]",0.19999999460000012
406,"[(0, 5), (1, 3), (1, 5), (2, 3), (4, 5)]","[(2, 3), (1, 3), (1, 4), (0, 4), (0, 5)]",0.4999999937500001
407,"[(0, 5), (1, 3), (1, 5), (2, 3), (4, 5)]","[(2, 3), (1, 3), (1, 4), (0, 4), (0, 5)]",0.4999999937500001
408,"[(0, 5), (1, 3), (1, 5), (2, 3), (4, 5)]","[(2, 3), (1, 3), (0, 3), (0, 4), (0, 5)]",0.4999999937500001
409,"[(0, 5), (1, 3), (1, 5), (2, 3), (4, 5)]","[(2, 3), (1, 3), (1, 4), (0, 4), (0, 5)]",0.4999999937500001
417,"[(0, 9), (1, 7), (1, 9), (2, 3), (2, 7), (4, 7), (5, 7), (6, 7), (8, 9)]","[(7, 8), (6, 8), (5, 8), (4, 8), (3, 8), (2, 8), (1, 8), (0, 8), (0, 9)]",0.0
410,"[(0, 8), (1, 6), (1, 8), (2, 6), (3, 6), (4, 5), (4, 6), (7, 8)]","[(5, 6), (5, 7), (4, 7), (3, 7), (2, 7), (1, 7), (1, 8), (0, 8)]",0.14285713765306143
412,"[(0, 2), (0, 8), (1, 2), (3, 6), (3, 8), (4, 6), (5, 6), (7, 8)]","[(5, 6), (4, 6), (4, 7), (3, 7), (3, 8), (2, 8), (1, 8), (0, 8)]",0.42857142295918377
414,"[(0, 8), (1, 6), (1, 8), (2, 6), (3, 6), (4, 6), (5, 6), (7, 8)]","[(5, 6), (5, 7), (4, 7), (3, 7), (2, 7), (2, 8), (1, 8), (0, 8)]",0.28571428030612256
418,"[(0, 8), (1, 6), (1, 8), (2, 6), (3, 6), (4, 5), (4, 6), (7, 8)]","[(5, 6), (4, 6), (3, 6), (2, 6), (1, 6), (1, 7), (0, 7), (0, 8)]",0.5714285656122451
413,"[(0, 7), (1, 5), (1, 7), (2, 5), (3, 4), (3, 5), (6, 7)]","[(4, 5), (3, 5), (3, 6), (3, 7), (2, 7), (1, 7), (0, 7)]",0.3333333277777778
416,"[(0, 5), (0, 7), (1, 5), (2, 5), (3, 5), (4, 5), (6, 7)]","[(4, 5), (3, 5), (2, 5), (1, 5), (0, 5), (0, 6), (0, 7)]",0.8333333269444445
411,"[(0, 6), (1, 3), (1, 6), (2, 3), (4, 6), (5, 6)]","[(3, 4), (2, 4), (1, 4), (0, 4), (0, 5), (0, 6)]",0.0
415,"[(0, 6), (1, 4), (1, 6), (2, 4), (3, 4), (5, 6)]","[(4, 5), (3, 5), (2, 5), (1, 5), (0, 5), (0, 6)]",0.0
419,"[(0, 2), (0, 6), (1, 2), (3, 4), (3, 6), (5, 6)]","[(4, 5), (4, 6), (3, 6), (2, 6), (1, 6), (0, 6)]",0.19999999460000012
422,"[(0, 1), (0, 2), (0, 3), (0, 9), (4, 7), (4, 9), (5, 6), (5, 7), (8, 9)]","[(6, 7), (6, 8), (5, 8), (4, 8), (3, 8), (2, 8), (1, 8), (1, 9), (0, 9)]",0.0
421,"[(0, 1), (0, 2), (0, 3), (0, 8), (4, 6), (4, 8), (5, 6), (7, 8)]","[(5, 6), (4, 6), (3, 6), (2, 6), (1, 6), (0, 6), (0, 7), (0, 8)]",0.28571428030612256
426,"[(0, 8), (1, 6), (1, 8), (2, 3), (2, 4), (2, 6), (5, 6), (7, 8)]","[(5, 6), (4, 6), (4, 7), (3, 7), (2, 7), (1, 7), (0, 7), (0, 8)]",0.14285713765306143
424,"[(0, 6), (1, 4), (1, 6), (2, 3), (2, 4), (5, 6)]","[(3, 4), (2, 4), (2, 5), (1, 5), (0, 5), (0, 6)]",0.19999999460000012
429,"[(0, 6), (1, 4), (1, 6), (2, 3), (2, 4), (5, 6)]","[(4, 5), (3, 5), (2, 5), (2, 6), (1, 6), (0, 6)]",0.19999999460000012
423,"[(0, 5), (1, 3), (1, 5), (2, 3), (4, 5)]","[(2, 3), (1, 3), (1, 4), (0, 4), (0, 5)]",0.4999999937500001
425,"[(0, 5), (1, 3), (1, 5), (2, 3), (4, 5)]","[(2, 3), (1, 3), (0, 3), (0, 4), (0, 5)]",0.4999999937500001
428,"[(0, 5), (1, 3), (1, 5), (2, 3), (4, 5)]","[(2, 3), (2, 4), (1, 4), (0, 4), (0, 5)]",0.2499999943750001
420,"[(0, 4), (1, 2), (1, 4), (3, 4)]","[(1, 2), (1, 3), (1, 4), (0, 4)]",0.6666666594444445
427,"[(0, 4), (1, 2), (1, 4), (3, 4)]","[(2, 3), (1, 3), (1, 4), (0, 4)]",0.33333332722222225
431,"[(0, 1), (0, 2), (0, 11), (3, 9), (3, 11), (4, 5), (4, 6), (4, 7), (4, 8), (4, 9), (10, 11)]","[(9, 10), (8, 10), (7, 10), (6, 10), (5, 10), (4, 10), (3, 10), (2, 10), (1, 10), (1, 11), (0, 11)]",0.0
433,"[(0, 8), (1, 6), (1, 8), (2, 6), (3, 6), (4, 5), (4, 6), (7, 8)]","[(5, 6), (5, 7), (5, 8), (4, 8), (3, 8), (2, 8), (1, 8), (0, 8)]",0.14285713765306143
435,"[(0, 8), (1, 6), (1, 8), (2, 5), (2, 6), (3, 4), (3, 5), (7, 8)]","[(5, 6), (4, 6), (4, 7), (3, 7), (3, 8), (2, 8), (1, 8), (0, 8)]",0.14285713765306143
439,"[(0, 8), (1, 6), (1, 8), (2, 5), (2, 6), (3, 4), (3, 5), (7, 8)]","[(5, 6), (4, 6), (3, 6), (2, 6), (1, 6), (0, 6), (0, 7), (0, 8)]",0.28571428030612256
430,"[(0, 7), (1, 5), (1, 7), (2, 5), (3, 4), (3, 5), (6, 7)]","[(4, 5), (4, 6), (3, 6), (2, 6), (1, 6), (0, 6), (0, 7)]",0.0
432,"[(0, 7), (1, 5), (1, 7), (2, 5), (3, 4), (3, 5), (6, 7)]","[(4, 5), (4, 6), (3, 6), (2, 6), (2, 7), (1, 7), (0, 7)]",0.16666666138888903
434,"[(0, 2), (0, 7), (1, 2), (3, 4), (3, 5), (3, 7), (6, 7)]","[(4, 5), (3, 5), (2, 5), (1, 5), (0, 5), (0, 6), (0, 7)]",0.16666666138888903
438,"[(0, 7), (1, 5), (1, 7), (2, 5), (3, 4), (3, 5), (6, 7)]","[(4, 5), (3, 5), (3, 6), (2, 6), (1, 6), (1, 7), (0, 7)]",0.3333333277777778
436,"[(0, 6), (1, 4), (1, 6), (2, 4), (3, 4), (5, 6)]","[(4, 5), (3, 5), (3, 6), (2, 6), (1, 6), (0, 6)]",0.19999999460000012
437,"[(0, 5), (1, 3), (1, 5), (2, 3), (4, 5)]","[(3, 4), (2, 4), (2, 5), (1, 5), (0, 5)]",0.2499999943750001
441,"[(0, 9), (1, 7), (1, 9), (2, 7), (3, 4), (3, 7), (5, 6), (5, 7), (8, 9)]","[(5, 6), (4, 6), (3, 6), (2, 6), (1, 6), (0, 6), (0, 7), (0, 8), (0, 9)]",0.12499999484375018
445,"[(0, 9), (1, 7), (1, 9), (2, 7), (3, 7), (4, 6), (4, 7), (5, 6), (8, 9)]","[(6, 7), (5, 7), (4, 7), (4, 8), (3, 8), (3, 9), (2, 9), (1, 9), (0, 9)]",0.24999999468750006
446,"[(0, 1), (0, 2), (0, 8), (3, 5), (3, 6), (3, 8), (4, 5), (7, 8)]","[(5, 6), (4, 6), (3, 6), (3, 7), (2, 7), (1, 7), (1, 8), (0, 8)]",0.14285713765306143
447,"[(0, 8), (1, 6), (1, 8), (2, 6), (3, 4), (3, 6), (5, 6), (7, 8)]","[(5, 6), (4, 6), (3, 6), (2, 6), (1, 6), (0, 6), (0, 7), (0, 8)]",0.5714285656122451
442,"[(0, 7), (1, 2), (1, 5), (1, 7), (3, 5), (4, 5), (6, 7)]","[(5, 6), (4, 6), (3, 6), (2, 6), (1, 6), (1, 7), (0, 7)]",0.16666666138888903
443,"[(0, 7), (1, 3), (1, 4), (1, 5), (1, 7), (2, 3), (6, 7)]","[(4, 5), (3, 5), (2, 5), (2, 6), (1, 6), (0, 6), (0, 7)]",0.0
448,"[(0, 7), (1, 5), (1, 7), (2, 5), (3, 4), (3, 5), (6, 7)]","[(5, 6), (5, 7), (4, 7), (3, 7), (2, 7), (1, 7), (0, 7)]",0.16666666138888903
440,"[(0, 6), (1, 4), (1, 6), (2, 4), (3, 4), (5, 6)]","[(3, 4), (2, 4), (2, 5), (1, 5), (0, 5), (0, 6)]",0.39999999420000004
444,"[(0, 6), (1, 4), (1, 6), (2, 3), (2, 4), (5, 6)]","[(3, 4), (2, 4), (1, 4), (0, 4), (0, 5), (0, 6)]",0.39999999420000004
449,"[(0, 2), (0, 6), (1, 2), (3, 4), (3, 6), (5, 6)]","[(3, 4), (2, 4), (1, 4), (0, 4), (0, 5), (0, 6)]",0.19999999460000012
457,"[(0, 1), (0, 7), (2, 5), (2, 7), (3, 4), (3, 5), (6, 7)]","[(5, 6), (5, 7), (4, 7), (3, 7), (2, 7), (1, 7), (0, 7)]",0.16666666138888903
450,"[(0, 6), (1, 4), (1, 6), (2, 4), (3, 4), (5, 6)]","[(3, 4), (2, 4), (1, 4), (1, 5), (0, 5), (0, 6)]",0.5999999938
451,"[(0, 6), (1, 4), (1, 6), (2, 3), (2, 4), (5, 6)]","[(3, 4), (2, 4), (2, 5), (2, 6), (1, 6), (0, 6)]",0.39999999420000004
456,"[(0, 6), (1, 2), (1, 4), (1, 6), (3, 4), (5, 6)]","[(3, 4), (2, 4), (1, 4), (0, 4), (0, 5), (0, 6)]",0.39999999420000004
458,"[(0, 1), (0, 6), (2, 4), (2, 6), (3, 4), (5, 6)]","[(3, 4), (2, 4), (2, 5), (1, 5), (0, 5), (0, 6)]",0.39999999420000004
459,"[(0, 6), (1, 4), (1, 6), (2, 3), (2, 4), (5, 6)]","[(4, 5), (3, 5), (3, 6), (2, 6), (1, 6), (0, 6)]",0.19999999460000012
452,"[(0, 5), (1, 3), (1, 5), (2, 3), (4, 5)]","[(3, 4), (2, 4), (1, 4), (0, 4), (0, 5)]",0.0
453,"[(0, 1), (0, 5), (2, 3), (2, 5), (4, 5)]","[(3, 4), (3, 5), (2, 5), (1, 5), (0, 5)]",0.2499999943750001
454,"[(0, 5), (1, 3), (1, 5), (2, 3), (4, 5)]","[(2, 3), (1, 3), (0, 3), (0, 4), (0, 5)]",0.4999999937500001
455,"[(0, 4), (1, 2), (1, 4), (3, 4)]","[(1, 2), (1, 3), (1, 4), (0, 4)]",0.6666666594444445
464,"[(0, 1), (0, 2), (0, 11), (3, 9), (3, 11), (4, 7), (4, 9), (5, 6), (5, 7), (8, 9), (10, 11)]","[(8, 9), (8, 10), (7, 10), (6, 10), (5, 10), (4, 10), (3, 10), (2, 10), (1, 10), (1, 11), (0, 11)]",0.09999999490000026
460,"[(0, 8), (1, 6), (1, 8), (2, 6), (3, 6), (4, 6), (5, 6), (7, 8)]","[(5, 6), (4, 6), (3, 6), (2, 6), (1, 6), (0, 6), (0, 7), (0, 8)]",0.7142857082653062
466,"[(0, 8), (1, 6), (1, 8), (2, 3), (2, 6), (4, 5), (4, 6), (7, 8)]","[(5, 6), (4, 6), (3, 6), (3, 7), (2, 7), (1, 7), (1, 8), (0, 8)]",0.28571428030612256
462,"[(0, 7), (1, 5), (1, 7), (2, 5), (3, 4), (3, 5), (6, 7)]","[(5, 6), (4, 6), (3, 6), (2, 6), (1, 6), (1, 7), (0, 7)]",0.16666666138888903
463,"[(0, 1), (0, 2), (0, 7), (3, 5), (3, 7), (4, 5), (6, 7)]","[(4, 5), (3, 5), (2, 5), (2, 6), (1, 6), (1, 7), (0, 7)]",0.3333333277777778
465,"[(0, 1), (0, 7), (2, 5), (2, 7), (3, 4), (3, 5), (6, 7)]","[(4, 5), (3, 5), (3, 6), (2, 6), (1, 6), (1, 7), (0, 7)]",0.16666666138888903
461,"[(0, 6), (1, 4), (1, 6), (2, 4), (3, 4), (5, 6)]","[(3, 4), (2, 4), (1, 4), (0, 4), (0, 5), (0, 6)]",0.5999999938
467,"[(0, 6), (1, 4), (1, 6), (2, 3), (2, 4), (5, 6)]","[(3, 4), (3, 5), (2, 5), (1, 5), (1, 6), (0, 6)]",0.19999999460000012
468,"[(0, 6), (1, 4), (1, 6), (2, 3), (2, 4), (5, 6)]","[(3, 4), (2, 4), (1, 4), (1, 5), (0, 5), (0, 6)]",0.39999999420000004
469,"[(0, 5), (1, 3), (1, 5), (2, 3), (4, 5)]","[(2, 3), (2, 4), (2, 5), (1, 5), (0, 5)]",0.4999999937500001
479,"[(0, 4), (0, 12), (1, 4), (2, 4), (3, 4), (5, 12), (6, 10), (6, 12), (7, 10), (8, 9), (8, 10), (11, 12)]","[(9, 10), (9, 11), (8, 11), (7, 11), (6, 11), (5, 11), (5, 12), (4, 12), (3, 12), (2, 12), (1, 12), (0, 12)]",0.09090908582644655
476,"[(0, 8), (1, 6), (1, 8), (2, 6), (3, 4), (3, 5), (3, 6), (7, 8)]","[(5, 6), (4, 6), (3, 6), (2, 6), (1, 6), (0, 6), (0, 7), (0, 8)]",0.42857142295918377
470,"[(0, 7), (1, 5), (1, 7), (2, 5), (3, 4), (3, 5), (6, 7)]","[(5, 6), (4, 6), (4, 7), (3, 7), (2, 7), (1, 7), (0, 7)]",0.16666666138888903
471,"[(0, 1), (0, 7), (2, 5), (2, 7), (3, 4), (3, 5), (6, 7)]","[(4, 5), (3, 5), (2, 5), (1, 5), (0, 5), (0, 6), (0, 7)]",0.3333333277777778
473,"[(0, 1), (0, 2), (0, 7), (3, 5), (3, 7), (4, 5), (6, 7)]","[(4, 5), (3, 5), (2, 5), (1, 5), (0, 5), (0, 6), (0, 7)]",0.3333333277777778
474,"[(0, 1), (0, 7), (2, 5), (2, 7), (3, 4), (3, 5), (6, 7)]","[(4, 5), (3, 5), (2, 5), (2, 6), (1, 6), (1, 7), (0, 7)]",0.3333333277777778
477,"[(0, 7), (1, 5), (1, 7), (2, 5), (3, 4), (3, 5), (6, 7)]","[(4, 5), (3, 5), (2, 5), (1, 5), (1, 6), (1, 7), (0, 7)]",0.6666666605555556
478,"[(0, 1), (0, 7), (2, 5), (2, 7), (3, 4), (3, 5), (6, 7)]","[(4, 5), (3, 5), (2, 5), (1, 5), (0, 5), (0, 6), (0, 7)]",0.3333333277777778
472,"[(0, 6), (1, 4), (1, 6), (2, 3), (2, 4), (5, 6)]","[(4, 5), (3, 5), (2, 5), (1, 5), (0, 5), (0, 6)]",0.0
475,"[(0, 4), (1, 2), (1, 4), (3, 4)]","[(1, 2), (1, 3), (1, 4), (0, 4)]",0.6666666594444445
484,"[(0, 9), (1, 7), (1, 9), (2, 7), (3, 4), (3, 7), (5, 6), (5, 7), (8, 9)]","[(7, 8), (6, 8), (5, 8), (4, 8), (3, 8), (2, 8), (1, 8), (0, 8), (0, 9)]",0.0
480,"[(0, 7), (1, 3), (1, 5), (1, 7), (2, 3), (4, 5), (6, 7)]","[(5, 6), (4, 6), (3, 6), (2, 6), (1, 6), (1, 7), (0, 7)]",0.16666666138888903
481,"[(0, 6), (1, 4), (1, 6), (2, 3), (2, 4), (5, 6)]","[(3, 4), (2, 4), (1, 4), (0, 4), (0, 5), (0, 6)]",0.39999999420000004
487,"[(0, 6), (1, 4), (1, 6), (2, 3), (2, 4), (5, 6)]","[(3, 4), (2, 4), (2, 5), (1, 5), (1, 6), (0, 6)]",0.39999999420000004
482,"[(0, 1), (0, 5), (2, 3), (2, 5), (4, 5)]","[(2, 3), (1, 3), (1, 4), (0, 4), (0, 5)]",0.2499999943750001
483,"[(0, 5), (1, 3), (1, 5), (2, 3), (4, 5)]","[(2, 3), (2, 4), (2, 5), (1, 5), (0, 5)]",0.4999999937500001
485,"[(0, 5), (1, 3), (1, 5), (2, 3), (4, 5)]","[(2, 3), (2, 4), (2, 5), (1, 5), (0, 5)]",0.4999999937500001
488,"[(0, 5), (1, 3), (1, 5), (2, 3), (4, 5)]","[(2, 3), (2, 4), (2, 5), (1, 5), (0, 5)]",0.4999999937500001
489,"[(0, 5), (1, 3), (1, 5), (2, 3), (4, 5)]","[(3, 4), (2, 4), (1, 4), (0, 4), (0, 5)]",0.0
486,"[(0, 4), (1, 2), (1, 4), (3, 4)]","[(1, 2), (0, 2), (0, 3), (0, 4)]",0.33333332722222225
492,"[(0, 7), (1, 2), (1, 5), (1, 7), (3, 5), (4, 5), (6, 7)]","[(4, 5), (4, 6), (3, 6), (2, 6), (2, 7), (1, 7), (0, 7)]",0.3333333277777778
496,"[(0, 7), (1, 5), (1, 7), (2, 5), (3, 4), (3, 5), (6, 7)]","[(4, 5), (3, 5), (2, 5), (1, 5), (0, 5), (0, 6), (0, 7)]",0.4999999941666667
499,"[(0, 7), (1, 5), (1, 7), (2, 5), (3, 5), (4, 5), (6, 7)]","[(4, 5), (3, 5), (3, 6), (2, 6), (2, 7), (1, 7), (0, 7)]",0.4999999941666667
491,"[(0, 6), (1, 4), (1, 6), (2, 4), (3, 4), (5, 6)]","[(3, 4), (2, 4), (1, 4), (0, 4), (0, 5), (0, 6)]",0.5999999938
493,"[(0, 6), (1, 2), (1, 4), (1, 6), (3, 4), (5, 6)]","[(3, 4), (3, 5), (2, 5), (1, 5), (1, 6), (0, 6)]",0.39999999420000004
495,"[(0, 6), (1, 4), (1, 6), (2, 4), (3, 4), (5, 6)]","[(3, 4), (3, 5), (3, 6), (2, 6), (1, 6), (0, 6)]",0.39999999420000004
490,"[(0, 5), (1, 2), (1, 5), (3, 5), (4, 5)]","[(2, 3), (1, 3), (1, 4), (0, 4), (0, 5)]",0.0
494,"[(0, 5), (1, 3), (1, 5), (2, 3), (4, 5)]","[(2, 3), (2, 4), (1, 4), (0, 4), (0, 5)]",0.2499999943750001
497,"[(0, 5), (1, 3), (1, 5), (2, 3), (4, 5)]","[(2, 3), (1, 3), (0, 3), (0, 4), (0, 5)]",0.4999999937500001
498,"[(0, 5), (1, 2), (1, 5), (3, 5), (4, 5)]","[(2, 3), (1, 3), (0, 3), (0, 4), (0, 5)]",0.0
500,"[(0, 7), (1, 5), (1, 7), (2, 5), (3, 5), (4, 5), (6, 7)]","[(4, 5), (3, 5), (3, 6), (2, 6), (1, 6), (0, 6), (0, 7)]",0.3333333277777778
501,"[(0, 7), (1, 2), (1, 5), (1, 7), (3, 5), (4, 5), (6, 7)]","[(4, 5), (4, 6), (4, 7), (3, 7), (2, 7), (1, 7), (0, 7)]",0.3333333277777778
502,"[(0, 7), (1, 3), (1, 5), (1, 7), (2, 3), (4, 5), (6, 7)]","[(4, 5), (3, 5), (3, 6), (2, 6), (1, 6), (0, 6), (0, 7)]",0.16666666138888903
503,"[(0, 7), (1, 5), (1, 7), (2, 4), (2, 5), (3, 4), (6, 7)]","[(4, 5), (3, 5), (3, 6), (2, 6), (1, 6), (1, 7), (0, 7)]",0.16666666138888903
506,"[(0, 1), (0, 7), (2, 5), (2, 7), (3, 4), (3, 5), (6, 7)]","[(4, 5), (3, 5), (2, 5), (1, 5), (0, 5), (0, 6), (0, 7)]",0.3333333277777778
505,"[(0, 6), (1, 4), (1, 6), (2, 4), (3, 4), (5, 6)]","[(4, 5), (4, 6), (3, 6), (2, 6), (1, 6), (0, 6)]",0.19999999460000012
508,"[(0, 6), (1, 3), (1, 6), (2, 3), (4, 6), (5, 6)]","[(3, 4), (3, 5), (2, 5), (2, 6), (1, 6), (0, 6)]",0.19999999460000012
507,"[(0, 5), (1, 3), (1, 5), (2, 3), (4, 5)]","[(2, 3), (2, 4), (2, 5), (1, 5), (0, 5)]",0.4999999937500001
509,"[(0, 5), (1, 3), (1, 5), (2, 3), (4, 5)]","[(2, 3), (2, 4), (2, 5), (1, 5), (0, 5)]",0.4999999937500001
504,"[(0, 4), (1, 2), (1, 4), (3, 4)]","[(1, 2), (0, 2), (0, 3), (0, 4)]",0.33333332722222225
513,"[(0, 7), (1, 3), (1, 5), (1, 7), (2, 3), (4, 5), (6, 7)]","[(4, 5), (3, 5), (2, 5), (1, 5), (0, 5), (0, 6), (0, 7)]",0.3333333277777778
515,"[(0, 7), (1, 5), (1, 7), (2, 4), (2, 5), (3, 4), (6, 7)]","[(3, 4), (3, 5), (2, 5), (1, 5), (0, 5), (0, 6), (0, 7)]",0.4999999941666667
514,"[(0, 6), (1, 4), (1, 6), (2, 4), (3, 4), (5, 6)]","[(3, 4), (3, 5), (2, 5), (1, 5), (1, 6), (0, 6)]",0.39999999420000004
517,"[(0, 6), (1, 4), (1, 6), (2, 4), (3, 4), (5, 6)]","[(3, 4), (2, 4), (1, 4), (0, 4), (0, 5), (0, 6)]",0.5999999938
511,"[(0, 5), (1, 3), (1, 5), (2, 3), (4, 5)]","[(2, 3), (1, 3), (1, 4), (0, 4), (0, 5)]",0.4999999937500001
516,"[(0, 5), (1, 3), (1, 5), (2, 3), (4, 5)]","[(2, 3), (2, 4), (1, 4), (0, 4), (0, 5)]",0.2499999943750001
518,"[(0, 5), (1, 3), (1, 5), (2, 3), (4, 5)]","[(2, 3), (1, 3), (0, 3), (0, 4), (0, 5)]",0.4999999937500001
519,"[(0, 5), (1, 3), (1, 5), (2, 3), (4, 5)]","[(3, 4), (2, 4), (1, 4), (0, 4), (0, 5)]",0.0
510,"[(0, 4), (1, 2), (1, 4), (3, 4)]","[(1, 2), (0, 2), (0, 3), (0, 4)]",0.33333332722222225
512,"[(0, 4), (1, 2), (1, 4), (3, 4)]","[(1, 2), (0, 2), (0, 3), (0, 4)]",0.33333332722222225
520,"[(0, 8), (1, 6), (1, 8), (2, 3), (2, 6), (4, 6), (5, 6), (7, 8)]","[(5, 6), (4, 6), (3, 6), (2, 6), (1, 6), (0, 6), (0, 7), (0, 8)]",0.5714285656122451
525,"[(0, 7), (1, 5), (1, 7), (2, 5), (3, 4), (3, 5), (6, 7)]","[(5, 6), (4, 6), (4, 7), (3, 7), (2, 7), (1, 7), (0, 7)]",0.16666666138888903
521,"[(0, 1), (0, 6), (2, 4), (2, 6), (3, 4), (5, 6)]","[(4, 5), (3, 5), (2, 5), (1, 5), (0, 5), (0, 6)]",0.0
529,"[(0, 6), (1, 4), (1, 6), (2, 3), (2, 4), (5, 6)]","[(3, 4), (2, 4), (1, 4), (0, 4), (0, 5), (0, 6)]",0.39999999420000004
523,"[(0, 5), (1, 3), (1, 5), (2, 3), (4, 5)]","[(3, 4), (2, 4), (1, 4), (1, 5), (0, 5)]",0.2499999943750001
524,"[(0, 5), (1, 3), (1, 5), (2, 3), (4, 5)]","[(2, 3), (1, 3), (1, 4), (1, 5), (0, 5)]",0.7499999931250001
527,"[(0, 5), (1, 3), (1, 5), (2, 3), (4, 5)]","[(3, 4), (2, 4), (2, 5), (1, 5), (0, 5)]",0.2499999943750001
522,"[(0, 4), (1, 2), (1, 4), (3, 4)]","[(1, 2), (0, 2), (0, 3), (0, 4)]",0.33333332722222225
526,"[(0, 4), (1, 2), (1, 4), (3, 4)]","[(1, 2), (0, 2), (0, 3), (0, 4)]",0.33333332722222225
528,"[(0, 4), (1, 2), (1, 4), (3, 4)]","[(1, 2), (1, 3), (1, 4), (0, 4)]",0.6666666594444445
533,"[(0, 1), (0, 2), (0, 7), (3, 4), (3, 5), (3, 7), (6, 7)]","[(5, 6), (4, 6), (4, 7), (3, 7), (2, 7), (1, 7), (0, 7)]",0.16666666138888903
537,"[(0, 7), (1, 5), (1, 7), (2, 5), (3, 4), (3, 5), (6, 7)]","[(5, 6), (4, 6), (4, 7), (3, 7), (2, 7), (1, 7), (0, 7)]",0.16666666138888903
539,"[(0, 7), (1, 5), (1, 7), (2, 5), (3, 4), (3, 5), (6, 7)]","[(5, 6), (4, 6), (3, 6), (2, 6), (1, 6), (0, 6), (0, 7)]",0.0
530,"[(0, 6), (1, 4), (1, 6), (2, 4), (3, 4), (5, 6)]","[(3, 4), (2, 4), (2, 5), (1, 5), (0, 5), (0, 6)]",0.39999999420000004
532,"[(0, 6), (1, 4), (1, 6), (2, 3), (2, 4), (5, 6)]","[(4, 5), (3, 5), (2, 5), (2, 6), (1, 6), (0, 6)]",0.19999999460000012
535,"[(0, 6), (1, 4), (1, 6), (2, 4), (3, 4), (5, 6)]","[(3, 4), (3, 5), (3, 6), (2, 6), (1, 6), (0, 6)]",0.39999999420000004
534,"[(0, 5), (1, 3), (1, 5), (2, 3), (4, 5)]","[(3, 4), (2, 4), (1, 4), (0, 4), (0, 5)]",0.0
536,"[(0, 5), (1, 3), (1, 5), (2, 3), (4, 5)]","[(2, 3), (2, 4), (1, 4), (1, 5), (0, 5)]",0.4999999937500001
538,"[(0, 5), (1, 3), (1, 5), (2, 3), (4, 5)]","[(2, 3), (1, 3), (0, 3), (0, 4), (0, 5)]",0.4999999937500001
531,"[(0, 4), (1, 2), (1, 4), (3, 4)]","[(1, 2), (0, 2), (0, 3), (0, 4)]",0.33333332722222225
541,"[(0, 7), (1, 5), (1, 7), (2, 5), (3, 4), (3, 5), (6, 7)]","[(4, 5), (4, 6), (3, 6), (2, 6), (1, 6), (1, 7), (0, 7)]",0.16666666138888903
546,"[(0, 7), (1, 5), (1, 7), (2, 5), (3, 5), (4, 5), (6, 7)]","[(4, 5), (4, 6), (3, 6), (2, 6), (1, 6), (0, 6), (0, 7)]",0.16666666138888903
547,"[(0, 1), (0, 7), (2, 5), (2, 7), (3, 4), (3, 5), (6, 7)]","[(5, 6), (4, 6), (3, 6), (2, 6), (1, 6), (0, 6), (0, 7)]",0.0
542,"[(0, 6), (1, 4), (1, 6), (2, 4), (3, 4), (5, 6)]","[(3, 4), (2, 4), (1, 4), (1, 5), (0, 5), (0, 6)]",0.5999999938
543,"[(0, 6), (1, 4), (1, 6), (2, 4), (3, 4), (5, 6)]","[(3, 4), (2, 4), (2, 5), (2, 6), (1, 6), (0, 6)]",0.5999999938
544,"[(0, 6), (1, 4), (1, 6), (2, 4), (3, 4), (5, 6)]","[(3, 4), (2, 4), (2, 5), (1, 5), (0, 5), (0, 6)]",0.39999999420000004
548,"[(0, 1), (0, 6), (2, 4), (2, 6), (3, 4), (5, 6)]","[(4, 5), (3, 5), (2, 5), (1, 5), (0, 5), (0, 6)]",0.0
545,"[(0, 5), (1, 3), (1, 5), (2, 3), (4, 5)]","[(3, 4), (3, 5), (2, 5), (1, 5), (0, 5)]",0.2499999943750001
549,"[(0, 5), (1, 3), (1, 5), (2, 3), (4, 5)]","[(3, 4), (2, 4), (2, 5), (1, 5), (0, 5)]",0.2499999943750001
540,"[(0, 4), (1, 2), (1, 4), (3, 4)]","[(2, 3), (2, 4), (1, 4), (0, 4)]",0.33333332722222225
556,"[(0, 8), (1, 5), (1, 6), (1, 8), (2, 4), (2, 5), (3, 4), (7, 8)]","[(5, 6), (4, 6), (4, 7), (3, 7), (2, 7), (1, 7), (0, 7), (0, 8)]",0.0
557,"[(0, 1), (0, 8), (2, 6), (2, 8), (3, 6), (4, 5), (4, 6), (7, 8)]","[(5, 6), (4, 6), (3, 6), (2, 6), (1, 6), (1, 7), (0, 7), (0, 8)]",0.42857142295918377
550,"[(0, 2), (0, 3), (0, 7), (1, 2), (4, 5), (4, 7), (6, 7)]","[(5, 6), (5, 7), (4, 7), (3, 7), (2, 7), (1, 7), (0, 7)]",0.16666666138888903
558,"[(0, 7), (1, 5), (1, 7), (2, 5), (3, 4), (3, 5), (6, 7)]","[(3, 4), (3, 5), (3, 6), (2, 6), (1, 6), (0, 6), (0, 7)]",0.3333333277777778
551,"[(0, 1), (0, 6), (2, 4), (2, 6), (3, 4), (5, 6)]","[(4, 5), (4, 6), (3, 6), (2, 6), (1, 6), (0, 6)]",0.19999999460000012
552,"[(0, 6), (1, 2), (1, 6), (3, 4), (3, 6), (5, 6)]","[(3, 4), (2, 4), (1, 4), (0, 4), (0, 5), (0, 6)]",0.19999999460000012
555,"[(0, 4), (0, 6), (1, 4), (2, 3), (2, 4), (5, 6)]","[(4, 5), (3, 5), (2, 5), (1, 5), (0, 5), (0, 6)]",0.0
559,"[(0, 4), (0, 6), (1, 4), (2, 3), (2, 4), (5, 6)]","[(3, 4), (2, 4), (1, 4), (0, 4), (0, 5), (0, 6)]",0.5999999938
554,"[(0, 2), (0, 5), (1, 2), (3, 5), (4, 5)]","[(2, 3), (1, 3), (0, 3), (0, 4), (0, 5)]",0.0
553,"[(0, 2), (0, 4), (1, 2), (3, 4)]","[(2, 3), (1, 3), (0, 3), (0, 4)]",0.0
569,"[(0, 5), (0, 7), (1, 5), (2, 4), (2, 5), (3, 4), (6, 7)]","[(4, 5), (3, 5), (2, 5), (1, 5), (0, 5), (0, 6), (0, 7)]",0.4999999941666667
563,"[(0, 6), (1, 3), (1, 4), (1, 6), (2, 3), (5, 6)]","[(3, 4), (2, 4), (2, 5), (1, 5), (0, 5), (0, 6)]",0.0
564,"[(0, 6), (1, 4), (1, 6), (2, 3), (2, 4), (5, 6)]","[(3, 4), (2, 4), (1, 4), (1, 5), (0, 5), (0, 6)]",0.39999999420000004
566,"[(0, 1), (0, 6), (2, 4), (2, 6), (3, 4), (5, 6)]","[(4, 5), (3, 5), (2, 5), (1, 5), (0, 5), (0, 6)]",0.0
568,"[(0, 1), (0, 6), (2, 4), (2, 6), (3, 4), (5, 6)]","[(3, 4), (3, 5), (2, 5), (1, 5), (0, 5), (0, 6)]",0.19999999460000012
560,"[(0, 5), (1, 2), (1, 3), (1, 5), (4, 5)]","[(2, 3), (1, 3), (0, 3), (0, 4), (0, 5)]",0.2499999943750001
562,"[(0, 5), (1, 3), (1, 5), (2, 3), (4, 5)]","[(3, 4), (2, 4), (1, 4), (0, 4), (0, 5)]",0.0
565,"[(0, 1), (0, 5), (2, 3), (2, 5), (4, 5)]","[(2, 3), (1, 3), (0, 3), (0, 4), (0, 5)]",0.2499999943750001
567,"[(0, 1), (0, 5), (2, 3), (2, 5), (4, 5)]","[(2, 3), (1, 3), (0, 3), (0, 4), (0, 5)]",0.2499999943750001
561,"[(0, 4), (1, 2), (1, 4), (3, 4)]","[(0, 1), (0, 2), (0, 3), (0, 4)]",0.0
573,"[(0, 1), (0, 8), (2, 6), (2, 8), (3, 6), (4, 5), (4, 6), (7, 8)]","[(5, 6), (5, 7), (4, 7), (4, 8), (3, 8), (2, 8), (1, 8), (0, 8)]",0.14285713765306143
575,"[(0, 1), (0, 2), (0, 8), (3, 6), (3, 8), (4, 5), (4, 6), (7, 8)]","[(5, 6), (4, 6), (3, 6), (2, 6), (1, 6), (0, 6), (0, 7), (0, 8)]",0.28571428030612256
576,"[(0, 7), (1, 5), (1, 7), (2, 5), (3, 5), (4, 5), (6, 7)]","[(4, 5), (3, 5), (3, 6), (2, 6), (1, 6), (1, 7), (0, 7)]",0.4999999941666667
577,"[(0, 1), (0, 2), (0, 7), (3, 5), (3, 7), (4, 5), (6, 7)]","[(5, 6), (4, 6), (4, 7), (3, 7), (2, 7), (1, 7), (0, 7)]",0.16666666138888903
578,"[(0, 2), (0, 7), (1, 2), (3, 5), (3, 7), (4, 5), (6, 7)]","[(1, 2), (0, 2), (0, 3), (0, 4), (0, 5), (0, 6), (0, 7)]",0.3333333277777778
574,"[(0, 3), (0, 5), (1, 3), (2, 3), (4, 5)]","[(3, 4), (3, 5), (2, 5), (1, 5), (0, 5)]",0.0
579,"[(0, 5), (1, 3), (1, 5), (2, 3), (4, 5)]","[(2, 3), (1, 3), (1, 4), (0, 4), (0, 5)]",0.4999999937500001
570,"[(0, 4), (1, 2), (1, 4), (3, 4)]","[(1, 2), (0, 2), (0, 3), (0, 4)]",0.33333332722222225
571,"[(0, 1), (0, 4), (2, 4), (3, 4)]","[(1, 2), (0, 2), (0, 3), (0, 4)]",0.0
572,"[(0, 4), (1, 2), (1, 4), (3, 4)]","[(1, 2), (0, 2), (0, 3), (0, 4)]",0.33333332722222225
582,"[(0, 9), (1, 4), (1, 7), (1, 9), (2, 4), (3, 4), (5, 7), (6, 7), (8, 9)]","[(6, 7), (5, 7), (4, 7), (3, 7), (2, 7), (1, 7), (0, 7), (0, 8), (0, 9)]",0.37499999453125
581,"[(0, 5), (0, 7), (1, 2), (1, 3), (1, 5), (4, 5), (6, 7)]","[(4, 5), (4, 6), (4, 7), (3, 7), (2, 7), (1, 7), (0, 7)]",0.16666666138888903
580,"[(0, 1), (0, 6), (2, 4), (2, 6), (3, 4), (5, 6)]","[(3, 4), (2, 4), (1, 4), (0, 4), (0, 5), (0, 6)]",0.39999999420000004
586,"[(0, 6), (1, 4), (1, 6), (2, 4), (3, 4), (5, 6)]","[(3, 4), (2, 4), (1, 4), (0, 4), (0, 5), (0, 6)]",0.5999999938
583,"[(0, 5), (1, 3), (1, 5), (2, 3), (4, 5)]","[(2, 3), (1, 3), (0, 3), (0, 4), (0, 5)]",0.4999999937500001
587,"[(0, 5), (1, 3), (1, 5), (2, 3), (4, 5)]","[(2, 3), (1, 3), (1, 4), (1, 5), (0, 5)]",0.7499999931250001
588,"[(0, 5), (1, 3), (1, 5), (2, 3), (4, 5)]","[(2, 3), (1, 3), (0, 3), (0, 4), (0, 5)]",0.4999999937500001
584,"[(0, 4), (1, 2), (1, 4), (3, 4)]","[(1, 2), (1, 3), (1, 4), (0, 4)]",0.6666666594444445
585,"[(0, 4), (1, 2), (1, 4), (3, 4)]","[(2, 3), (2, 4), (1, 4), (0, 4)]",0.33333332722222225
589,"[(0, 4), (1, 2), (1, 4), (3, 4)]","[(2, 3), (1, 3), (1, 4), (0, 4)]",0.33333332722222225
591,"[(0, 9), (1, 4), (1, 7), (1, 9), (2, 4), (3, 4), (5, 7), (6, 7), (8, 9)]","[(7, 8), (6, 8), (5, 8), (4, 8), (3, 8), (2, 8), (1, 8), (1, 9), (0, 9)]",0.12499999484375018
596,"[(0, 9), (1, 3), (1, 7), (1, 9), (2, 3), (4, 7), (5, 7), (6, 7), (8, 9)]","[(5, 6), (4, 6), (3, 6), (2, 6), (1, 6), (0, 6), (0, 7), (0, 8), (0, 9)]",0.0
593,"[(0, 1), (0, 2), (0, 8), (3, 6), (3, 8), (4, 6), (5, 6), (7, 8)]","[(5, 6), (4, 6), (3, 6), (2, 6), (1, 6), (0, 6), (0, 7), (0, 8)]",0.42857142295918377
595,"[(0, 8), (1, 3), (1, 6), (1, 8), (2, 3), (4, 6), (5, 6), (7, 8)]","[(6, 7), (5, 7), (5, 8), (4, 8), (3, 8), (2, 8), (1, 8), (0, 8)]",0.14285713765306143
597,"[(0, 8), (1, 5), (1, 6), (1, 8), (2, 5), (3, 4), (3, 5), (7, 8)]","[(5, 6), (4, 6), (4, 7), (3, 7), (2, 7), (1, 7), (0, 7), (0, 8)]",0.0
594,"[(0, 7), (1, 2), (1, 5), (1, 7), (3, 5), (4, 5), (6, 7)]","[(4, 5), (4, 6), (4, 7), (3, 7), (2, 7), (1, 7), (0, 7)]",0.3333333277777778
599,"[(0, 1), (0, 6), (2, 4), (2, 6), (3, 4), (5, 6)]","[(2, 3), (1, 3), (0, 3), (0, 4), (0, 5), (0, 6)]",0.0
592,"[(0, 5), (1, 3), (1, 5), (2, 3), (4, 5)]","[(2, 3), (1, 3), (1, 4), (0, 4), (0, 5)]",0.4999999937500001
590,"[(0, 4), (1, 2), (1, 4), (3, 4)]","[(2, 3), (2, 4), (1, 4), (0, 4)]",0.33333332722222225
598,"[(0, 4), (1, 2), (1, 4), (3, 4)]","[(1, 2), (1, 3), (0, 3), (0, 4)]",0.33333332722222225
604,"[(0, 1), (0, 2), (0, 12), (3, 6), (3, 10), (3, 12), (4, 5), (4, 6), (7, 10), (8, 9), (8, 10), (11, 12)]","[(9, 10), (9, 11), (8, 11), (7, 11), (6, 11), (6, 12), (5, 12), (4, 12), (3, 12), (2, 12), (1, 12), (0, 12)]",0.09090908582644655
605,"[(0, 10), (1, 8), (1, 10), (2, 8), (3, 4), (3, 8), (5, 6), (5, 7), (5, 8), (9, 10)]","[(8, 9), (7, 9), (6, 9), (5, 9), (4, 9), (3, 9), (2, 9), (1, 9), (1, 10), (0, 10)]",0.11111110598765454
600,"[(0, 9), (1, 7), (1, 9), (2, 7), (3, 7), (4, 5), (4, 7), (6, 7), (8, 9)]","[(7, 8), (6, 8), (5, 8), (4, 8), (3, 8), (2, 8), (2, 9), (1, 9), (0, 9)]",0.12499999484375018
606,"[(0, 9), (1, 7), (1, 9), (2, 7), (3, 4), (3, 7), (5, 7), (6, 7), (8, 9)]","[(7, 8), (6, 8), (5, 8), (4, 8), (4, 9), (3, 9), (2, 9), (1, 9), (0, 9)]",0.12499999484375018
608,"[(0, 1), (0, 6), (2, 4), (2, 6), (3, 4), (5, 6)]","[(4, 5), (3, 5), (3, 6), (2, 6), (1, 6), (0, 6)]",0.19999999460000012
602,"[(0, 5), (1, 3), (1, 5), (2, 3), (4, 5)]","[(2, 3), (2, 4), (1, 4), (0, 4), (0, 5)]",0.2499999943750001
603,"[(0, 5), (1, 3), (1, 5), (2, 3), (4, 5)]","[(3, 4), (2, 4), (2, 5), (1, 5), (0, 5)]",0.2499999943750001
609,"[(0, 5), (1, 3), (1, 5), (2, 3), (4, 5)]","[(2, 3), (1, 3), (0, 3), (0, 4), (0, 5)]",0.4999999937500001
601,"[(0, 4), (1, 2), (1, 4), (3, 4)]","[(2, 3), (1, 3), (1, 4), (0, 4)]",0.33333332722222225
607,"[(0, 4), (1, 2), (1, 4), (3, 4)]","[(1, 2), (1, 3), (0, 3), (0, 4)]",0.33333332722222225
614,"[(0, 10), (1, 5), (1, 8), (1, 10), (2, 5), (3, 5), (4, 5), (6, 8), (7, 8), (9, 10)]","[(7, 8), (6, 8), (6, 9), (5, 9), (4, 9), (4, 10), (3, 10), (2, 10), (1, 10), (0, 10)]",0.333333327962963
616,"[(0, 1), (0, 8), (2, 6), (2, 8), (3, 6), (4, 5), (4, 6), (7, 8)]","[(6, 7), (6, 8), (5, 8), (4, 8), (3, 8), (2, 8), (1, 8), (0, 8)]",0.14285713765306143
613,"[(0, 7), (1, 5), (1, 7), (2, 3), (2, 5), (4, 5), (6, 7)]","[(4, 5), (3, 5), (2, 5), (1, 5), (1, 6), (1, 7), (0, 7)]",0.6666666605555556
615,"[(0, 2), (0, 7), (1, 2), (3, 5), (3, 7), (4, 5), (6, 7)]","[(4, 5), (3, 5), (3, 6), (2, 6), (1, 6), (1, 7), (0, 7)]",0.3333333277777778
617,"[(0, 7), (1, 5), (1, 7), (2, 5), (3, 4), (3, 5), (6, 7)]","[(5, 6), (4, 6), (3, 6), (2, 6), (1, 6), (0, 6), (0, 7)]",0.0
611,"[(0, 6), (1, 4), (1, 6), (2, 4), (3, 4), (5, 6)]","[(3, 4), (2, 4), (1, 4), (0, 4), (0, 5), (0, 6)]",0.5999999938
612,"[(0, 6), (1, 4), (1, 6), (2, 4), (3, 4), (5, 6)]","[(3, 4), (2, 4), (2, 5), (1, 5), (0, 5), (0, 6)]",0.39999999420000004
618,"[(0, 1), (0, 6), (2, 4), (2, 6), (3, 4), (5, 6)]","[(3, 4), (2, 4), (1, 4), (0, 4), (0, 5), (0, 6)]",0.39999999420000004
619,"[(0, 1), (0, 6), (2, 4), (2, 6), (3, 4), (5, 6)]","[(3, 4), (3, 5), (3, 6), (2, 6), (1, 6), (0, 6)]",0.39999999420000004
610,"[(0, 5), (1, 3), (1, 5), (2, 3), (4, 5)]","[(2, 3), (1, 3), (0, 3), (0, 4), (0, 5)]",0.4999999937500001
621,"[(0, 11), (1, 9), (1, 11), (2, 9), (3, 4), (3, 9), (5, 6), (5, 7), (5, 8), (5, 9), (10, 11)]","[(7, 8), (6, 8), (5, 8), (5, 9), (5, 10), (4, 10), (3, 10), (3, 11), (2, 11), (1, 11), (0, 11)]",0.29999999470000005
622,"[(0, 9), (0, 11), (1, 2), (1, 9), (3, 9), (4, 5), (4, 8), (4, 9), (6, 7), (6, 8), (10, 11)]","[(8, 9), (7, 9), (6, 9), (5, 9), (4, 9), (3, 9), (3, 10), (2, 10), (1, 10), (0, 10), (0, 11)]",0.19999999480000014
623,"[(0, 9), (0, 11), (1, 2), (1, 9), (3, 9), (4, 5), (4, 8), (4, 9), (6, 7), (6, 8), (10, 11)]","[(8, 9), (8, 10), (8, 11), (7, 11), (6, 11), (5, 11), (4, 11), (3, 11), (2, 11), (1, 11), (0, 11)]",0.0
627,"[(0, 11), (1, 2), (1, 11), (3, 11), (4, 9), (4, 11), (5, 9), (6, 9), (7, 9), (8, 9), (10, 11)]","[(8, 9), (7, 9), (6, 9), (5, 9), (4, 9), (3, 9), (2, 9), (1, 9), (1, 10), (0, 10), (0, 11)]",0.49999999450000004
624,"[(0, 10), (1, 5), (1, 8), (1, 10), (2, 5), (3, 5), (4, 5), (6, 8), (7, 8), (9, 10)]","[(8, 9), (7, 9), (6, 9), (5, 9), (4, 9), (3, 9), (2, 9), (1, 9), (1, 10), (0, 10)]",0.11111110598765454
626,"[(0, 1), (0, 3), (0, 9), (2, 3), (4, 9), (5, 7), (5, 9), (6, 7), (8, 9)]","[(7, 8), (7, 9), (6, 9), (5, 9), (4, 9), (3, 9), (2, 9), (1, 9), (0, 9)]",0.24999999468750006
628,"[(0, 9), (1, 4), (1, 7), (1, 9), (2, 4), (3, 4), (5, 7), (6, 7), (8, 9)]","[(4, 5), (3, 5), (2, 5), (1, 5), (0, 5), (0, 6), (0, 7), (0, 8), (0, 9)]",0.0
625,"[(0, 8), (1, 6), (1, 8), (2, 6), (3, 6), (4, 6), (5, 6), (7, 8)]","[(5, 6), (4, 6), (4, 7), (3, 7), (2, 7), (1, 7), (1, 8), (0, 8)]",0.42857142295918377
629,"[(0, 6), (0, 8), (1, 2), (1, 3), (1, 6), (4, 5), (4, 6), (7, 8)]","[(5, 6), (5, 7), (4, 7), (3, 7), (2, 7), (1, 7), (1, 8), (0, 8)]",0.0
620,"[(0, 1), (0, 2), (0, 7), (3, 5), (3, 7), (4, 5), (6, 7)]","[(2, 3), (1, 3), (0, 3), (0, 4), (0, 5), (0, 6), (0, 7)]",0.0
631,"[(0, 9), (1, 4), (1, 7), (1, 9), (2, 4), (3, 4), (5, 7), (6, 7), (8, 9)]","[(6, 7), (6, 8), (5, 8), (4, 8), (3, 8), (2, 8), (2, 9), (1, 9), (0, 9)]",0.24999999468750006
635,"[(0, 1), (0, 2), (0, 9), (3, 7), (3, 9), (4, 5), (4, 6), (4, 7), (8, 9)]","[(6, 7), (6, 8), (6, 9), (5, 9), (4, 9), (3, 9), (2, 9), (1, 9), (0, 9)]",0.12499999484375018
636,"[(0, 8), (1, 6), (1, 8), (2, 6), (3, 4), (3, 6), (5, 6), (7, 8)]","[(5, 6), (5, 7), (4, 7), (3, 7), (2, 7), (1, 7), (0, 7), (0, 8)]",0.14285713765306143
639,"[(0, 8), (1, 2), (1, 6), (1, 8), (3, 6), (4, 5), (4, 6), (7, 8)]","[(5, 6), (5, 7), (5, 8), (4, 8), (3, 8), (2, 8), (1, 8), (0, 8)]",0.14285713765306143
632,"[(0, 7), (1, 5), (1, 7), (2, 4), (2, 5), (3, 4), (6, 7)]","[(0, 1), (0, 2), (0, 3), (0, 4), (0, 5), (0, 6), (0, 7)]",0.0
634,"[(0, 7), (1, 3), (1, 5), (1, 7), (2, 3), (4, 5), (6, 7)]","[(5, 6), (4, 6), (4, 7), (3, 7), (2, 7), (1, 7), (0, 7)]",0.16666666138888903
630,"[(0, 6), (1, 4), (1, 6), (2, 4), (3, 4), (5, 6)]","[(4, 5), (4, 6), (3, 6), (2, 6), (1, 6), (0, 6)]",0.19999999460000012
633,"[(0, 6), (1, 4), (1, 6), (2, 4), (3, 4), (5, 6)]","[(3, 4), (2, 4), (2, 5), (2, 6), (1, 6), (0, 6)]",0.5999999938
637,"[(0, 5), (1, 3), (1, 5), (2, 3), (4, 5)]","[(3, 4), (2, 4), (2, 5), (1, 5), (0, 5)]",0.2499999943750001
638,"[(0, 5), (1, 3), (1, 5), (2, 3), (4, 5)]","[(2, 3), (1, 3), (1, 4), (1, 5), (0, 5)]",0.7499999931250001
646,"[(0, 1), (0, 11), (2, 9), (2, 11), (3, 4), (3, 7), (3, 8), (3, 9), (5, 7), (6, 7), (10, 11)]","[(8, 9), (7, 9), (6, 9), (5, 9), (4, 9), (3, 9), (2, 9), (1, 9), (0, 9), (0, 10), (0, 11)]",0.19999999480000014
642,"[(0, 7), (1, 5), (1, 7), (2, 5), (3, 4), (3, 5), (6, 7)]","[(5, 6), (5, 7), (4, 7), (3, 7), (2, 7), (1, 7), (0, 7)]",0.16666666138888903
643,"[(0, 7), (1, 5), (1, 7), (2, 5), (3, 4), (3, 5), (6, 7)]","[(4, 5), (3, 5), (3, 6), (2, 6), (2, 7), (1, 7), (0, 7)]",0.3333333277777778
647,"[(0, 7), (1, 5), (1, 7), (2, 5), (3, 4), (3, 5), (6, 7)]","[(4, 5), (4, 6), (4, 7), (3, 7), (2, 7), (1, 7), (0, 7)]",0.16666666138888903
648,"[(0, 7), (1, 5), (1, 7), (2, 5), (3, 4), (3, 5), (6, 7)]","[(4, 5), (4, 6), (4, 7), (3, 7), (2, 7), (1, 7), (0, 7)]",0.16666666138888903
641,"[(0, 5), (0, 6), (1, 2), (1, 3), (1, 5), (4, 5)]","[(5, 6), (4, 6), (3, 6), (2, 6), (1, 6), (0, 6)]",0.0
645,"[(0, 6), (1, 4), (1, 6), (2, 4), (3, 4), (5, 6)]","[(3, 4), (2, 4), (1, 4), (1, 5), (0, 5), (0, 6)]",0.5999999938
649,"[(0, 6), (1, 4), (1, 6), (2, 4), (3, 4), (5, 6)]","[(3, 4), (2, 4), (1, 4), (0, 4), (0, 5), (0, 6)]",0.5999999938
640,"[(0, 4), (1, 2), (1, 4), (3, 4)]","[(2, 3), (2, 4), (1, 4), (0, 4)]",0.33333332722222225
644,"[(0, 4), (1, 2), (1, 4), (3, 4)]","[(1, 2), (0, 2), (0, 3), (0, 4)]",0.33333332722222225
656,"[(0, 8), (1, 6), (1, 8), (2, 6), (3, 4), (3, 6), (5, 6), (7, 8)]","[(5, 6), (4, 6), (4, 7), (3, 7), (3, 8), (2, 8), (1, 8), (0, 8)]",0.28571428030612256
650,"[(0, 7), (1, 5), (1, 7), (2, 5), (3, 4), (3, 5), (6, 7)]","[(5, 6), (5, 7), (4, 7), (3, 7), (2, 7), (1, 7), (0, 7)]",0.16666666138888903
651,"[(0, 7), (1, 5), (1, 7), (2, 5), (3, 4), (3, 5), (6, 7)]","[(5, 6), (4, 6), (3, 6), (2, 6), (1, 6), (0, 6), (0, 7)]",0.0
652,"[(0, 7), (1, 5), (1, 7), (2, 5), (3, 4), (3, 5), (6, 7)]","[(4, 5), (4, 6), (3, 6), (2, 6), (1, 6), (0, 6), (0, 7)]",0.0
653,"[(0, 7), (1, 5), (1, 7), (2, 5), (3, 4), (3, 5), (6, 7)]","[(4, 5), (4, 6), (3, 6), (2, 6), (1, 6), (0, 6), (0, 7)]",0.0
654,"[(0, 7), (1, 5), (1, 7), (2, 5), (3, 4), (3, 5), (6, 7)]","[(5, 6), (4, 6), (4, 7), (3, 7), (2, 7), (1, 7), (0, 7)]",0.16666666138888903
657,"[(0, 7), (1, 5), (1, 7), (2, 5), (3, 4), (3, 5), (6, 7)]","[(5, 6), (5, 7), (4, 7), (3, 7), (2, 7), (1, 7), (0, 7)]",0.16666666138888903
658,"[(0, 6), (1, 4), (1, 6), (2, 3), (2, 4), (5, 6)]","[(3, 4), (2, 4), (1, 4), (0, 4), (0, 5), (0, 6)]",0.39999999420000004
659,"[(0, 6), (1, 4), (1, 6), (2, 4), (3, 4), (5, 6)]","[(4, 5), (3, 5), (2, 5), (1, 5), (0, 5), (0, 6)]",0.0
655,"[(0, 5), (1, 3), (1, 5), (2, 3), (4, 5)]","[(2, 3), (1, 3), (0, 3), (0, 4), (0, 5)]",0.4999999937500001
663,"[(0, 9), (1, 7), (1, 9), (2, 7), (3, 4), (3, 7), (5, 6), (5, 7), (8, 9)]","[(7, 8), (6, 8), (5, 8), (4, 8), (4, 9), (3, 9), (2, 9), (1, 9), (0, 9)]",0.12499999484375018
661,"[(0, 8), (1, 6), (1, 8), (2, 6), (3, 4), (3, 6), (5, 6), (7, 8)]","[(5, 6), (4, 6), (4, 7), (3, 7), (2, 7), (1, 7), (0, 7), (0, 8)]",0.14285713765306143
664,"[(0, 1), (0, 2), (0, 8), (3, 6), (3, 8), (4, 6), (5, 6), (7, 8)]","[(5, 6), (4, 6), (3, 6), (2, 6), (1, 6), (0, 6), (0, 7), (0, 8)]",0.42857142295918377
662,"[(0, 7), (1, 5), (1, 7), (2, 5), (3, 4), (3, 5), (6, 7)]","[(4, 5), (3, 5), (2, 5), (1, 5), (0, 5), (0, 6), (0, 7)]",0.4999999941666667
665,"[(0, 1), (0, 2), (0, 7), (3, 5), (3, 7), (4, 5), (6, 7)]","[(5, 6), (5, 7), (4, 7), (3, 7), (2, 7), (1, 7), (0, 7)]",0.16666666138888903
669,"[(0, 7), (1, 5), (1, 7), (2, 5), (3, 5), (4, 5), (6, 7)]","[(4, 5), (3, 5), (2, 5), (2, 6), (1, 6), (0, 6), (0, 7)]",0.4999999941666667
666,"[(0, 6), (1, 4), (1, 6), (2, 4), (3, 4), (5, 6)]","[(5, 6), (4, 6), (3, 6), (2, 6), (1, 6), (0, 6)]",0.19999999460000012
667,"[(0, 6), (1, 4), (1, 6), (2, 4), (3, 4), (5, 6)]","[(3, 4), (3, 5), (2, 5), (2, 6), (1, 6), (0, 6)]",0.39999999420000004
668,"[(0, 6), (1, 4), (1, 6), (2, 3), (2, 4), (5, 6)]","[(3, 4), (2, 4), (1, 4), (1, 5), (0, 5), (0, 6)]",0.39999999420000004
660,"[(0, 4), (1, 2), (1, 4), (3, 4)]","[(1, 2), (0, 2), (0, 3), (0, 4)]",0.33333332722222225
676,"[(0, 10), (1, 2), (1, 8), (1, 10), (3, 8), (4, 8), (5, 8), (6, 8), (7, 8), (9, 10)]","[(8, 9), (7, 9), (6, 9), (5, 9), (4, 9), (3, 9), (3, 10), (2, 10), (1, 10), (0, 10)]",0.11111110598765454
670,"[(0, 9), (1, 7), (1, 9), (2, 7), (3, 4), (3, 7), (5, 6), (5, 7), (8, 9)]","[(6, 7), (5, 7), (5, 8), (5, 9), (4, 9), (3, 9), (2, 9), (1, 9), (0, 9)]",0.24999999468750006
673,"[(0, 9), (1, 2), (1, 9), (3, 7), (3, 9), (4, 7), (5, 7), (6, 7), (8, 9)]","[(6, 7), (5, 7), (4, 7), (4, 8), (3, 8), (2, 8), (1, 8), (0, 8), (0, 9)]",0.37499999453125
675,"[(0, 1), (0, 2), (0, 8), (3, 6), (3, 8), (4, 6), (5, 6), (7, 8)]","[(6, 7), (5, 7), (5, 8), (4, 8), (3, 8), (2, 8), (1, 8), (0, 8)]",0.14285713765306143
671,"[(0, 6), (1, 4), (1, 6), (2, 4), (3, 4), (5, 6)]","[(3, 4), (2, 4), (1, 4), (0, 4), (0, 5), (0, 6)]",0.5999999938
672,"[(0, 6), (1, 4), (1, 6), (2, 3), (2, 4), (5, 6)]","[(4, 5), (3, 5), (3, 6), (2, 6), (1, 6), (0, 6)]",0.19999999460000012
674,"[(0, 6), (1, 4), (1, 6), (2, 4), (3, 4), (5, 6)]","[(4, 5), (3, 5), (3, 6), (2, 6), (1, 6), (0, 6)]",0.19999999460000012
678,"[(0, 6), (1, 4), (1, 6), (2, 4), (3, 4), (5, 6)]","[(3, 4), (3, 5), (2, 5), (1, 5), (1, 6), (0, 6)]",0.39999999420000004
679,"[(0, 6), (1, 4), (1, 6), (2, 4), (3, 4), (5, 6)]","[(3, 4), (2, 4), (1, 4), (0, 4), (0, 5), (0, 6)]",0.5999999938
677,"[(0, 5), (1, 2), (1, 3), (1, 5), (4, 5)]","[(3, 4), (2, 4), (1, 4), (1, 5), (0, 5)]",0.2499999943750001
680,"[(0, 1), (0, 2), (0, 8), (3, 6), (3, 8), (4, 6), (5, 6), (7, 8)]","[(2, 3), (1, 3), (0, 3), (0, 4), (0, 5), (0, 6), (0, 7), (0, 8)]",0.0
688,"[(0, 8), (1, 6), (1, 8), (2, 6), (3, 6), (4, 6), (5, 6), (7, 8)]","[(5, 6), (4, 6), (4, 7), (3, 7), (2, 7), (1, 7), (0, 7), (0, 8)]",0.28571428030612256
681,"[(0, 1), (0, 7), (2, 5), (2, 7), (3, 4), (3, 5), (6, 7)]","[(4, 5), (4, 6), (3, 6), (2, 6), (1, 6), (0, 6), (0, 7)]",0.0
686,"[(0, 7), (1, 5), (1, 7), (2, 3), (2, 5), (4, 5), (6, 7)]","[(5, 6), (4, 6), (4, 7), (3, 7), (2, 7), (1, 7), (0, 7)]",0.16666666138888903
684,"[(0, 6), (1, 4), (1, 6), (2, 4), (3, 4), (5, 6)]","[(3, 4), (2, 4), (1, 4), (0, 4), (0, 5), (0, 6)]",0.5999999938
682,"[(0, 5), (1, 3), (1, 5), (2, 3), (4, 5)]","[(3, 4), (2, 4), (2, 5), (1, 5), (0, 5)]",0.2499999943750001
683,"[(0, 5), (1, 2), (1, 3), (1, 5), (4, 5)]","[(3, 4), (3, 5), (2, 5), (1, 5), (0, 5)]",0.2499999943750001
685,"[(0, 5), (1, 3), (1, 5), (2, 3), (4, 5)]","[(1, 2), (1, 3), (1, 4), (0, 4), (0, 5)]",0.2499999943750001
687,"[(0, 5), (1, 3), (1, 5), (2, 3), (4, 5)]","[(2, 3), (1, 3), (0, 3), (0, 4), (0, 5)]",0.4999999937500001
689,"[(0, 5), (1, 3), (1, 5), (2, 3), (4, 5)]","[(3, 4), (2, 4), (1, 4), (1, 5), (0, 5)]",0.2499999943750001
691,"[(0, 9), (1, 3), (1, 7), (1, 9), (2, 3), (4, 7), (5, 6), (5, 7), (8, 9)]","[(4, 5), (4, 6), (4, 7), (4, 8), (4, 9), (3, 9), (2, 9), (1, 9), (0, 9)]",0.24999999468750006
692,"[(0, 1), (0, 2), (0, 8), (3, 6), (3, 8), (4, 6), (5, 6), (7, 8)]","[(6, 7), (5, 7), (4, 7), (3, 7), (2, 7), (1, 7), (0, 7), (0, 8)]",0.0
698,"[(0, 8), (1, 6), (1, 8), (2, 6), (3, 4), (3, 5), (3, 6), (7, 8)]","[(6, 7), (5, 7), (4, 7), (3, 7), (2, 7), (1, 7), (0, 7), (0, 8)]",0.0
694,"[(0, 7), (1, 5), (1, 7), (2, 5), (3, 4), (3, 5), (6, 7)]","[(5, 6), (5, 7), (4, 7), (3, 7), (2, 7), (1, 7), (0, 7)]",0.16666666138888903
690,"[(0, 1), (0, 2), (0, 6), (3, 4), (3, 6), (5, 6)]","[(3, 4), (2, 4), (1, 4), (0, 4), (0, 5), (0, 6)]",0.19999999460000012
693,"[(0, 6), (1, 4), (1, 6), (2, 4), (3, 4), (5, 6)]","[(3, 4), (3, 5), (2, 5), (1, 5), (0, 5), (0, 6)]",0.19999999460000012
697,"[(0, 6), (1, 4), (1, 6), (2, 4), (3, 4), (5, 6)]","[(2, 3), (1, 3), (0, 3), (0, 4), (0, 5), (0, 6)]",0.0
699,"[(0, 5), (1, 3), (1, 5), (2, 3), (4, 5)]","[(2, 3), (1, 3), (1, 4), (0, 4), (0, 5)]",0.4999999937500001
695,"[(0, 4), (1, 2), (1, 4), (3, 4)]","[(1, 2), (1, 3), (0, 3), (0, 4)]",0.33333332722222225
696,"[(0, 4), (1, 2), (1, 4), (3, 4)]","[(1, 2), (1, 3), (1, 4), (0, 4)]",0.6666666594444445
708,"[(0, 14), (1, 6), (1, 12), (1, 14), (2, 4), (2, 6), (3, 4), (5, 6), (7, 12), (8, 12), (9, 12), (10, 12), (11, 12), (13, 14)]","[(11, 12), (10, 12), (9, 12), (8, 12), (7, 12), (6, 12), (5, 12), (4, 12), (3, 12), (2, 12), (1, 12), (0, 12), (0, 13), (0, 14)]",0.461538456183432
709,"[(0, 2), (0, 11), (1, 2), (3, 11), (4, 9), (4, 11), (5, 8), (5, 9), (6, 7), (6, 8), (10, 11)]","[(8, 9), (7, 9), (6, 9), (5, 9), (4, 9), (3, 9), (2, 9), (2, 10), (2, 11), (1, 11), (0, 11)]",0.19999999480000014
706,"[(0, 9), (1, 2), (1, 7), (1, 9), (3, 7), (4, 7), (5, 6), (5, 7), (8, 9)]","[(6, 7), (6, 8), (5, 8), (4, 8), (3, 8), (2, 8), (2, 9), (1, 9), (0, 9)]",0.12499999484375018
705,"[(0, 6), (0, 8), (1, 2), (1, 3), (1, 6), (4, 6), (5, 6), (7, 8)]","[(5, 6), (4, 6), (3, 6), (2, 6), (1, 6), (1, 7), (1, 8), (0, 8)]",0.42857142295918377
701,"[(0, 6), (1, 4), (1, 6), (2, 4), (3, 4), (5, 6)]","[(4, 5), (3, 5), (2, 5), (1, 5), (0, 5), (0, 6)]",0.0
703,"[(0, 6), (1, 4), (1, 6), (2, 4), (3, 4), (5, 6)]","[(3, 4), (3, 5), (2, 5), (2, 6), (1, 6), (0, 6)]",0.39999999420000004
704,"[(0, 6), (1, 4), (1, 6), (2, 4), (3, 4), (5, 6)]","[(3, 4), (2, 4), (2, 5), (1, 5), (0, 5), (0, 6)]",0.39999999420000004
702,"[(0, 5), (1, 3), (1, 5), (2, 3), (4, 5)]","[(3, 4), (3, 5), (2, 5), (1, 5), (0, 5)]",0.2499999943750001
707,"[(0, 5), (1, 3), (1, 5), (2, 3), (4, 5)]","[(3, 4), (2, 4), (1, 4), (0, 4), (0, 5)]",0.0
700,"[(0, 4), (1, 2), (1, 4), (3, 4)]","[(2, 3), (1, 3), (1, 4), (0, 4)]",0.33333332722222225
710,"[(0, 12), (1, 10), (1, 12), (2, 8), (2, 10), (3, 5), (3, 6), (3, 8), (4, 5), (7, 8), (9, 10), (11, 12)]","[(9, 10), (8, 10), (8, 11), (7, 11), (6, 11), (5, 11), (4, 11), (3, 11), (2, 11), (1, 11), (0, 11), (0, 12)]",0.09090908582644655
712,"[(0, 1), (0, 2), (0, 3), (0, 9), (4, 7), (4, 9), (5, 7), (6, 7), (8, 9)]","[(6, 7), (6, 8), (5, 8), (4, 8), (3, 8), (2, 8), (1, 8), (1, 9), (0, 9)]",0.12499999484375018
719,"[(0, 1), (0, 2), (0, 8), (3, 5), (3, 6), (3, 8), (4, 5), (7, 8)]","[(6, 7), (5, 7), (5, 8), (4, 8), (3, 8), (2, 8), (1, 8), (0, 8)]",0.14285713765306143
713,"[(0, 6), (1, 4), (1, 6), (2, 4), (3, 4), (5, 6)]","[(3, 4), (2, 4), (1, 4), (0, 4), (0, 5), (0, 6)]",0.5999999938
714,"[(0, 6), (1, 4), (1, 6), (2, 4), (3, 4), (5, 6)]","[(3, 4), (2, 4), (1, 4), (1, 5), (1, 6), (0, 6)]",0.7999999934
715,"[(0, 6), (1, 4), (1, 6), (2, 4), (3, 4), (5, 6)]","[(3, 4), (2, 4), (2, 5), (1, 5), (0, 5), (0, 6)]",0.39999999420000004
716,"[(0, 6), (1, 4), (1, 6), (2, 4), (3, 4), (5, 6)]","[(3, 4), (3, 5), (2, 5), (1, 5), (0, 5), (0, 6)]",0.19999999460000012
717,"[(0, 5), (1, 3), (1, 5), (2, 3), (4, 5)]","[(3, 4), (2, 4), (2, 5), (1, 5), (0, 5)]",0.2499999943750001
718,"[(0, 5), (1, 3), (1, 5), (2, 3), (4, 5)]","[(2, 3), (1, 3), (1, 4), (1, 5), (0, 5)]",0.7499999931250001
711,"[(0, 4), (1, 2), (1, 4), (3, 4)]","[(1, 2), (0, 2), (0, 3), (0, 4)]",0.33333332722222225
722,"[(0, 1), (0, 2), (0, 8), (3, 6), (3, 8), (4, 6), (5, 6), (7, 8)]","[(5, 6), (4, 6), (3, 6), (2, 6), (1, 6), (0, 6), (0, 7), (0, 8)]",0.42857142295918377
725,"[(0, 7), (1, 5), (1, 7), (2, 5), (3, 4), (3, 5), (6, 7)]","[(5, 6), (5, 7), (4, 7), (3, 7), (2, 7), (1, 7), (0, 7)]",0.16666666138888903
728,"[(0, 2), (0, 7), (1, 2), (3, 5), (3, 7), (4, 5), (6, 7)]","[(4, 5), (3, 5), (3, 6), (3, 7), (2, 7), (1, 7), (0, 7)]",0.4999999941666667
721,"[(0, 6), (1, 5), (1, 6), (2, 5), (3, 5), (4, 5)]","[(5, 6), (4, 6), (3, 6), (2, 6), (1, 6), (0, 6)]",0.19999999460000012
727,"[(0, 6), (1, 4), (1, 6), (2, 4), (3, 4), (5, 6)]","[(3, 4), (2, 4), (1, 4), (1, 5), (1, 6), (0, 6)]",0.7999999934
720,"[(0, 5), (1, 3), (1, 5), (2, 3), (4, 5)]","[(3, 4), (3, 5), (2, 5), (1, 5), (0, 5)]",0.2499999943750001
724,"[(0, 5), (1, 3), (1, 5), (2, 3), (4, 5)]","[(2, 3), (1, 3), (1, 4), (0, 4), (0, 5)]",0.4999999937500001
726,"[(0, 5), (1, 3), (1, 5), (2, 3), (4, 5)]","[(2, 3), (1, 3), (1, 4), (1, 5), (0, 5)]",0.7499999931250001
729,"[(0, 5), (1, 3), (1, 5), (2, 3), (4, 5)]","[(2, 3), (1, 3), (0, 3), (0, 4), (0, 5)]",0.4999999937500001
723,"[(0, 4), (1, 2), (1, 4), (3, 4)]","[(1, 2), (1, 3), (1, 4), (0, 4)]",0.6666666594444445
738,"[(0, 1), (0, 2), (0, 8), (3, 6), (3, 8), (4, 6), (5, 6), (7, 8)]","[(5, 6), (5, 7), (4, 7), (3, 7), (2, 7), (1, 7), (1, 8), (0, 8)]",0.14285713765306143
732,"[(0, 7), (1, 5), (1, 7), (2, 5), (3, 5), (4, 5), (6, 7)]","[(4, 5), (3, 5), (3, 6), (2, 6), (1, 6), (1, 7), (0, 7)]",0.4999999941666667
737,"[(0, 6), (1, 4), (1, 6), (2, 4), (3, 4), (5, 6)]","[(3, 4), (2, 4), (2, 5), (1, 5), (0, 5), (0, 6)]",0.39999999420000004
739,"[(0, 6), (1, 4), (1, 6), (2, 4), (3, 4), (5, 6)]","[(4, 5), (3, 5), (3, 6), (2, 6), (1, 6), (0, 6)]",0.19999999460000012
730,"[(0, 5), (1, 3), (1, 5), (2, 3), (4, 5)]","[(2, 3), (1, 3), (0, 3), (0, 4), (0, 5)]",0.4999999937500001
731,"[(0, 5), (1, 3), (1, 5), (2, 3), (4, 5)]","[(2, 3), (1, 3), (1, 4), (0, 4), (0, 5)]",0.4999999937500001
733,"[(0, 5), (1, 2), (1, 3), (1, 5), (4, 5)]","[(2, 3), (1, 3), (0, 3), (0, 4), (0, 5)]",0.2499999943750001
734,"[(0, 1), (0, 5), (2, 3), (2, 5), (4, 5)]","[(2, 3), (2, 4), (1, 4), (0, 4), (0, 5)]",0.2499999943750001
735,"[(0, 5), (1, 3), (1, 5), (2, 3), (4, 5)]","[(2, 3), (1, 3), (1, 4), (1, 5), (0, 5)]",0.7499999931250001
736,"[(0, 5), (1, 3), (1, 5), (2, 3), (4, 5)]","[(3, 4), (3, 5), (2, 5), (1, 5), (0, 5)]",0.2499999943750001
746,"[(0, 2), (0, 10), (1, 2), (3, 4), (3, 8), (3, 10), (5, 8), (6, 8), (7, 8), (9, 10)]","[(8, 9), (8, 10), (7, 10), (6, 10), (5, 10), (4, 10), (3, 10), (2, 10), (1, 10), (0, 10)]",0.11111110598765454
743,"[(0, 9), (1, 7), (1, 9), (2, 7), (3, 4), (3, 7), (5, 6), (5, 7), (8, 9)]","[(6, 7), (5, 7), (5, 8), (4, 8), (3, 8), (2, 8), (1, 8), (1, 9), (0, 9)]",0.24999999468750006
744,"[(0, 2), (0, 9), (1, 2), (3, 7), (3, 9), (4, 7), (5, 7), (6, 7), (8, 9)]","[(7, 8), (6, 8), (6, 9), (5, 9), (4, 9), (3, 9), (2, 9), (1, 9), (0, 9)]",0.12499999484375018
749,"[(0, 9), (1, 7), (1, 9), (2, 7), (3, 4), (3, 7), (5, 6), (5, 7), (8, 9)]","[(6, 7), (5, 7), (4, 7), (3, 7), (2, 7), (1, 7), (0, 7), (0, 8), (0, 9)]",0.49999999437500003
740,"[(0, 7), (1, 5), (1, 7), (2, 5), (3, 4), (3, 5), (6, 7)]","[(4, 5), (4, 6), (4, 7), (3, 7), (2, 7), (1, 7), (0, 7)]",0.16666666138888903
745,"[(0, 7), (1, 5), (1, 7), (2, 5), (3, 5), (4, 5), (6, 7)]","[(3, 4), (2, 4), (1, 4), (1, 5), (1, 6), (0, 6), (0, 7)]",0.16666666138888903
748,"[(0, 7), (1, 5), (1, 7), (2, 5), (3, 4), (3, 5), (6, 7)]","[(4, 5), (4, 6), (3, 6), (3, 7), (2, 7), (1, 7), (0, 7)]",0.16666666138888903
742,"[(0, 1), (0, 6), (2, 4), (2, 6), (3, 4), (5, 6)]","[(4, 5), (3, 5), (2, 5), (1, 5), (0, 5), (0, 6)]",0.0
747,"[(0, 6), (1, 4), (1, 6), (2, 3), (2, 4), (5, 6)]","[(4, 5), (3, 5), (2, 5), (1, 5), (1, 6), (0, 6)]",0.19999999460000012
741,"[(0, 4), (1, 2), (1, 4), (3, 4)]","[(1, 2), (0, 2), (0, 3), (0, 4)]",0.33333332722222225
759,"[(0, 11), (1, 9), (1, 11), (2, 5), (2, 9), (3, 4), (3, 5), (6, 9), (7, 8), (7, 9), (10, 11)]","[(8, 9), (8, 10), (7, 10), (6, 10), (5, 10), (4, 10), (3, 10), (2, 10), (2, 11), (1, 11), (0, 11)]",0.09999999490000026
753,"[(0, 9), (1, 2), (1, 9), (3, 7), (3, 9), (4, 7), (5, 7), (6, 7), (8, 9)]","[(6, 7), (5, 7), (4, 7), (4, 8), (3, 8), (2, 8), (1, 8), (0, 8), (0, 9)]",0.37499999453125
758,"[(0, 2), (0, 9), (1, 2), (3, 7), (3, 9), (4, 7), (5, 6), (5, 7), (8, 9)]","[(6, 7), (5, 7), (4, 7), (3, 7), (2, 7), (1, 7), (1, 8), (0, 8), (0, 9)]",0.37499999453125
756,"[(0, 5), (0, 7), (1, 2), (1, 3), (1, 5), (4, 5), (6, 7)]","[(4, 5), (4, 6), (3, 6), (2, 6), (2, 7), (1, 7), (0, 7)]",0.16666666138888903
750,"[(0, 1), (0, 6), (2, 3), (2, 4), (2, 6), (5, 6)]","[(3, 4), (3, 5), (2, 5), (2, 6), (1, 6), (0, 6)]",0.19999999460000012
754,"[(0, 6), (1, 4), (1, 6), (2, 3), (2, 4), (5, 6)]","[(3, 4), (2, 4), (1, 4), (0, 4), (0, 5), (0, 6)]",0.39999999420000004
757,"[(0, 2), (0, 6), (1, 2), (3, 4), (3, 6), (5, 6)]","[(4, 5), (3, 5), (3, 6), (2, 6), (1, 6), (0, 6)]",0.19999999460000012
751,"[(0, 5), (1, 3), (1, 5), (2, 3), (4, 5)]","[(2, 3), (1, 3), (0, 3), (0, 4), (0, 5)]",0.4999999937500001
755,"[(0, 5), (1, 3), (1, 5), (2, 3), (4, 5)]","[(2, 3), (2, 4), (1, 4), (0, 4), (0, 5)]",0.2499999943750001
752,"[(0, 4), (1, 2), (1, 4), (3, 4)]","[(1, 2), (0, 2), (0, 3), (0, 4)]",0.33333332722222225
766,"[(0, 8), (1, 3), (1, 6), (1, 8), (2, 3), (4, 5), (4, 6), (7, 8)]","[(4, 5), (3, 5), (2, 5), (1, 5), (0, 5), (0, 6), (0, 7), (0, 8)]",0.14285713765306143
767,"[(0, 2), (0, 8), (1, 2), (3, 6), (3, 8), (4, 6), (5, 6), (7, 8)]","[(5, 6), (4, 6), (4, 7), (3, 7), (2, 7), (1, 7), (0, 7), (0, 8)]",0.28571428030612256
761,"[(0, 7), (1, 5), (1, 7), (2, 5), (3, 5), (4, 5), (6, 7)]","[(4, 5), (4, 6), (3, 6), (3, 7), (2, 7), (1, 7), (0, 7)]",0.3333333277777778
765,"[(0, 7), (1, 5), (1, 7), (2, 5), (3, 5), (4, 5), (6, 7)]","[(1, 2), (0, 2), (0, 3), (0, 4), (0, 5), (0, 6), (0, 7)]",0.0
768,"[(0, 1), (0, 7), (2, 5), (2, 7), (3, 4), (3, 5), (6, 7)]","[(4, 5), (3, 5), (2, 5), (1, 5), (0, 5), (0, 6), (0, 7)]",0.3333333277777778
760,"[(0, 6), (1, 4), (1, 6), (2, 4), (3, 4), (5, 6)]","[(3, 4), (2, 4), (2, 5), (2, 6), (1, 6), (0, 6)]",0.5999999938
762,"[(0, 6), (1, 4), (1, 6), (2, 4), (3, 4), (5, 6)]","[(3, 4), (2, 4), (2, 5), (2, 6), (1, 6), (0, 6)]",0.5999999938
764,"[(0, 6), (1, 4), (1, 6), (2, 4), (3, 4), (5, 6)]","[(3, 4), (2, 4), (1, 4), (0, 4), (0, 5), (0, 6)]",0.5999999938
769,"[(0, 6), (1, 4), (1, 6), (2, 4), (3, 4), (5, 6)]","[(3, 4), (3, 5), (3, 6), (2, 6), (1, 6), (0, 6)]",0.39999999420000004
763,"[(0, 5), (1, 3), (1, 5), (2, 3), (4, 5)]","[(3, 4), (2, 4), (2, 5), (1, 5), (0, 5)]",0.2499999943750001
773,"[(0, 2), (0, 8), (1, 2), (3, 6), (3, 8), (4, 6), (5, 6), (7, 8)]","[(5, 6), (5, 7), (4, 7), (3, 7), (2, 7), (1, 7), (0, 7), (0, 8)]",0.14285713765306143
776,"[(0, 1), (0, 8), (2, 6), (2, 8), (3, 4), (3, 6), (5, 6), (7, 8)]","[(5, 6), (4, 6), (4, 7), (3, 7), (2, 7), (1, 7), (0, 7), (0, 8)]",0.14285713765306143
771,"[(0, 7), (1, 5), (1, 7), (2, 5), (3, 5), (4, 5), (6, 7)]","[(4, 5), (4, 6), (3, 6), (2, 6), (1, 6), (0, 6), (0, 7)]",0.16666666138888903
774,"[(0, 7), (1, 5), (1, 7), (2, 5), (3, 4), (3, 5), (6, 7)]","[(5, 6), (5, 7), (4, 7), (3, 7), (2, 7), (1, 7), (0, 7)]",0.16666666138888903
775,"[(0, 7), (1, 5), (1, 7), (2, 5), (3, 4), (3, 5), (6, 7)]","[(5, 6), (4, 6), (4, 7), (3, 7), (2, 7), (1, 7), (0, 7)]",0.16666666138888903
777,"[(0, 7), (1, 5), (1, 7), (2, 5), (3, 4), (3, 5), (6, 7)]","[(4, 5), (3, 5), (2, 5), (1, 5), (1, 6), (0, 6), (0, 7)]",0.4999999941666667
779,"[(0, 7), (1, 5), (1, 7), (2, 5), (3, 4), (3, 5), (6, 7)]","[(5, 6), (4, 6), (3, 6), (2, 6), (1, 6), (0, 6), (0, 7)]",0.0
770,"[(0, 6), (1, 4), (1, 6), (2, 3), (2, 4), (5, 6)]","[(4, 5), (3, 5), (2, 5), (1, 5), (0, 5), (0, 6)]",0.0
772,"[(0, 6), (1, 4), (1, 6), (2, 4), (3, 4), (5, 6)]","[(4, 5), (4, 6), (3, 6), (2, 6), (1, 6), (0, 6)]",0.19999999460000012
778,"[(0, 5), (1, 3), (1, 5), (2, 3), (4, 5)]","[(3, 4), (3, 5), (2, 5), (1, 5), (0, 5)]",0.2499999943750001
780,"[(0, 2), (0, 3), (0, 4), (0, 5), (0, 9), (1, 2), (6, 7), (6, 9), (8, 9)]","[(7, 8), (7, 9), (6, 9), (5, 9), (4, 9), (3, 9), (2, 9), (1, 9), (0, 9)]",0.12499999484375018
785,"[(0, 1), (0, 9), (2, 7), (2, 9), (3, 4), (3, 7), (5, 6), (5, 7), (8, 9)]","[(6, 7), (5, 7), (4, 7), (4, 8), (3, 8), (2, 8), (1, 8), (1, 9), (0, 9)]",0.12499999484375018
784,"[(0, 7), (1, 5), (1, 7), (2, 5), (3, 4), (3, 5), (6, 7)]","[(5, 6), (4, 6), (3, 6), (3, 7), (2, 7), (1, 7), (0, 7)]",0.16666666138888903
786,"[(0, 1), (0, 2), (0, 7), (3, 5), (3, 7), (4, 5), (6, 7)]","[(4, 5), (3, 5), (2, 5), (1, 5), (1, 6), (0, 6), (0, 7)]",0.3333333277777778
787,"[(0, 2), (0, 7), (1, 2), (3, 5), (3, 7), (4, 5), (6, 7)]","[(4, 5), (3, 5), (2, 5), (1, 5), (0, 5), (0, 6), (0, 7)]",0.3333333277777778
788,"[(0, 2), (0, 7), (1, 2), (3, 5), (3, 7), (4, 5), (6, 7)]","[(4, 5), (3, 5), (3, 6), (3, 7), (2, 7), (1, 7), (0, 7)]",0.4999999941666667
783,"[(0, 2), (0, 6), (1, 2), (3, 4), (3, 6), (5, 6)]","[(3, 4), (2, 4), (1, 4), (0, 4), (0, 5), (0, 6)]",0.19999999460000012
789,"[(0, 6), (1, 4), (1, 6), (2, 4), (3, 4), (5, 6)]","[(4, 5), (4, 6), (3, 6), (2, 6), (1, 6), (0, 6)]",0.19999999460000012
782,"[(0, 5), (1, 3), (1, 5), (2, 3), (4, 5)]","[(3, 4), (3, 5), (2, 5), (1, 5), (0, 5)]",0.2499999943750001
781,"[(0, 4), (1, 2), (1, 4), (3, 4)]","[(1, 2), (0, 2), (0, 3), (0, 4)]",0.33333332722222225
794,"[(0, 9), (1, 7), (1, 9), (2, 7), (3, 4), (3, 5), (3, 7), (6, 7), (8, 9)]","[(6, 7), (6, 8), (6, 9), (5, 9), (4, 9), (3, 9), (2, 9), (1, 9), (0, 9)]",0.24999999468750006
793,"[(0, 2), (0, 7), (1, 2), (3, 5), (3, 7), (4, 5), (6, 7)]","[(4, 5), (3, 5), (2, 5), (1, 5), (0, 5), (0, 6), (0, 7)]",0.3333333277777778
799,"[(0, 7), (1, 5), (1, 7), (2, 5), (3, 4), (3, 5), (6, 7)]","[(0, 1), (0, 2), (0, 3), (0, 4), (0, 5), (0, 6), (0, 7)]",0.0
791,"[(0, 6), (1, 4), (1, 6), (2, 4), (3, 4), (5, 6)]","[(3, 4), (2, 4), (2, 5), (1, 5), (1, 6), (0, 6)]",0.5999999938
796,"[(0, 6), (1, 4), (1, 6), (2, 4), (3, 4), (5, 6)]","[(4, 5), (4, 6), (3, 6), (2, 6), (1, 6), (0, 6)]",0.19999999460000012
792,"[(0, 1), (0, 5), (2, 3), (2, 5), (4, 5)]","[(2, 3), (2, 4), (1, 4), (0, 4), (0, 5)]",0.2499999943750001
795,"[(0, 5), (1, 3), (1, 5), (2, 3), (4, 5)]","[(2, 3), (1, 3), (0, 3), (0, 4), (0, 5)]",0.4999999937500001
797,"[(0, 2), (0, 5), (1, 2), (3, 5), (4, 5)]","[(2, 3), (1, 3), (0, 3), (0, 4), (0, 5)]",0.0
798,"[(0, 5), (1, 3), (1, 5), (2, 3), (4, 5)]","[(3, 4), (2, 4), (2, 5), (1, 5), (0, 5)]",0.2499999943750001
790,"[(0, 4), (1, 2), (1, 4), (3, 4)]","[(1, 2), (0, 2), (0, 3), (0, 4)]",0.33333332722222225
801,"[(0, 9), (1, 7), (1, 9), (2, 7), (3, 4), (3, 7), (5, 6), (5, 7), (8, 9)]","[(5, 6), (4, 6), (3, 6), (2, 6), (1, 6), (0, 6), (0, 7), (0, 8), (0, 9)]",0.12499999484375018
802,"[(0, 9), (1, 7), (1, 9), (2, 7), (3, 4), (3, 7), (5, 6), (5, 7), (8, 9)]","[(6, 7), (5, 7), (4, 7), (3, 7), (2, 7), (1, 7), (0, 7), (0, 8), (0, 9)]",0.49999999437500003
803,"[(0, 2), (0, 8), (1, 2), (3, 6), (3, 8), (4, 5), (4, 6), (7, 8)]","[(5, 6), (4, 6), (3, 6), (2, 6), (1, 6), (0, 6), (0, 7), (0, 8)]",0.28571428030612256
804,"[(0, 8), (1, 6), (1, 8), (2, 6), (3, 6), (4, 5), (4, 6), (7, 8)]","[(6, 7), (6, 8), (5, 8), (4, 8), (3, 8), (2, 8), (1, 8), (0, 8)]",0.14285713765306143
807,"[(0, 7), (1, 5), (1, 7), (2, 4), (2, 5), (3, 4), (6, 7)]","[(4, 5), (4, 6), (4, 7), (3, 7), (2, 7), (1, 7), (0, 7)]",0.16666666138888903
800,"[(0, 6), (1, 4), (1, 6), (2, 3), (2, 4), (5, 6)]","[(3, 4), (3, 5), (2, 5), (1, 5), (0, 5), (0, 6)]",0.0
805,"[(0, 6), (1, 4), (1, 6), (2, 4), (3, 4), (5, 6)]","[(3, 4), (2, 4), (1, 4), (0, 4), (0, 5), (0, 6)]",0.5999999938
806,"[(0, 6), (1, 4), (1, 6), (2, 4), (3, 4), (5, 6)]","[(3, 4), (3, 5), (2, 5), (1, 5), (0, 5), (0, 6)]",0.19999999460000012
808,"[(0, 6), (1, 4), (1, 6), (2, 4), (3, 4), (5, 6)]","[(3, 4), (3, 5), (3, 6), (2, 6), (1, 6), (0, 6)]",0.39999999420000004
809,"[(0, 6), (1, 4), (1, 6), (2, 4), (3, 4), (5, 6)]","[(3, 4), (3, 5), (2, 5), (1, 5), (1, 6), (0, 6)]",0.39999999420000004
810,"[(0, 10), (1, 6), (1, 8), (1, 10), (2, 3), (2, 6), (4, 6), (5, 6), (7, 8), (9, 10)]","[(6, 7), (5, 7), (4, 7), (3, 7), (3, 8), (3, 9), (3, 10), (2, 10), (1, 10), (0, 10)]",0.11111110598765454
815,"[(0, 9), (1, 7), (1, 9), (2, 7), (3, 4), (3, 7), (5, 6), (5, 7), (8, 9)]","[(6, 7), (5, 7), (4, 7), (3, 7), (2, 7), (1, 7), (1, 8), (0, 8), (0, 9)]",0.49999999437500003
818,"[(0, 2), (0, 4), (0, 9), (1, 2), (3, 4), (5, 7), (5, 9), (6, 7), (8, 9)]","[(0, 1), (0, 2), (0, 3), (0, 4), (0, 5), (0, 6), (0, 7), (0, 8), (0, 9)]",0.24999999468750006
816,"[(0, 8), (1, 6), (1, 8), (2, 6), (3, 4), (3, 6), (5, 6), (7, 8)]","[(5, 6), (5, 7), (4, 7), (3, 7), (2, 7), (1, 7), (0, 7), (0, 8)]",0.14285713765306143
817,"[(0, 2), (0, 8), (1, 2), (3, 6), (3, 8), (4, 6), (5, 6), (7, 8)]","[(6, 7), (5, 7), (4, 7), (3, 7), (2, 7), (1, 7), (0, 7), (0, 8)]",0.0
811,"[(0, 6), (1, 4), (1, 6), (2, 4), (3, 4), (5, 6)]","[(3, 4), (2, 4), (1, 4), (0, 4), (0, 5), (0, 6)]",0.5999999938
813,"[(0, 2), (0, 6), (1, 2), (3, 4), (3, 6), (5, 6)]","[(4, 5), (4, 6), (3, 6), (2, 6), (1, 6), (0, 6)]",0.19999999460000012
814,"[(0, 6), (1, 4), (1, 6), (2, 3), (2, 4), (5, 6)]","[(4, 5), (4, 6), (3, 6), (2, 6), (1, 6), (0, 6)]",0.19999999460000012
819,"[(0, 2), (0, 6), (1, 2), (3, 4), (3, 6), (5, 6)]","[(3, 4), (2, 4), (2, 5), (1, 5), (1, 6), (0, 6)]",0.19999999460000012
812,"[(0, 1), (0, 4), (2, 4), (3, 4)]","[(1, 2), (0, 2), (0, 3), (0, 4)]",0.0
828,"[(0, 9), (1, 7), (1, 9), (2, 7), (3, 7), (4, 5), (4, 7), (6, 7), (8, 9)]","[(6, 7), (6, 8), (5, 8), (4, 8), (3, 8), (2, 8), (1, 8), (1, 9), (0, 9)]",0.24999999468750006
820,"[(0, 8), (1, 6), (1, 8), (2, 6), (3, 4), (3, 5), (3, 6), (7, 8)]","[(2, 3), (1, 3), (0, 3), (0, 4), (0, 5), (0, 6), (0, 7), (0, 8)]",0.0
821,"[(0, 1), (0, 2), (0, 8), (3, 6), (3, 8), (4, 6), (5, 6), (7, 8)]","[(2, 3), (1, 3), (0, 3), (0, 4), (0, 5), (0, 6), (0, 7), (0, 8)]",0.0
822,"[(0, 8), (1, 6), (1, 8), (2, 6), (3, 5), (3, 6), (4, 5), (7, 8)]","[(5, 6), (5, 7), (4, 7), (3, 7), (2, 7), (1, 7), (0, 7), (0, 8)]",0.0
829,"[(0, 8), (1, 2), (1, 6), (1, 8), (3, 6), (4, 6), (5, 6), (7, 8)]","[(5, 6), (5, 7), (4, 7), (3, 7), (2, 7), (1, 7), (1, 8), (0, 8)]",0.28571428030612256
823,"[(0, 2), (0, 7), (1, 2), (3, 5), (3, 7), (4, 5), (6, 7)]","[(1, 2), (0, 2), (0, 3), (0, 4), (0, 5), (0, 6), (0, 7)]",0.3333333277777778
826,"[(0, 1), (0, 7), (2, 4), (2, 5), (2, 7), (3, 4), (6, 7)]","[(5, 6), (4, 6), (3, 6), (2, 6), (1, 6), (0, 6), (0, 7)]",0.0
824,"[(0, 6), (1, 4), (1, 6), (2, 3), (2, 4), (5, 6)]","[(3, 4), (2, 4), (1, 4), (0, 4), (0, 5), (0, 6)]",0.39999999420000004
825,"[(0, 6), (1, 4), (1, 6), (2, 4), (3, 4), (5, 6)]","[(4, 5), (4, 6), (3, 6), (2, 6), (1, 6), (0, 6)]",0.19999999460000012
827,"[(0, 5), (1, 3), (1, 5), (2, 3), (4, 5)]","[(2, 3), (2, 4), (1, 4), (0, 4), (0, 5)]",0.2499999943750001
830,"[(0, 1), (0, 3), (0, 9), (2, 3), (4, 7), (4, 9), (5, 7), (6, 7), (8, 9)]","[(6, 7), (6, 8), (5, 8), (4, 8), (3, 8), (2, 8), (1, 8), (0, 8), (0, 9)]",0.12499999484375018
835,"[(0, 2), (0, 9), (1, 2), (3, 7), (3, 9), (4, 7), (5, 6), (5, 7), (8, 9)]","[(6, 7), (5, 7), (4, 7), (3, 7), (2, 7), (1, 7), (1, 8), (1, 9), (0, 9)]",0.37499999453125
834,"[(0, 2), (0, 8), (1, 2), (3, 6), (3, 8), (4, 6), (5, 6), (7, 8)]","[(5, 6), (4, 6), (3, 6), (2, 6), (1, 6), (0, 6), (0, 7), (0, 8)]",0.42857142295918377
831,"[(0, 6), (1, 4), (1, 6), (2, 4), (3, 4), (5, 6)]","[(4, 5), (4, 6), (3, 6), (2, 6), (1, 6), (0, 6)]",0.19999999460000012
836,"[(0, 1), (0, 6), (2, 3), (2, 4), (2, 6), (5, 6)]","[(4, 5), (3, 5), (3, 6), (2, 6), (1, 6), (0, 6)]",0.19999999460000012
838,"[(0, 6), (1, 3), (1, 4), (1, 6), (2, 3), (5, 6)]","[(4, 5), (3, 5), (2, 5), (2, 6), (1, 6), (0, 6)]",0.19999999460000012
832,"[(0, 5), (1, 3), (1, 5), (2, 3), (4, 5)]","[(2, 3), (1, 3), (1, 4), (0, 4), (0, 5)]",0.4999999937500001
833,"[(0, 5), (1, 3), (1, 5), (2, 3), (4, 5)]","[(2, 3), (1, 3), (0, 3), (0, 4), (0, 5)]",0.4999999937500001
837,"[(0, 5), (1, 3), (1, 5), (2, 3), (4, 5)]","[(2, 3), (2, 4), (2, 5), (1, 5), (0, 5)]",0.4999999937500001
839,"[(0, 5), (1, 3), (1, 5), (2, 3), (4, 5)]","[(2, 3), (2, 4), (2, 5), (1, 5), (0, 5)]",0.4999999937500001
844,"[(0, 1), (0, 2), (0, 7), (3, 5), (3, 7), (4, 5), (6, 7)]","[(5, 6), (4, 6), (3, 6), (2, 6), (1, 6), (0, 6), (0, 7)]",0.0
845,"[(0, 1), (0, 2), (0, 7), (3, 5), (3, 7), (4, 5), (6, 7)]","[(5, 6), (5, 7), (4, 7), (3, 7), (2, 7), (1, 7), (0, 7)]",0.16666666138888903
848,"[(0, 7), (1, 5), (1, 7), (2, 5), (3, 4), (3, 5), (6, 7)]","[(0, 1), (0, 2), (0, 3), (0, 4), (0, 5), (0, 6), (0, 7)]",0.0
841,"[(0, 6), (1, 4), (1, 6), (2, 3), (2, 4), (5, 6)]","[(3, 4), (2, 4), (1, 4), (0, 4), (0, 5), (0, 6)]",0.39999999420000004
843,"[(0, 6), (1, 4), (1, 6), (2, 4), (3, 4), (5, 6)]","[(1, 2), (0, 2), (0, 3), (0, 4), (0, 5), (0, 6)]",0.0
840,"[(0, 5), (1, 3), (1, 5), (2, 3), (4, 5)]","[(2, 3), (2, 4), (2, 5), (1, 5), (0, 5)]",0.4999999937500001
842,"[(0, 5), (1, 3), (1, 5), (2, 3), (4, 5)]","[(1, 2), (1, 3), (0, 3), (0, 4), (0, 5)]",0.2499999943750001
846,"[(0, 1), (0, 5), (2, 3), (2, 5), (4, 5)]","[(3, 4), (3, 5), (2, 5), (1, 5), (0, 5)]",0.2499999943750001
847,"[(0, 5), (1, 3), (1, 5), (2, 3), (4, 5)]","[(2, 3), (1, 3), (0, 3), (0, 4), (0, 5)]",0.4999999937500001
849,"[(0, 5), (1, 3), (1, 5), (2, 3), (4, 5)]","[(2, 3), (2, 4), (2, 5), (1, 5), (0, 5)]",0.4999999937500001
852,"[(0, 1), (0, 2), (0, 3), (0, 10), (4, 8), (4, 10), (5, 8), (6, 7), (6, 8), (9, 10)]","[(7, 8), (7, 9), (6, 9), (5, 9), (4, 9), (3, 9), (2, 9), (1, 9), (0, 9), (0, 10)]",0.0
855,"[(0, 1), (0, 2), (0, 10), (3, 8), (3, 10), (4, 8), (5, 6), (5, 7), (5, 8), (9, 10)]","[(7, 8), (6, 8), (6, 9), (6, 10), (5, 10), (4, 10), (3, 10), (2, 10), (1, 10), (0, 10)]",0.11111110598765454
851,"[(0, 7), (1, 5), (1, 7), (2, 5), (3, 4), (3, 5), (6, 7)]","[(4, 5), (3, 5), (2, 5), (1, 5), (1, 6), (0, 6), (0, 7)]",0.4999999941666667
854,"[(0, 7), (1, 5), (1, 7), (2, 5), (3, 4), (3, 5), (6, 7)]","[(4, 5), (3, 5), (2, 5), (1, 5), (1, 6), (0, 6), (0, 7)]",0.4999999941666667
856,"[(0, 1), (0, 2), (0, 7), (3, 5), (3, 7), (4, 5), (6, 7)]","[(4, 5), (3, 5), (2, 5), (2, 6), (1, 6), (0, 6), (0, 7)]",0.3333333277777778
858,"[(0, 7), (1, 5), (1, 7), (2, 5), (3, 4), (3, 5), (6, 7)]","[(4, 5), (4, 6), (3, 6), (2, 6), (1, 6), (0, 6), (0, 7)]",0.0
853,"[(0, 6), (1, 4), (1, 6), (2, 4), (3, 4), (5, 6)]","[(3, 4), (2, 4), (1, 4), (0, 4), (0, 5), (0, 6)]",0.5999999938
857,"[(0, 6), (1, 2), (1, 4), (1, 6), (3, 4), (5, 6)]","[(4, 5), (3, 5), (2, 5), (1, 5), (1, 6), (0, 6)]",0.19999999460000012
859,"[(0, 6), (1, 4), (1, 6), (2, 3), (2, 4), (5, 6)]","[(3, 4), (2, 4), (2, 5), (1, 5), (0, 5), (0, 6)]",0.19999999460000012
850,"[(0, 5), (1, 3), (1, 5), (2, 3), (4, 5)]","[(3, 4), (2, 4), (2, 5), (1, 5), (0, 5)]",0.2499999943750001
861,"[(0, 8), (0, 10), (1, 2), (1, 8), (3, 8), (4, 8), (5, 6), (5, 7), (5, 8), (9, 10)]","[(8, 9), (7, 9), (6, 9), (5, 9), (4, 9), (3, 9), (2, 9), (1, 9), (0, 9), (0, 10)]",0.0
864,"[(0, 1), (0, 2), (0, 3), (0, 10), (4, 8), (4, 10), (5, 8), (6, 7), (6, 8), (9, 10)]","[(8, 9), (7, 9), (7, 10), (6, 10), (5, 10), (4, 10), (3, 10), (2, 10), (1, 10), (0, 10)]",0.11111110598765454
866,"[(0, 2), (0, 9), (1, 2), (3, 7), (3, 9), (4, 7), (5, 7), (6, 7), (8, 9)]","[(6, 7), (6, 8), (5, 8), (4, 8), (3, 8), (2, 8), (1, 8), (0, 8), (0, 9)]",0.12499999484375018
869,"[(0, 1), (0, 2), (0, 3), (0, 8), (4, 6), (4, 8), (5, 6), (7, 8)]","[(6, 7), (6, 8), (5, 8), (4, 8), (3, 8), (2, 8), (1, 8), (0, 8)]",0.14285713765306143
867,"[(0, 7), (1, 5), (1, 7), (2, 5), (3, 4), (3, 5), (6, 7)]","[(5, 6), (4, 6), (4, 7), (3, 7), (2, 7), (1, 7), (0, 7)]",0.16666666138888903
868,"[(0, 1), (0, 7), (2, 5), (2, 7), (3, 4), (3, 5), (6, 7)]","[(5, 6), (4, 6), (3, 6), (2, 6), (1, 6), (0, 6), (0, 7)]",0.0
862,"[(0, 6), (1, 4), (1, 6), (2, 4), (3, 4), (5, 6)]","[(4, 5), (3, 5), (2, 5), (1, 5), (0, 5), (0, 6)]",0.0
863,"[(0, 6), (1, 4), (1, 6), (2, 4), (3, 4), (5, 6)]","[(3, 4), (2, 4), (1, 4), (1, 5), (0, 5), (0, 6)]",0.5999999938
865,"[(0, 6), (1, 4), (1, 6), (2, 3), (2, 4), (5, 6)]","[(3, 4), (3, 5), (2, 5), (1, 5), (1, 6), (0, 6)]",0.19999999460000012
860,"[(0, 5), (1, 3), (1, 5), (2, 3), (4, 5)]","[(2, 3), (2, 4), (1, 4), (0, 4), (0, 5)]",0.2499999943750001
871,"[(0, 9), (1, 7), (1, 9), (2, 7), (3, 7), (4, 7), (5, 6), (5, 7), (8, 9)]","[(7, 8), (6, 8), (5, 8), (5, 9), (4, 9), (3, 9), (2, 9), (1, 9), (0, 9)]",0.12499999484375018
875,"[(0, 9), (1, 7), (1, 9), (2, 7), (3, 4), (3, 5), (3, 7), (6, 7), (8, 9)]","[(6, 7), (5, 7), (4, 7), (3, 7), (2, 7), (1, 7), (1, 8), (0, 8), (0, 9)]",0.49999999437500003
877,"[(0, 2), (0, 3), (0, 9), (1, 2), (4, 7), (4, 9), (5, 6), (5, 7), (8, 9)]","[(6, 7), (6, 8), (5, 8), (4, 8), (3, 8), (3, 9), (2, 9), (1, 9), (0, 9)]",0.0
878,"[(0, 9), (1, 7), (1, 9), (2, 7), (3, 4), (3, 7), (5, 6), (5, 7), (8, 9)]","[(6, 7), (5, 7), (4, 7), (3, 7), (2, 7), (1, 7), (0, 7), (0, 8), (0, 9)]",0.49999999437500003
874,"[(0, 8), (1, 6), (1, 8), (2, 3), (2, 4), (2, 5), (2, 6), (7, 8)]","[(6, 7), (6, 8), (5, 8), (4, 8), (3, 8), (2, 8), (1, 8), (0, 8)]",0.14285713765306143
870,"[(0, 7), (1, 5), (1, 7), (2, 5), (3, 5), (4, 5), (6, 7)]","[(4, 5), (3, 5), (2, 5), (1, 5), (1, 6), (0, 6), (0, 7)]",0.6666666605555556
872,"[(0, 2), (0, 7), (1, 2), (3, 5), (3, 7), (4, 5), (6, 7)]","[(4, 5), (3, 5), (2, 5), (1, 5), (0, 5), (0, 6), (0, 7)]",0.3333333277777778
879,"[(0, 2), (0, 6), (1, 2), (3, 4), (3, 6), (5, 6)]","[(3, 4), (3, 5), (3, 6), (2, 6), (1, 6), (0, 6)]",0.39999999420000004
873,"[(0, 5), (1, 3), (1, 5), (2, 3), (4, 5)]","[(2, 3), (2, 4), (2, 5), (1, 5), (0, 5)]",0.4999999937500001
876,"[(0, 5), (1, 3), (1, 5), (2, 3), (4, 5)]","[(1, 2), (1, 3), (0, 3), (0, 4), (0, 5)]",0.2499999943750001
883,"[(0, 8), (1, 6), (1, 8), (2, 6), (3, 4), (3, 6), (5, 6), (7, 8)]","[(5, 6), (5, 7), (4, 7), (3, 7), (2, 7), (1, 7), (0, 7), (0, 8)]",0.14285713765306143
880,"[(0, 7), (1, 5), (1, 7), (2, 5), (3, 4), (3, 5), (6, 7)]","[(5, 6), (5, 7), (4, 7), (3, 7), (2, 7), (1, 7), (0, 7)]",0.16666666138888903
886,"[(0, 7), (1, 5), (1, 7), (2, 5), (3, 4), (3, 5), (6, 7)]","[(4, 5), (3, 5), (3, 6), (2, 6), (1, 6), (1, 7), (0, 7)]",0.3333333277777778
887,"[(0, 7), (1, 5), (1, 7), (2, 5), (3, 4), (3, 5), (6, 7)]","[(4, 5), (3, 5), (2, 5), (1, 5), (0, 5), (0, 6), (0, 7)]",0.4999999941666667
888,"[(0, 7), (1, 5), (1, 7), (2, 5), (3, 4), (3, 5), (6, 7)]","[(5, 6), (4, 6), (3, 6), (2, 6), (1, 6), (1, 7), (0, 7)]",0.16666666138888903
889,"[(0, 6), (1, 4), (1, 6), (2, 4), (3, 4), (5, 6)]","[(4, 5), (3, 5), (2, 5), (1, 5), (0, 5), (0, 6)]",0.0
881,"[(0, 5), (1, 3), (1, 5), (2, 3), (4, 5)]","[(4, 5), (3, 5), (2, 5), (1, 5), (0, 5)]",0.2499999943750001
882,"[(0, 5), (1, 3), (1, 5), (2, 3), (4, 5)]","[(2, 3), (1, 3), (1, 4), (1, 5), (0, 5)]",0.7499999931250001
884,"[(0, 5), (1, 3), (1, 5), (2, 3), (4, 5)]","[(2, 3), (2, 4), (1, 4), (1, 5), (0, 5)]",0.4999999937500001
885,"[(0, 5), (1, 3), (1, 5), (2, 3), (4, 5)]","[(3, 4), (2, 4), (1, 4), (0, 4), (0, 5)]",0.0
892,"[(0, 8), (1, 6), (1, 8), (2, 6), (3, 5), (3, 6), (4, 5), (7, 8)]","[(5, 6), (4, 6), (3, 6), (3, 7), (2, 7), (1, 7), (0, 7), (0, 8)]",0.14285713765306143
897,"[(0, 8), (1, 6), (1, 8), (2, 6), (3, 6), (4, 5), (4, 6), (7, 8)]","[(6, 7), (6, 8), (5, 8), (4, 8), (3, 8), (2, 8), (1, 8), (0, 8)]",0.14285713765306143
890,"[(0, 2), (0, 7), (1, 2), (3, 5), (3, 7), (4, 5), (6, 7)]","[(4, 5), (3, 5), (2, 5), (1, 5), (0, 5), (0, 6), (0, 7)]",0.3333333277777778
895,"[(0, 7), (1, 5), (1, 7), (2, 5), (3, 4), (3, 5), (6, 7)]","[(4, 5), (3, 5), (2, 5), (1, 5), (0, 5), (0, 6), (0, 7)]",0.4999999941666667
898,"[(0, 7), (1, 5), (1, 7), (2, 5), (3, 4), (3, 5), (6, 7)]","[(4, 5), (3, 5), (3, 6), (2, 6), (1, 6), (1, 7), (0, 7)]",0.3333333277777778
891,"[(0, 6), (1, 4), (1, 6), (2, 4), (3, 4), (5, 6)]","[(3, 4), (2, 4), (1, 4), (0, 4), (0, 5), (0, 6)]",0.5999999938
894,"[(0, 6), (1, 4), (1, 6), (2, 3), (2, 4), (5, 6)]","[(4, 5), (4, 6), (3, 6), (2, 6), (1, 6), (0, 6)]",0.19999999460000012
893,"[(0, 5), (1, 3), (1, 5), (2, 3), (4, 5)]","[(2, 3), (1, 3), (0, 3), (0, 4), (0, 5)]",0.4999999937500001
896,"[(0, 4), (1, 2), (1, 4), (3, 4)]","[(2, 3), (1, 3), (1, 4), (0, 4)]",0.33333332722222225
899,"[(0, 4), (1, 2), (1, 4), (3, 4)]","[(2, 3), (2, 4), (1, 4), (0, 4)]",0.33333332722222225
907,"[(0, 2), (0, 6), (0, 18), (1, 2), (3, 6), (4, 5), (4, 6), (7, 18), (8, 16), (8, 18), (9, 16), (10, 11), (10, 12), (10, 16), (13, 16), (14, 15), (14, 16), (17, 18)]","[(15, 16), (14, 16), (13, 16), (12, 16), (11, 16), (10, 16), (9, 16), (8, 16), (7, 16), (6, 16), (5, 16), (4, 16), (3, 16), (2, 16), (1, 16), (0, 16), (0, 17), (0, 18)]",0.29411764188581324
908,"[(0, 2), (0, 16), (1, 2), (3, 11), (3, 14), (3, 16), (4, 11), (5, 6), (5, 7), (5, 11), (8, 11), (9, 10), (9, 11), (12, 14), (13, 14), (15, 16)]","[(13, 14), (12, 14), (11, 14), (10, 14), (10, 15), (9, 15), (8, 15), (7, 15), (6, 15), (5, 15), (4, 15), (3, 15), (2, 15), (1, 15), (0, 15), (0, 16)]",0.13333332824444463
906,"[(0, 3), (0, 13), (1, 2), (1, 3), (4, 13), (5, 11), (5, 13), (6, 11), (7, 10), (7, 11), (8, 10), (9, 10), (12, 13)]","[(11, 12), (10, 12), (9, 12), (8, 12), (7, 12), (6, 12), (5, 12), (4, 12), (3, 12), (2, 12), (2, 13), (1, 13), (0, 13)]",0.0
901,"[(0, 7), (1, 5), (1, 7), (2, 5), (3, 4), (3, 5), (6, 7)]","[(5, 6), (4, 6), (3, 6), (2, 6), (1, 6), (0, 6), (0, 7)]",0.0
903,"[(0, 6), (1, 4), (1, 6), (2, 4), (3, 4), (5, 6)]","[(4, 5), (3, 5), (2, 5), (1, 5), (1, 6), (0, 6)]",0.19999999460000012
904,"[(0, 6), (1, 4), (1, 6), (2, 4), (3, 4), (5, 6)]","[(3, 4), (3, 5), (2, 5), (2, 6), (1, 6), (0, 6)]",0.39999999420000004
900,"[(0, 5), (1, 3), (1, 5), (2, 3), (4, 5)]","[(2, 3), (1, 3), (0, 3), (0, 4), (0, 5)]",0.4999999937500001
902,"[(0, 5), (1, 3), (1, 5), (2, 3), (4, 5)]","[(2, 3), (2, 4), (2, 5), (1, 5), (0, 5)]",0.4999999937500001
905,"[(0, 1), (0, 5), (2, 3), (2, 5), (4, 5)]","[(2, 3), (1, 3), (0, 3), (0, 4), (0, 5)]",0.2499999943750001
909,"[(0, 5), (1, 3), (1, 5), (2, 3), (4, 5)]","[(2, 3), (2, 4), (1, 4), (1, 5), (0, 5)]",0.4999999937500001
913,"[(0, 10), (1, 8), (1, 10), (2, 7), (2, 8), (3, 4), (3, 7), (5, 7), (6, 7), (9, 10)]","[(7, 8), (6, 8), (5, 8), (4, 8), (4, 9), (4, 10), (3, 10), (2, 10), (1, 10), (0, 10)]",0.11111110598765454
916,"[(0, 2), (0, 8), (1, 2), (3, 6), (3, 8), (4, 6), (5, 6), (7, 8)]","[(5, 6), (4, 6), (3, 6), (2, 6), (1, 6), (0, 6), (0, 7), (0, 8)]",0.42857142295918377
910,"[(0, 7), (1, 3), (1, 5), (1, 7), (2, 3), (4, 5), (6, 7)]","[(4, 5), (4, 6), (3, 6), (2, 6), (1, 6), (1, 7), (0, 7)]",0.3333333277777778
915,"[(0, 7), (1, 5), (1, 7), (2, 5), (3, 4), (3, 5), (6, 7)]","[(4, 5), (4, 6), (3, 6), (2, 6), (1, 6), (0, 6), (0, 7)]",0.0
917,"[(0, 7), (1, 5), (1, 7), (2, 5), (3, 5), (4, 5), (6, 7)]","[(4, 5), (3, 5), (2, 5), (1, 5), (0, 5), (0, 6), (0, 7)]",0.6666666605555556
919,"[(0, 7), (1, 3), (1, 5), (1, 7), (2, 3), (4, 5), (6, 7)]","[(4, 5), (3, 5), (2, 5), (1, 5), (0, 5), (0, 6), (0, 7)]",0.3333333277777778
911,"[(0, 6), (1, 4), (1, 6), (2, 3), (2, 4), (5, 6)]","[(3, 4), (2, 4), (1, 4), (0, 4), (0, 5), (0, 6)]",0.39999999420000004
914,"[(0, 6), (1, 4), (1, 6), (2, 4), (3, 4), (5, 6)]","[(4, 5), (4, 6), (3, 6), (2, 6), (1, 6), (0, 6)]",0.19999999460000012
918,"[(0, 6), (1, 4), (1, 6), (2, 4), (3, 4), (5, 6)]","[(3, 4), (3, 5), (2, 5), (1, 5), (1, 6), (0, 6)]",0.39999999420000004
912,"[(0, 4), (1, 2), (1, 4), (3, 4)]","[(2, 3), (1, 3), (1, 4), (0, 4)]",0.33333332722222225
922,"[(0, 2), (0, 8), (1, 2), (3, 6), (3, 8), (4, 6), (5, 6), (7, 8)]","[(5, 6), (4, 6), (3, 6), (2, 6), (1, 6), (0, 6), (0, 7), (0, 8)]",0.42857142295918377
926,"[(0, 7), (1, 5), (1, 7), (2, 5), (3, 4), (3, 5), (6, 7)]","[(4, 5), (4, 6), (3, 6), (2, 6), (1, 6), (0, 6), (0, 7)]",0.0
928,"[(0, 7), (1, 5), (1, 7), (2, 5), (3, 4), (3, 5), (6, 7)]","[(5, 6), (4, 6), (3, 6), (2, 6), (1, 6), (0, 6), (0, 7)]",0.0
921,"[(0, 6), (1, 4), (1, 6), (2, 4), (3, 4), (5, 6)]","[(3, 4), (3, 5), (2, 5), (1, 5), (1, 6), (0, 6)]",0.39999999420000004
924,"[(0, 6), (1, 4), (1, 6), (2, 4), (3, 4), (5, 6)]","[(3, 4), (3, 5), (2, 5), (1, 5), (0, 5), (0, 6)]",0.19999999460000012
927,"[(0, 6), (1, 4), (1, 6), (2, 4), (3, 4), (5, 6)]","[(4, 5), (3, 5), (3, 6), (2, 6), (1, 6), (0, 6)]",0.19999999460000012
929,"[(0, 6), (1, 4), (1, 6), (2, 4), (3, 4), (5, 6)]","[(1, 2), (0, 2), (0, 3), (0, 4), (0, 5), (0, 6)]",0.0
920,"[(0, 5), (1, 3), (1, 5), (2, 3), (4, 5)]","[(2, 3), (1, 3), (0, 3), (0, 4), (0, 5)]",0.4999999937500001
925,"[(0, 5), (1, 3), (1, 5), (2, 3), (4, 5)]","[(3, 4), (2, 4), (2, 5), (1, 5), (0, 5)]",0.2499999943750001
923,"[(0, 4), (1, 2), (1, 4), (3, 4)]","[(2, 3), (2, 4), (1, 4), (0, 4)]",0.33333332722222225
939,"[(0, 13), (1, 2), (1, 13), (3, 13), (4, 11), (4, 13), (5, 11), (6, 11), (7, 11), (8, 9), (8, 10), (8, 11), (12, 13)]","[(11, 12), (10, 12), (9, 12), (8, 12), (7, 12), (6, 12), (5, 12), (4, 12), (3, 12), (2, 12), (1, 12), (0, 12), (0, 13)]",0.0
936,"[(0, 8), (1, 6), (1, 8), (2, 3), (2, 6), (4, 5), (4, 6), (7, 8)]","[(3, 4), (3, 5), (2, 5), (1, 5), (0, 5), (0, 6), (0, 7), (0, 8)]",0.0
930,"[(0, 7), (1, 5), (1, 7), (2, 5), (3, 5), (4, 5), (6, 7)]","[(5, 6), (4, 6), (4, 7), (3, 7), (2, 7), (1, 7), (0, 7)]",0.16666666138888903
938,"[(0, 7), (1, 2), (1, 5), (1, 7), (3, 5), (4, 5), (6, 7)]","[(4, 5), (3, 5), (2, 5), (1, 5), (0, 5), (0, 6), (0, 7)]",0.4999999941666667
931,"[(0, 6), (1, 4), (1, 6), (2, 3), (2, 4), (5, 6)]","[(4, 5), (3, 5), (3, 6), (2, 6), (1, 6), (0, 6)]",0.19999999460000012
932,"[(0, 6), (1, 4), (1, 6), (2, 4), (3, 4), (5, 6)]","[(3, 4), (3, 5), (2, 5), (1, 5), (1, 6), (0, 6)]",0.39999999420000004
933,"[(0, 6), (1, 2), (1, 4), (1, 6), (3, 4), (5, 6)]","[(2, 3), (1, 3), (1, 4), (0, 4), (0, 5), (0, 6)]",0.19999999460000012
935,"[(0, 6), (1, 4), (1, 6), (2, 3), (2, 4), (5, 6)]","[(3, 4), (2, 4), (1, 4), (0, 4), (0, 5), (0, 6)]",0.39999999420000004
934,"[(0, 5), (1, 3), (1, 5), (2, 3), (4, 5)]","[(2, 3), (2, 4), (2, 5), (1, 5), (0, 5)]",0.4999999937500001
937,"[(0, 5), (1, 3), (1, 5), (2, 3), (4, 5)]","[(3, 4), (3, 5), (2, 5), (1, 5), (0, 5)]",0.2499999943750001
941,"[(0, 6), (0, 14), (1, 6), (2, 6), (3, 4), (3, 5), (3, 6), (7, 14), (8, 9), (8, 12), (8, 14), (10, 12), (11, 12), (13, 14)]","[(12, 13), (12, 14), (11, 14), (10, 14), (9, 14), (8, 14), (7, 14), (6, 14), (5, 14), (4, 14), (3, 14), (2, 14), (1, 14), (0, 14)]",0.1538461487278108
943,"[(0, 8), (1, 4), (1, 6), (1, 8), (2, 3), (2, 4), (5, 6), (7, 8)]","[(5, 6), (4, 6), (4, 7), (3, 7), (3, 8), (2, 8), (1, 8), (0, 8)]",0.28571428030612256
940,"[(0, 7), (1, 4), (1, 5), (1, 7), (2, 4), (3, 4), (6, 7)]","[(5, 6), (4, 6), (4, 7), (3, 7), (2, 7), (1, 7), (0, 7)]",0.16666666138888903
944,"[(0, 7), (1, 5), (1, 7), (2, 5), (3, 5), (4, 5), (6, 7)]","[(4, 5), (3, 5), (2, 5), (1, 5), (0, 5), (0, 6), (0, 7)]",0.6666666605555556
949,"[(0, 7), (1, 5), (1, 7), (2, 5), (3, 4), (3, 5), (6, 7)]","[(5, 6), (5, 7), (4, 7), (3, 7), (2, 7), (1, 7), (0, 7)]",0.16666666138888903
942,"[(0, 6), (1, 2), (1, 4), (1, 6), (3, 4), (5, 6)]","[(3, 4), (3, 5), (2, 5), (1, 5), (1, 6), (0, 6)]",0.39999999420000004
945,"[(0, 6), (1, 4), (1, 6), (2, 4), (3, 4), (5, 6)]","[(3, 4), (3, 5), (3, 6), (2, 6), (1, 6), (0, 6)]",0.39999999420000004
946,"[(0, 6), (1, 4), (1, 6), (2, 4), (3, 4), (5, 6)]","[(4, 5), (4, 6), (3, 6), (2, 6), (1, 6), (0, 6)]",0.19999999460000012
947,"[(0, 6), (1, 4), (1, 6), (2, 3), (2, 4), (5, 6)]","[(4, 5), (3, 5), (3, 6), (2, 6), (1, 6), (0, 6)]",0.19999999460000012
948,"[(0, 6), (1, 4), (1, 6), (2, 4), (3, 4), (5, 6)]","[(3, 4), (2, 4), (1, 4), (1, 5), (1, 6), (0, 6)]",0.7999999934
959,"[(0, 11), (1, 6), (1, 9), (1, 11), (2, 3), (2, 4), (2, 6), (5, 6), (7, 9), (8, 9), (10, 11)]","[(8, 9), (7, 9), (6, 9), (5, 9), (4, 9), (3, 9), (2, 9), (1, 9), (1, 10), (1, 11), (0, 11)]",0.3999999946000001
951,"[(0, 6), (1, 4), (1, 6), (2, 4), (3, 4), (5, 6)]","[(3, 4), (3, 5), (2, 5), (1, 5), (0, 5), (0, 6)]",0.19999999460000012
954,"[(0, 6), (1, 2), (1, 4), (1, 6), (3, 4), (5, 6)]","[(4, 5), (4, 6), (3, 6), (2, 6), (1, 6), (0, 6)]",0.19999999460000012
958,"[(0, 6), (1, 3), (1, 6), (2, 3), (4, 6), (5, 6)]","[(3, 4), (3, 5), (2, 5), (1, 5), (1, 6), (0, 6)]",0.19999999460000012
952,"[(0, 5), (1, 3), (1, 5), (2, 3), (4, 5)]","[(2, 3), (1, 3), (0, 3), (0, 4), (0, 5)]",0.4999999937500001
953,"[(0, 5), (1, 3), (1, 5), (2, 3), (4, 5)]","[(3, 4), (2, 4), (2, 5), (1, 5), (0, 5)]",0.2499999943750001
956,"[(0, 1), (0, 5), (2, 3), (2, 5), (4, 5)]","[(3, 4), (2, 4), (1, 4), (0, 4), (0, 5)]",0.0
957,"[(0, 3), (0, 5), (1, 2), (1, 3), (4, 5)]","[(3, 4), (3, 5), (2, 5), (1, 5), (0, 5)]",0.0
950,"[(0, 4), (1, 2), (1, 4), (3, 4)]","[(1, 2), (0, 2), (0, 3), (0, 4)]",0.33333332722222225
955,"[(0, 4), (1, 2), (1, 4), (3, 4)]","[(1, 2), (0, 2), (0, 3), (0, 4)]",0.33333332722222225
960,"[(0, 9), (1, 3), (1, 7), (1, 9), (2, 3), (4, 7), (5, 7), (6, 7), (8, 9)]","[(6, 7), (5, 7), (4, 7), (3, 7), (3, 8), (2, 8), (1, 8), (1, 9), (0, 9)]",0.49999999437500003
965,"[(0, 9), (1, 5), (1, 7), (1, 9), (2, 3), (2, 4), (2, 5), (6, 7), (8, 9)]","[(6, 7), (5, 7), (4, 7), (4, 8), (3, 8), (2, 8), (1, 8), (1, 9), (0, 9)]",0.24999999468750006
964,"[(0, 6), (0, 8), (1, 6), (2, 6), (3, 6), (4, 6), (5, 6), (7, 8)]","[(6, 7), (5, 7), (4, 7), (3, 7), (2, 7), (1, 7), (1, 8), (0, 8)]",0.0
966,"[(0, 8), (1, 6), (1, 8), (2, 3), (2, 6), (4, 6), (5, 6), (7, 8)]","[(4, 5), (3, 5), (3, 6), (2, 6), (1, 6), (0, 6), (0, 7), (0, 8)]",0.28571428030612256
967,"[(0, 8), (1, 3), (1, 6), (1, 8), (2, 3), (4, 5), (4, 6), (7, 8)]","[(5, 6), (4, 6), (3, 6), (2, 6), (1, 6), (0, 6), (0, 7), (0, 8)]",0.28571428030612256
962,"[(0, 1), (0, 2), (0, 7), (3, 5), (3, 7), (4, 5), (6, 7)]","[(4, 5), (3, 5), (2, 5), (1, 5), (1, 6), (1, 7), (0, 7)]",0.3333333277777778
963,"[(0, 6), (1, 4), (1, 6), (2, 4), (3, 4), (5, 6)]","[(4, 5), (4, 6), (3, 6), (2, 6), (1, 6), (0, 6)]",0.19999999460000012
968,"[(0, 6), (1, 4), (1, 6), (2, 4), (3, 4), (5, 6)]","[(4, 5), (3, 5), (2, 5), (1, 5), (0, 5), (0, 6)]",0.0
961,"[(0, 5), (1, 3), (1, 5), (2, 3), (4, 5)]","[(2, 3), (1, 3), (1, 4), (0, 4), (0, 5)]",0.4999999937500001
969,"[(0, 4), (1, 2), (1, 4), (3, 4)]","[(1, 2), (1, 3), (0, 3), (0, 4)]",0.33333332722222225
974,"[(0, 8), (1, 6), (1, 8), (2, 6), (3, 4), (3, 6), (5, 6), (7, 8)]","[(5, 6), (4, 6), (3, 6), (2, 6), (1, 6), (0, 6), (0, 7), (0, 8)]",0.5714285656122451
975,"[(0, 8), (1, 6), (1, 8), (2, 6), (3, 4), (3, 6), (5, 6), (7, 8)]","[(5, 6), (4, 6), (3, 6), (2, 6), (1, 6), (0, 6), (0, 7), (0, 8)]",0.5714285656122451
978,"[(0, 8), (1, 3), (1, 6), (1, 8), (2, 3), (4, 6), (5, 6), (7, 8)]","[(5, 6), (4, 6), (3, 6), (3, 7), (2, 7), (1, 7), (0, 7), (0, 8)]",0.28571428030612256
979,"[(0, 8), (1, 6), (1, 8), (2, 6), (3, 4), (3, 6), (5, 6), (7, 8)]","[(5, 6), (4, 6), (4, 7), (3, 7), (2, 7), (1, 7), (1, 8), (0, 8)]",0.28571428030612256
973,"[(0, 5), (0, 7), (1, 2), (1, 3), (1, 5), (4, 5), (6, 7)]","[(4, 5), (3, 5), (2, 5), (2, 6), (1, 6), (0, 6), (0, 7)]",0.16666666138888903
976,"[(0, 7), (1, 5), (1, 7), (2, 5), (3, 5), (4, 5), (6, 7)]","[(4, 5), (4, 6), (3, 6), (2, 6), (1, 6), (1, 7), (0, 7)]",0.3333333277777778
970,"[(0, 6), (1, 4), (1, 6), (2, 4), (3, 4), (5, 6)]","[(1, 2), (0, 2), (0, 3), (0, 4), (0, 5), (0, 6)]",0.0
972,"[(0, 6), (1, 4), (1, 6), (2, 4), (3, 4), (5, 6)]","[(4, 5), (4, 6), (3, 6), (2, 6), (1, 6), (0, 6)]",0.19999999460000012
971,"[(0, 5), (1, 3), (1, 5), (2, 3), (4, 5)]","[(3, 4), (3, 5), (2, 5), (1, 5), (0, 5)]",0.2499999943750001
977,"[(0, 4), (1, 2), (1, 4), (3, 4)]","[(1, 2), (1, 3), (1, 4), (0, 4)]",0.6666666594444445
985,"[(0, 2), (0, 14), (1, 2), (3, 12), (3, 14), (4, 7), (4, 12), (5, 6), (5, 7), (8, 12), (9, 12), (10, 12), (11, 12), (13, 14)]","[(11, 12), (11, 13), (10, 13), (9, 13), (8, 13), (7, 13), (6, 13), (5, 13), (4, 13), (3, 13), (2, 13), (1, 13), (0, 13), (0, 14)]",0.07692307186390565
983,"[(0, 12), (1, 10), (1, 12), (2, 3), (2, 4), (2, 10), (5, 10), (6, 7), (6, 10), (8, 9), (8, 10), (11, 12)]","[(10, 11), (9, 11), (8, 11), (7, 11), (6, 11), (5, 11), (4, 11), (3, 11), (3, 12), (2, 12), (1, 12), (0, 12)]",0.09090908582644655
986,"[(0, 10), (1, 8), (1, 10), (2, 8), (3, 8), (4, 8), (5, 8), (6, 8), (7, 8), (9, 10)]","[(7, 8), (6, 8), (5, 8), (4, 8), (3, 8), (2, 8), (2, 9), (1, 9), (0, 9), (0, 10)]",0.666666660925926
981,"[(0, 8), (1, 6), (1, 8), (2, 6), (3, 4), (3, 6), (5, 6), (7, 8)]","[(6, 7), (5, 7), (5, 8), (4, 8), (3, 8), (2, 8), (1, 8), (0, 8)]",0.14285713765306143
982,"[(0, 8), (1, 3), (1, 6), (1, 8), (2, 3), (4, 6), (5, 6), (7, 8)]","[(5, 6), (5, 7), (4, 7), (3, 7), (2, 7), (1, 7), (0, 7), (0, 8)]",0.14285713765306143
984,"[(0, 8), (1, 3), (1, 4), (1, 6), (1, 8), (2, 3), (5, 6), (7, 8)]","[(6, 7), (5, 7), (4, 7), (3, 7), (2, 7), (1, 7), (0, 7), (0, 8)]",0.0
988,"[(0, 8), (1, 2), (1, 6), (1, 8), (3, 6), (4, 6), (5, 6), (7, 8)]","[(6, 7), (5, 7), (4, 7), (3, 7), (3, 8), (2, 8), (1, 8), (0, 8)]",0.14285713765306143
989,"[(0, 7), (1, 5), (1, 7), (2, 5), (3, 4), (3, 5), (6, 7)]","[(4, 5), (3, 5), (2, 5), (1, 5), (0, 5), (0, 6), (0, 7)]",0.4999999941666667
987,"[(0, 6), (1, 4), (1, 6), (2, 4), (3, 4), (5, 6)]","[(3, 4), (2, 4), (1, 4), (0, 4), (0, 5), (0, 6)]",0.5999999938
980,"[(0, 4), (1, 2), (1, 4), (3, 4)]","[(2, 3), (1, 3), (0, 3), (0, 4)]",0.0
992,"[(0, 1), (0, 2), (0, 3), (0, 10), (4, 8), (4, 10), (5, 8), (6, 7), (6, 8), (9, 10)]","[(8, 9), (8, 10), (7, 10), (6, 10), (5, 10), (4, 10), (3, 10), (2, 10), (1, 10), (0, 10)]",0.11111110598765454
998,"[(0, 9), (1, 7), (1, 9), (2, 7), (3, 4), (3, 7), (5, 6), (5, 7), (8, 9)]","[(7, 8), (7, 9), (6, 9), (5, 9), (4, 9), (3, 9), (2, 9), (1, 9), (0, 9)]",0.12499999484375018
991,"[(0, 8), (1, 6), (1, 8), (2, 6), (3, 6), (4, 5), (4, 6), (7, 8)]","[(6, 7), (5, 7), (4, 7), (3, 7), (2, 7), (2, 8), (1, 8), (0, 8)]",0.14285713765306143
996,"[(0, 8), (1, 6), (1, 8), (2, 6), (3, 4), (3, 6), (5, 6), (7, 8)]","[(5, 6), (5, 7), (4, 7), (4, 8), (3, 8), (2, 8), (1, 8), (0, 8)]",0.28571428030612256
993,"[(0, 7), (1, 5), (1, 7), (2, 5), (3, 4), (3, 5), (6, 7)]","[(5, 6), (4, 6), (4, 7), (3, 7), (2, 7), (1, 7), (0, 7)]",0.16666666138888903
995,"[(0, 7), (1, 5), (1, 7), (2, 5), (3, 4), (3, 5), (6, 7)]","[(5, 6), (5, 7), (4, 7), (3, 7), (2, 7), (1, 7), (0, 7)]",0.16666666138888903
997,"[(0, 7), (1, 5), (1, 7), (2, 3), (2, 5), (4, 5), (6, 7)]","[(4, 5), (4, 6), (3, 6), (3, 7), (2, 7), (1, 7), (0, 7)]",0.3333333277777778
999,"[(0, 7), (1, 5), (1, 7), (2, 5), (3, 4), (3, 5), (6, 7)]","[(5, 6), (5, 7), (4, 7), (3, 7), (2, 7), (1, 7), (0, 7)]",0.16666666138888903
990,"[(0, 6), (1, 4), (1, 6), (2, 4), (3, 4), (5, 6)]","[(3, 4), (2, 4), (2, 5), (1, 5), (1, 6), (0, 6)]",0.5999999938
994,"[(0, 6), (1, 2), (1, 4), (1, 6), (3, 4), (5, 6)]","[(3, 4), (2, 4), (1, 4), (1, 5), (0, 5), (0, 6)]",0.39999999420000004
