3,"[(0, 10), (1, 8), (1, 10), (2, 8), (3, 4), (3, 8), (5, 6), (5, 7), (5, 8), (9, 10)]","[(8, 9), (7, 9), (6, 9), (6, 10), (5, 10), (4, 10), (3, 10), (2, 10), (1, 10), (0, 10)]",0.11111110598765454
0,"[(0, 9), (1, 2), (1, 9), (3, 7), (3, 9), (4, 7), (5, 7), (6, 7), (8, 9)]","[(7, 8), (6, 8), (6, 9), (5, 9), (4, 9), (3, 9), (2, 9), (1, 9), (0, 9)]",0.24999999468750006
2,"[(0, 9), (1, 7), (1, 9), (2, 7), (3, 4), (3, 7), (5, 6), (5, 7), (8, 9)]","[(7, 8), (7, 9), (6, 9), (5, 9), (4, 9), (3, 9), (2, 9), (1, 9), (0, 9)]",0.12499999484375018
7,"[(0, 9), (1, 2), (1, 9), (3, 9), (4, 7), (4, 9), (5, 7), (6, 7), (8, 9)]","[(7, 8), (7, 9), (6, 9), (5, 9), (4, 9), (3, 9), (2, 9), (1, 9), (0, 9)]",0.37499999453125
4,"[(0, 7), (1, 5), (1, 7), (2, 5), (3, 5), (4, 5), (6, 7)]","[(5, 6), (4, 6), (4, 7), (3, 7), (2, 7), (1, 7), (0, 7)]",0.16666666138888903
6,"[(0, 7), (1, 5), (1, 7), (2, 5), (3, 5), (4, 5), (6, 7)]","[(5, 6), (5, 7), (4, 7), (3, 7), (2, 7), (1, 7), (0, 7)]",0.16666666138888903
8,"[(0, 7), (1, 5), (1, 7), (2, 3), (2, 4), (2, 5), (6, 7)]","[(5, 6), (4, 6), (3, 6), (3, 7), (2, 7), (1, 7), (0, 7)]",0.16666666138888903
1,"[(0, 5), (1, 3), (1, 5), (2, 3), (4, 5)]","[(3, 4), (3, 5), (2, 5), (1, 5), (0, 5)]",0.2499999943750001
5,"[(0, 5), (1, 3), (1, 5), (2, 3), (4, 5)]","[(3, 4), (3, 5), (2, 5), (1, 5), (0, 5)]",0.2499999943750001
9,"[(0, 4), (1, 2), (1, 4), (3, 4)]","[(2, 3), (2, 4), (1, 4), (0, 4)]",0.33333332722222225
19,"[(0, 11), (1, 6), (1, 9), (1, 11), (2, 6), (3, 6), (4, 5), (4, 6), (7, 9), (8, 9), (10, 11)]","[(9, 10), (9, 11), (8, 11), (7, 11), (6, 11), (5, 11), (4, 11), (3, 11), (2, 11), (1, 11), (0, 11)]",0.09999999490000026
17,"[(0, 2), (0, 9), (1, 2), (3, 5), (3, 7), (3, 9), (4, 5), (6, 7), (8, 9)]","[(7, 8), (7, 9), (6, 9), (5, 9), (4, 9), (3, 9), (2, 9), (1, 9), (0, 9)]",0.12499999484375018
12,"[(0, 8), (1, 6), (1, 8), (2, 6), (3, 6), (4, 5), (4, 6), (7, 8)]","[(6, 7), (6, 8), (5, 8), (4, 8), (3, 8), (2, 8), (1, 8), (0, 8)]",0.14285713765306143
14,"[(0, 2), (0, 8), (1, 2), (3, 5), (3, 6), (3, 8), (4, 5), (7, 8)]","[(6, 7), (6, 8), (5, 8), (4, 8), (3, 8), (2, 8), (1, 8), (0, 8)]",0.14285713765306143
15,"[(0, 8), (1, 6), (1, 8), (2, 6), (3, 4), (3, 6), (5, 6), (7, 8)]","[(6, 7), (5, 7), (5, 8), (4, 8), (3, 8), (2, 8), (1, 8), (0, 8)]",0.14285713765306143
10,"[(0, 7), (1, 5), (1, 7), (2, 5), (3, 4), (3, 5), (6, 7)]","[(5, 6), (5, 7), (4, 7), (3, 7), (2, 7), (1, 7), (0, 7)]",0.16666666138888903
13,"[(0, 7), (1, 5), (1, 7), (2, 5), (3, 5), (4, 5), (6, 7)]","[(5, 6), (4, 6), (4, 7), (3, 7), (2, 7), (1, 7), (0, 7)]",0.16666666138888903
18,"[(0, 7), (1, 5), (1, 7), (2, 5), (3, 5), (4, 5), (6, 7)]","[(5, 6), (5, 7), (4, 7), (3, 7), (2, 7), (1, 7), (0, 7)]",0.16666666138888903
11,"[(0, 5), (1, 3), (1, 5), (2, 3), (4, 5)]","[(3, 4), (3, 5), (2, 5), (1, 5), (0, 5)]",0.2499999943750001
16,"[(0, 4), (1, 2), (1, 4), (3, 4)]","[(2, 3), (2, 4), (1, 4), (0, 4)]",0.33333332722222225
28,"[(0, 8), (1, 2), (1, 6), (1, 8), (3, 4), (3, 6), (5, 6), (7, 8)]","[(6, 7), (5, 7), (4, 7), (3, 7), (2, 7), (1, 7), (1, 8), (0, 8)]",0.14285713765306143
29,"[(0, 8), (1, 4), (1, 6), (1, 8), (2, 4), (3, 4), (5, 6), (7, 8)]","[(6, 7), (6, 8), (5, 8), (4, 8), (3, 8), (2, 8), (1, 8), (0, 8)]",0.14285713765306143
20,"[(0, 5), (0, 7), (1, 3), (1, 5), (2, 3), (4, 5), (6, 7)]","[(5, 6), (4, 6), (3, 6), (2, 6), (2, 7), (1, 7), (0, 7)]",0.0
23,"[(0, 7), (1, 5), (1, 7), (2, 5), (3, 5), (4, 5), (6, 7)]","[(5, 6), (5, 7), (4, 7), (3, 7), (2, 7), (1, 7), (0, 7)]",0.16666666138888903
27,"[(0, 2), (0, 7), (1, 2), (3, 5), (3, 7), (4, 5), (6, 7)]","[(5, 6), (5, 7), (4, 7), (3, 7), (2, 7), (1, 7), (0, 7)]",0.16666666138888903
25,"[(0, 6), (1, 4), (1, 6), (2, 4), (3, 4), (5, 6)]","[(4, 5), (4, 6), (3, 6), (2, 6), (1, 6), (0, 6)]",0.19999999460000012
22,"[(0, 5), (1, 3), (1, 5), (2, 3), (4, 5)]","[(3, 4), (3, 5), (2, 5), (1, 5), (0, 5)]",0.2499999943750001
24,"[(0, 5), (1, 3), (1, 5), (2, 3), (4, 5)]","[(3, 4), (3, 5), (2, 5), (1, 5), (0, 5)]",0.2499999943750001
21,"[(0, 4), (1, 2), (1, 4), (3, 4)]","[(2, 3), (2, 4), (1, 4), (0, 4)]",0.33333332722222225
26,"[(0, 4), (1, 2), (1, 4), (3, 4)]","[(2, 3), (2, 4), (1, 4), (0, 4)]",0.33333332722222225
31,"[(0, 8), (1, 6), (1, 8), (2, 6), (3, 6), (4, 6), (5, 6), (7, 8)]","[(6, 7), (6, 8), (5, 8), (4, 8), (3, 8), (2, 8), (1, 8), (0, 8)]",0.14285713765306143
35,"[(0, 8), (1, 6), (1, 8), (2, 6), (3, 6), (4, 5), (4, 6), (7, 8)]","[(6, 7), (6, 8), (5, 8), (4, 8), (3, 8), (2, 8), (1, 8), (0, 8)]",0.14285713765306143
30,"[(0, 1), (0, 2), (0, 7), (3, 5), (3, 7), (4, 5), (6, 7)]","[(5, 6), (5, 7), (4, 7), (3, 7), (2, 7), (1, 7), (0, 7)]",0.16666666138888903
33,"[(0, 2), (0, 7), (1, 2), (3, 5), (3, 7), (4, 5), (6, 7)]","[(5, 6), (5, 7), (4, 7), (3, 7), (2, 7), (1, 7), (0, 7)]",0.16666666138888903
38,"[(0, 7), (1, 5), (1, 7), (2, 5), (3, 4), (3, 5), (6, 7)]","[(5, 6), (5, 7), (4, 7), (3, 7), (2, 7), (1, 7), (0, 7)]",0.16666666138888903
39,"[(0, 7), (1, 5), (1, 7), (2, 5), (3, 4), (3, 5), (6, 7)]","[(5, 6), (5, 7), (4, 7), (3, 7), (2, 7), (1, 7), (0, 7)]",0.16666666138888903
32,"[(0, 6), (1, 4), (1, 6), (2, 4), (3, 4), (5, 6)]","[(4, 5), (4, 6), (3, 6), (2, 6), (1, 6), (0, 6)]",0.19999999460000012
34,"[(0, 6), (1, 4), (1, 6), (2, 3), (2, 4), (5, 6)]","[(4, 5), (4, 6), (3, 6), (2, 6), (1, 6), (0, 6)]",0.19999999460000012
36,"[(0, 6), (1, 4), (1, 6), (2, 3), (2, 4), (5, 6)]","[(4, 5), (4, 6), (3, 6), (2, 6), (1, 6), (0, 6)]",0.19999999460000012
37,"[(0, 6), (1, 3), (1, 4), (1, 6), (2, 3), (5, 6)]","[(4, 5), (4, 6), (3, 6), (2, 6), (1, 6), (0, 6)]",0.19999999460000012
40,"[(0, 8), (1, 6), (1, 8), (2, 6), (3, 4), (3, 6), (5, 6), (7, 8)]","[(6, 7), (6, 8), (5, 8), (4, 8), (3, 8), (2, 8), (1, 8), (0, 8)]",0.14285713765306143
43,"[(0, 6), (0, 8), (1, 2), (1, 3), (1, 6), (4, 6), (5, 6), (7, 8)]","[(6, 7), (5, 7), (5, 8), (4, 8), (3, 8), (2, 8), (1, 8), (0, 8)]",0.0
48,"[(0, 8), (1, 2), (1, 6), (1, 8), (3, 6), (4, 5), (4, 6), (7, 8)]","[(6, 7), (6, 8), (5, 8), (4, 8), (3, 8), (2, 8), (1, 8), (0, 8)]",0.14285713765306143
41,"[(0, 7), (1, 5), (1, 7), (2, 5), (3, 4), (3, 5), (6, 7)]","[(5, 6), (5, 7), (4, 7), (3, 7), (2, 7), (1, 7), (0, 7)]",0.16666666138888903
42,"[(0, 2), (0, 7), (1, 2), (3, 5), (3, 7), (4, 5), (6, 7)]","[(5, 6), (5, 7), (4, 7), (3, 7), (2, 7), (1, 7), (0, 7)]",0.16666666138888903
47,"[(0, 7), (1, 5), (1, 7), (2, 3), (2, 5), (4, 5), (6, 7)]","[(5, 6), (4, 6), (4, 7), (3, 7), (2, 7), (1, 7), (0, 7)]",0.16666666138888903
46,"[(0, 6), (1, 4), (1, 6), (2, 4), (3, 4), (5, 6)]","[(4, 5), (4, 6), (3, 6), (2, 6), (1, 6), (0, 6)]",0.19999999460000012
49,"[(0, 6), (1, 2), (1, 4), (1, 6), (3, 4), (5, 6)]","[(4, 5), (4, 6), (3, 6), (2, 6), (1, 6), (0, 6)]",0.19999999460000012
44,"[(0, 4), (1, 2), (1, 4), (3, 4)]","[(2, 3), (2, 4), (1, 4), (0, 4)]",0.33333332722222225
45,"[(0, 4), (1, 2), (1, 4), (3, 4)]","[(2, 3), (2, 4), (1, 4), (0, 4)]",0.33333332722222225
50,"[(0, 2), (0, 8), (1, 2), (3, 6), (3, 8), (4, 6), (5, 6), (7, 8)]","[(6, 7), (6, 8), (5, 8), (4, 8), (3, 8), (2, 8), (1, 8), (0, 8)]",0.14285713765306143
52,"[(0, 2), (0, 8), (1, 2), (3, 6), (3, 8), (4, 6), (5, 6), (7, 8)]","[(6, 7), (6, 8), (5, 8), (4, 8), (3, 8), (2, 8), (1, 8), (0, 8)]",0.14285713765306143
54,"[(0, 6), (0, 8), (1, 2), (1, 3), (1, 6), (4, 6), (5, 6), (7, 8)]","[(6, 7), (5, 7), (5, 8), (4, 8), (3, 8), (2, 8), (1, 8), (0, 8)]",0.0
53,"[(0, 1), (0, 2), (0, 7), (3, 5), (3, 7), (4, 5), (6, 7)]","[(5, 6), (5, 7), (4, 7), (3, 7), (2, 7), (1, 7), (0, 7)]",0.16666666138888903
58,"[(0, 7), (1, 5), (1, 7), (2, 4), (2, 5), (3, 4), (6, 7)]","[(5, 6), (5, 7), (4, 7), (3, 7), (2, 7), (1, 7), (0, 7)]",0.16666666138888903
51,"[(0, 1), (0, 2), (0, 6), (3, 4), (3, 6), (5, 6)]","[(4, 5), (4, 6), (3, 6), (2, 6), (1, 6), (0, 6)]",0.19999999460000012
55,"[(0, 6), (1, 4), (1, 6), (2, 4), (3, 4), (5, 6)]","[(4, 5), (4, 6), (3, 6), (2, 6), (1, 6), (0, 6)]",0.19999999460000012
56,"[(0, 6), (1, 4), (1, 6), (2, 4), (3, 4), (5, 6)]","[(4, 5), (4, 6), (3, 6), (2, 6), (1, 6), (0, 6)]",0.19999999460000012
57,"[(0, 6), (1, 4), (1, 6), (2, 3), (2, 4), (5, 6)]","[(4, 5), (4, 6), (3, 6), (2, 6), (1, 6), (0, 6)]",0.19999999460000012
59,"[(0, 5), (1, 3), (1, 5), (2, 3), (4, 5)]","[(3, 4), (3, 5), (2, 5), (1, 5), (0, 5)]",0.2499999943750001
69,"[(0, 10), (1, 3), (1, 8), (1, 10), (2, 3), (4, 8), (5, 8), (6, 7), (6, 8), (9, 10)]","[(8, 9), (8, 10), (7, 10), (6, 10), (5, 10), (4, 10), (3, 10), (2, 10), (1, 10), (0, 10)]",0.11111110598765454
64,"[(0, 7), (1, 5), (1, 7), (2, 5), (3, 4), (3, 5), (6, 7)]","[(5, 6), (5, 7), (4, 7), (3, 7), (2, 7), (1, 7), (0, 7)]",0.16666666138888903
68,"[(0, 7), (1, 5), (1, 7), (2, 5), (3, 5), (4, 5), (6, 7)]","[(5, 6), (4, 6), (4, 7), (3, 7), (2, 7), (1, 7), (0, 7)]",0.16666666138888903
60,"[(0, 1), (0, 6), (2, 4), (2, 6), (3, 4), (5, 6)]","[(4, 5), (4, 6), (3, 6), (2, 6), (1, 6), (0, 6)]",0.19999999460000012
62,"[(0, 1), (0, 6), (2, 4), (2, 6), (3, 4), (5, 6)]","[(4, 5), (4, 6), (3, 6), (2, 6), (1, 6), (0, 6)]",0.19999999460000012
63,"[(0, 6), (1, 4), (1, 6), (2, 4), (3, 4), (5, 6)]","[(4, 5), (4, 6), (3, 6), (2, 6), (1, 6), (0, 6)]",0.19999999460000012
65,"[(0, 6), (1, 4), (1, 6), (2, 4), (3, 4), (5, 6)]","[(4, 5), (4, 6), (3, 6), (2, 6), (1, 6), (0, 6)]",0.19999999460000012
66,"[(0, 6), (1, 4), (1, 6), (2, 4), (3, 4), (5, 6)]","[(4, 5), (3, 5), (3, 6), (2, 6), (1, 6), (0, 6)]",0.19999999460000012
67,"[(0, 6), (1, 2), (1, 4), (1, 6), (3, 4), (5, 6)]","[(4, 5), (4, 6), (3, 6), (2, 6), (1, 6), (0, 6)]",0.19999999460000012
61,"[(0, 5), (1, 3), (1, 5), (2, 3), (4, 5)]","[(3, 4), (3, 5), (2, 5), (1, 5), (0, 5)]",0.2499999943750001
71,"[(0, 2), (0, 11), (1, 2), (3, 9), (3, 11), (4, 9), (5, 9), (6, 9), (7, 9), (8, 9), (10, 11)]","[(9, 10), (9, 11), (8, 11), (7, 11), (6, 11), (5, 11), (4, 11), (3, 11), (2, 11), (1, 11), (0, 11)]",0.09999999490000026
70,"[(0, 9), (1, 7), (1, 9), (2, 7), (3, 4), (3, 5), (3, 7), (6, 7), (8, 9)]","[(7, 8), (7, 9), (6, 9), (5, 9), (4, 9), (3, 9), (2, 9), (1, 9), (0, 9)]",0.12499999484375018
78,"[(0, 8), (1, 3), (1, 6), (1, 8), (2, 3), (4, 6), (5, 6), (7, 8)]","[(6, 7), (6, 8), (5, 8), (4, 8), (3, 8), (2, 8), (1, 8), (0, 8)]",0.14285713765306143
76,"[(0, 1), (0, 2), (0, 7), (3, 5), (3, 7), (4, 5), (6, 7)]","[(5, 6), (5, 7), (4, 7), (3, 7), (2, 7), (1, 7), (0, 7)]",0.16666666138888903
72,"[(0, 6), (1, 4), (1, 6), (2, 4), (3, 4), (5, 6)]","[(4, 5), (4, 6), (3, 6), (2, 6), (1, 6), (0, 6)]",0.19999999460000012
73,"[(0, 1), (0, 6), (2, 4), (2, 6), (3, 4), (5, 6)]","[(4, 5), (4, 6), (3, 6), (2, 6), (1, 6), (0, 6)]",0.19999999460000012
74,"[(0, 6), (1, 4), (1, 6), (2, 4), (3, 4), (5, 6)]","[(4, 5), (4, 6), (3, 6), (2, 6), (1, 6), (0, 6)]",0.19999999460000012
75,"[(0, 1), (0, 6), (2, 4), (2, 6), (3, 4), (5, 6)]","[(4, 5), (4, 6), (3, 6), (2, 6), (1, 6), (0, 6)]",0.19999999460000012
79,"[(0, 5), (1, 3), (1, 5), (2, 3), (4, 5)]","[(3, 4), (2, 4), (1, 4), (1, 5), (0, 5)]",0.2499999943750001
77,"[(0, 4), (1, 2), (1, 4), (3, 4)]","[(2, 3), (2, 4), (1, 4), (0, 4)]",0.33333332722222225
84,"[(0, 7), (1, 5), (1, 7), (2, 5), (3, 4), (3, 5), (6, 7)]","[(5, 6), (5, 7), (4, 7), (3, 7), (2, 7), (1, 7), (0, 7)]",0.16666666138888903
86,"[(0, 2), (0, 7), (1, 2), (3, 4), (3, 5), (3, 7), (6, 7)]","[(5, 6), (4, 6), (3, 6), (3, 7), (2, 7), (1, 7), (0, 7)]",0.16666666138888903
80,"[(0, 6), (1, 4), (1, 6), (2, 4), (3, 4), (5, 6)]","[(4, 5), (3, 5), (2, 5), (1, 5), (1, 6), (0, 6)]",0.19999999460000012
83,"[(0, 6), (1, 4), (1, 6), (2, 3), (2, 4), (5, 6)]","[(4, 5), (4, 6), (3, 6), (2, 6), (1, 6), (0, 6)]",0.19999999460000012
81,"[(0, 5), (1, 3), (1, 5), (2, 3), (4, 5)]","[(3, 4), (3, 5), (2, 5), (1, 5), (0, 5)]",0.2499999943750001
82,"[(0, 5), (1, 3), (1, 5), (2, 3), (4, 5)]","[(3, 4), (3, 5), (2, 5), (1, 5), (0, 5)]",0.2499999943750001
85,"[(0, 5), (1, 3), (1, 5), (2, 3), (4, 5)]","[(3, 4), (3, 5), (2, 5), (1, 5), (0, 5)]",0.2499999943750001
87,"[(0, 5), (1, 3), (1, 5), (2, 3), (4, 5)]","[(3, 4), (3, 5), (2, 5), (1, 5), (0, 5)]",0.2499999943750001
88,"[(0, 5), (1, 3), (1, 5), (2, 3), (4, 5)]","[(3, 4), (3, 5), (2, 5), (1, 5), (0, 5)]",0.2499999943750001
89,"[(0, 5), (1, 3), (1, 5), (2, 3), (4, 5)]","[(3, 4), (3, 5), (2, 5), (1, 5), (0, 5)]",0.2499999943750001
99,"[(0, 1), (0, 2), (0, 10), (3, 7), (3, 8), (3, 10), (4, 5), (4, 7), (6, 7), (9, 10)]","[(8, 9), (8, 10), (7, 10), (6, 10), (5, 10), (4, 10), (3, 10), (2, 10), (1, 10), (0, 10)]",0.11111110598765454
92,"[(0, 1), (0, 2), (0, 9), (3, 7), (3, 9), (4, 7), (5, 6), (5, 7), (8, 9)]","[(7, 8), (7, 9), (6, 9), (5, 9), (4, 9), (3, 9), (2, 9), (1, 9), (0, 9)]",0.12499999484375018
90,"[(0, 7), (1, 5), (1, 7), (2, 5), (3, 4), (3, 5), (6, 7)]","[(5, 6), (5, 7), (4, 7), (3, 7), (2, 7), (1, 7), (0, 7)]",0.16666666138888903
91,"[(0, 2), (0, 7), (1, 2), (3, 5), (3, 7), (4, 5), (6, 7)]","[(5, 6), (5, 7), (4, 7), (3, 7), (2, 7), (1, 7), (0, 7)]",0.16666666138888903
93,"[(0, 6), (1, 4), (1, 6), (2, 3), (2, 4), (5, 6)]","[(4, 5), (4, 6), (3, 6), (2, 6), (1, 6), (0, 6)]",0.19999999460000012
98,"[(0, 6), (1, 4), (1, 6), (2, 3), (2, 4), (5, 6)]","[(4, 5), (4, 6), (3, 6), (2, 6), (1, 6), (0, 6)]",0.19999999460000012
94,"[(0, 5), (1, 3), (1, 5), (2, 3), (4, 5)]","[(3, 4), (3, 5), (2, 5), (1, 5), (0, 5)]",0.2499999943750001
95,"[(0, 5), (1, 3), (1, 5), (2, 3), (4, 5)]","[(3, 4), (3, 5), (2, 5), (1, 5), (0, 5)]",0.2499999943750001
96,"[(0, 5), (1, 3), (1, 5), (2, 3), (4, 5)]","[(3, 4), (3, 5), (2, 5), (1, 5), (0, 5)]",0.2499999943750001
97,"[(0, 1), (0, 5), (2, 3), (2, 5), (4, 5)]","[(3, 4), (3, 5), (2, 5), (1, 5), (0, 5)]",0.2499999943750001
107,"[(0, 9), (1, 7), (1, 9), (2, 3), (2, 7), (4, 7), (5, 6), (5, 7), (8, 9)]","[(7, 8), (6, 8), (5, 8), (4, 8), (3, 8), (2, 8), (1, 8), (1, 9), (0, 9)]",0.12499999484375018
100,"[(0, 1), (0, 2), (0, 8), (3, 6), (3, 8), (4, 6), (5, 6), (7, 8)]","[(6, 7), (5, 7), (5, 8), (4, 8), (3, 8), (2, 8), (1, 8), (0, 8)]",0.14285713765306143
105,"[(0, 1), (0, 2), (0, 7), (3, 5), (3, 7), (4, 5), (6, 7)]","[(5, 6), (5, 7), (4, 7), (3, 7), (2, 7), (1, 7), (0, 7)]",0.16666666138888903
101,"[(0, 6), (1, 2), (1, 4), (1, 6), (3, 4), (5, 6)]","[(4, 5), (3, 5), (2, 5), (2, 6), (1, 6), (0, 6)]",0.19999999460000012
103,"[(0, 6), (1, 4), (1, 6), (2, 4), (3, 4), (5, 6)]","[(4, 5), (4, 6), (3, 6), (2, 6), (1, 6), (0, 6)]",0.19999999460000012
104,"[(0, 6), (1, 4), (1, 6), (2, 4), (3, 4), (5, 6)]","[(4, 5), (4, 6), (3, 6), (2, 6), (1, 6), (0, 6)]",0.19999999460000012
102,"[(0, 5), (1, 3), (1, 5), (2, 3), (4, 5)]","[(3, 4), (3, 5), (2, 5), (1, 5), (0, 5)]",0.2499999943750001
108,"[(0, 5), (1, 3), (1, 5), (2, 3), (4, 5)]","[(3, 4), (3, 5), (2, 5), (1, 5), (0, 5)]",0.2499999943750001
109,"[(0, 5), (1, 3), (1, 5), (2, 3), (4, 5)]","[(3, 4), (3, 5), (2, 5), (1, 5), (0, 5)]",0.2499999943750001
106,"[(0, 4), (1, 2), (1, 4), (3, 4)]","[(2, 3), (2, 4), (1, 4), (0, 4)]",0.33333332722222225
112,"[(0, 8), (1, 6), (1, 8), (2, 6), (3, 6), (4, 6), (5, 6), (7, 8)]","[(6, 7), (6, 8), (5, 8), (4, 8), (3, 8), (2, 8), (1, 8), (0, 8)]",0.14285713765306143
115,"[(0, 1), (0, 2), (0, 7), (3, 5), (3, 7), (4, 5), (6, 7)]","[(5, 6), (5, 7), (4, 7), (3, 7), (2, 7), (1, 7), (0, 7)]",0.16666666138888903
116,"[(0, 7), (1, 5), (1, 7), (2, 5), (3, 5), (4, 5), (6, 7)]","[(5, 6), (4, 6), (3, 6), (3, 7), (2, 7), (1, 7), (0, 7)]",0.16666666138888903
111,"[(0, 2), (0, 6), (1, 2), (3, 4), (3, 6), (5, 6)]","[(4, 5), (4, 6), (3, 6), (2, 6), (1, 6), (0, 6)]",0.19999999460000012
118,"[(0, 2), (0, 6), (1, 2), (3, 4), (3, 6), (5, 6)]","[(4, 5), (3, 5), (3, 6), (2, 6), (1, 6), (0, 6)]",0.19999999460000012
119,"[(0, 1), (0, 2), (0, 6), (3, 4), (3, 6), (5, 6)]","[(4, 5), (3, 5), (3, 6), (2, 6), (1, 6), (0, 6)]",0.19999999460000012
110,"[(0, 5), (1, 3), (1, 5), (2, 3), (4, 5)]","[(3, 4), (3, 5), (2, 5), (1, 5), (0, 5)]",0.2499999943750001
113,"[(0, 5), (1, 3), (1, 5), (2, 3), (4, 5)]","[(3, 4), (3, 5), (2, 5), (1, 5), (0, 5)]",0.2499999943750001
117,"[(0, 5), (1, 3), (1, 5), (2, 3), (4, 5)]","[(3, 4), (2, 4), (1, 4), (1, 5), (0, 5)]",0.2499999943750001
114,"[(0, 4), (1, 2), (1, 4), (3, 4)]","[(2, 3), (2, 4), (1, 4), (0, 4)]",0.33333332722222225
122,"[(0, 8), (1, 3), (1, 8), (2, 3), (4, 6), (4, 8), (5, 6), (7, 8)]","[(6, 7), (6, 8), (5, 8), (4, 8), (3, 8), (2, 8), (1, 8), (0, 8)]",0.28571428030612256
128,"[(0, 1), (0, 2), (0, 8), (3, 6), (3, 8), (4, 6), (5, 6), (7, 8)]","[(6, 7), (5, 7), (5, 8), (4, 8), (3, 8), (2, 8), (1, 8), (0, 8)]",0.14285713765306143
120,"[(0, 1), (0, 2), (0, 7), (3, 5), (3, 7), (4, 5), (6, 7)]","[(5, 6), (5, 7), (4, 7), (3, 7), (2, 7), (1, 7), (0, 7)]",0.16666666138888903
121,"[(0, 1), (0, 2), (0, 7), (3, 5), (3, 7), (4, 5), (6, 7)]","[(5, 6), (5, 7), (4, 7), (3, 7), (2, 7), (1, 7), (0, 7)]",0.16666666138888903
126,"[(0, 1), (0, 7), (2, 5), (2, 7), (3, 4), (3, 5), (6, 7)]","[(5, 6), (4, 6), (3, 6), (3, 7), (2, 7), (1, 7), (0, 7)]",0.16666666138888903
123,"[(0, 5), (1, 3), (1, 5), (2, 3), (4, 5)]","[(3, 4), (3, 5), (2, 5), (1, 5), (0, 5)]",0.2499999943750001
124,"[(0, 5), (1, 3), (1, 5), (2, 3), (4, 5)]","[(3, 4), (3, 5), (2, 5), (1, 5), (0, 5)]",0.2499999943750001
125,"[(0, 5), (1, 2), (1, 3), (1, 5), (4, 5)]","[(3, 4), (3, 5), (2, 5), (1, 5), (0, 5)]",0.2499999943750001
129,"[(0, 5), (1, 3), (1, 5), (2, 3), (4, 5)]","[(3, 4), (3, 5), (2, 5), (1, 5), (0, 5)]",0.2499999943750001
127,"[(0, 4), (1, 2), (1, 4), (3, 4)]","[(2, 3), (2, 4), (1, 4), (0, 4)]",0.33333332722222225
131,"[(0, 8), (1, 6), (1, 8), (2, 4), (2, 6), (3, 4), (5, 6), (7, 8)]","[(6, 7), (6, 8), (5, 8), (4, 8), (3, 8), (2, 8), (1, 8), (0, 8)]",0.14285713765306143
132,"[(0, 8), (1, 6), (1, 8), (2, 3), (2, 6), (4, 5), (4, 6), (7, 8)]","[(6, 7), (6, 8), (5, 8), (4, 8), (3, 8), (2, 8), (1, 8), (0, 8)]",0.14285713765306143
135,"[(0, 2), (0, 7), (1, 2), (3, 5), (3, 7), (4, 5), (6, 7)]","[(5, 6), (4, 6), (3, 6), (3, 7), (2, 7), (1, 7), (0, 7)]",0.16666666138888903
133,"[(0, 6), (1, 3), (1, 4), (1, 6), (2, 3), (5, 6)]","[(4, 5), (3, 5), (2, 5), (2, 6), (1, 6), (0, 6)]",0.19999999460000012
130,"[(0, 5), (1, 3), (1, 5), (2, 3), (4, 5)]","[(3, 4), (3, 5), (2, 5), (1, 5), (0, 5)]",0.2499999943750001
134,"[(0, 5), (1, 3), (1, 5), (2, 3), (4, 5)]","[(3, 4), (3, 5), (2, 5), (1, 5), (0, 5)]",0.2499999943750001
137,"[(0, 5), (1, 3), (1, 5), (2, 3), (4, 5)]","[(3, 4), (3, 5), (2, 5), (1, 5), (0, 5)]",0.2499999943750001
138,"[(0, 5), (1, 3), (1, 5), (2, 3), (4, 5)]","[(3, 4), (3, 5), (2, 5), (1, 5), (0, 5)]",0.2499999943750001
139,"[(0, 5), (1, 3), (1, 5), (2, 3), (4, 5)]","[(3, 4), (3, 5), (2, 5), (1, 5), (0, 5)]",0.2499999943750001
136,"[(0, 4), (1, 2), (1, 4), (3, 4)]","[(2, 3), (1, 3), (1, 4), (0, 4)]",0.33333332722222225
147,"[(0, 7), (1, 2), (1, 5), (1, 7), (3, 5), (4, 5), (6, 7)]","[(5, 6), (5, 7), (4, 7), (3, 7), (2, 7), (1, 7), (0, 7)]",0.16666666138888903
141,"[(0, 1), (0, 6), (2, 4), (2, 6), (3, 4), (5, 6)]","[(4, 5), (4, 6), (3, 6), (2, 6), (1, 6), (0, 6)]",0.19999999460000012
142,"[(0, 6), (1, 4), (1, 6), (2, 4), (3, 4), (5, 6)]","[(4, 5), (3, 5), (3, 6), (2, 6), (1, 6), (0, 6)]",0.19999999460000012
140,"[(0, 5), (1, 3), (1, 5), (2, 3), (4, 5)]","[(3, 4), (2, 4), (2, 5), (1, 5), (0, 5)]",0.2499999943750001
143,"[(0, 1), (0, 5), (2, 3), (2, 5), (4, 5)]","[(3, 4), (3, 5), (2, 5), (1, 5), (0, 5)]",0.2499999943750001
144,"[(0, 5), (1, 3), (1, 5), (2, 3), (4, 5)]","[(3, 4), (3, 5), (2, 5), (1, 5), (0, 5)]",0.2499999943750001
145,"[(0, 5), (1, 3), (1, 5), (2, 3), (4, 5)]","[(3, 4), (3, 5), (2, 5), (1, 5), (0, 5)]",0.2499999943750001
146,"[(0, 5), (1, 3), (1, 5), (2, 3), (4, 5)]","[(3, 4), (3, 5), (2, 5), (1, 5), (0, 5)]",0.2499999943750001
148,"[(0, 5), (1, 3), (1, 5), (2, 3), (4, 5)]","[(3, 4), (3, 5), (2, 5), (1, 5), (0, 5)]",0.2499999943750001
149,"[(0, 5), (1, 3), (1, 5), (2, 3), (4, 5)]","[(3, 4), (3, 5), (2, 5), (1, 5), (0, 5)]",0.2499999943750001
151,"[(0, 11), (1, 9), (1, 11), (2, 9), (3, 4), (3, 9), (5, 6), (5, 7), (5, 9), (8, 9), (10, 11)]","[(9, 10), (9, 11), (8, 11), (7, 11), (6, 11), (5, 11), (4, 11), (3, 11), (2, 11), (1, 11), (0, 11)]",0.09999999490000026
153,"[(0, 1), (0, 2), (0, 11), (3, 9), (3, 11), (4, 6), (4, 9), (5, 6), (7, 8), (7, 9), (10, 11)]","[(9, 10), (8, 10), (7, 10), (7, 11), (6, 11), (5, 11), (4, 11), (3, 11), (2, 11), (1, 11), (0, 11)]",0.09999999490000026
152,"[(0, 8), (1, 6), (1, 8), (2, 6), (3, 6), (4, 5), (4, 6), (7, 8)]","[(6, 7), (5, 7), (4, 7), (3, 7), (3, 8), (2, 8), (1, 8), (0, 8)]",0.14285713765306143
155,"[(0, 1), (0, 2), (0, 8), (3, 6), (3, 8), (4, 6), (5, 6), (7, 8)]","[(6, 7), (5, 7), (4, 7), (3, 7), (2, 7), (1, 7), (1, 8), (0, 8)]",0.0
154,"[(0, 2), (0, 7), (1, 2), (3, 5), (3, 7), (4, 5), (6, 7)]","[(5, 6), (5, 7), (4, 7), (3, 7), (2, 7), (1, 7), (0, 7)]",0.16666666138888903
157,"[(0, 7), (1, 2), (1, 5), (1, 7), (3, 5), (4, 5), (6, 7)]","[(5, 6), (5, 7), (4, 7), (3, 7), (2, 7), (1, 7), (0, 7)]",0.16666666138888903
159,"[(0, 2), (0, 7), (1, 2), (3, 5), (3, 7), (4, 5), (6, 7)]","[(5, 6), (5, 7), (4, 7), (3, 7), (2, 7), (1, 7), (0, 7)]",0.16666666138888903
158,"[(0, 6), (1, 4), (1, 6), (2, 3), (2, 4), (5, 6)]","[(4, 5), (3, 5), (2, 5), (2, 6), (1, 6), (0, 6)]",0.19999999460000012
150,"[(0, 5), (1, 3), (1, 5), (2, 3), (4, 5)]","[(3, 4), (3, 5), (2, 5), (1, 5), (0, 5)]",0.2499999943750001
156,"[(0, 5), (1, 2), (1, 3), (1, 5), (4, 5)]","[(3, 4), (2, 4), (2, 5), (1, 5), (0, 5)]",0.2499999943750001
162,"[(0, 8), (1, 6), (1, 8), (2, 6), (3, 4), (3, 6), (5, 6), (7, 8)]","[(6, 7), (5, 7), (5, 8), (4, 8), (3, 8), (2, 8), (1, 8), (0, 8)]",0.14285713765306143
164,"[(0, 8), (1, 6), (1, 8), (2, 6), (3, 5), (3, 6), (4, 5), (7, 8)]","[(6, 7), (5, 7), (5, 8), (4, 8), (3, 8), (2, 8), (1, 8), (0, 8)]",0.14285713765306143
166,"[(0, 7), (1, 5), (1, 7), (2, 5), (3, 5), (4, 5), (6, 7)]","[(5, 6), (5, 7), (4, 7), (3, 7), (2, 7), (1, 7), (0, 7)]",0.16666666138888903
167,"[(0, 7), (1, 5), (1, 7), (2, 5), (3, 4), (3, 5), (6, 7)]","[(5, 6), (5, 7), (4, 7), (3, 7), (2, 7), (1, 7), (0, 7)]",0.16666666138888903
168,"[(0, 2), (0, 7), (1, 2), (3, 5), (3, 7), (4, 5), (6, 7)]","[(5, 6), (5, 7), (4, 7), (3, 7), (2, 7), (1, 7), (0, 7)]",0.16666666138888903
160,"[(0, 6), (1, 4), (1, 6), (2, 4), (3, 4), (5, 6)]","[(4, 5), (4, 6), (3, 6), (2, 6), (1, 6), (0, 6)]",0.19999999460000012
161,"[(0, 6), (1, 4), (1, 6), (2, 4), (3, 4), (5, 6)]","[(4, 5), (4, 6), (3, 6), (2, 6), (1, 6), (0, 6)]",0.19999999460000012
163,"[(0, 6), (1, 4), (1, 6), (2, 4), (3, 4), (5, 6)]","[(4, 5), (4, 6), (3, 6), (2, 6), (1, 6), (0, 6)]",0.19999999460000012
165,"[(0, 6), (1, 4), (1, 6), (2, 3), (2, 4), (5, 6)]","[(4, 5), (4, 6), (3, 6), (2, 6), (1, 6), (0, 6)]",0.19999999460000012
169,"[(0, 5), (1, 3), (1, 5), (2, 3), (4, 5)]","[(3, 4), (3, 5), (2, 5), (1, 5), (0, 5)]",0.2499999943750001
171,"[(0, 8), (1, 6), (1, 8), (2, 3), (2, 6), (4, 6), (5, 6), (7, 8)]","[(6, 7), (6, 8), (5, 8), (4, 8), (3, 8), (2, 8), (1, 8), (0, 8)]",0.14285713765306143
176,"[(0, 8), (1, 6), (1, 8), (2, 6), (3, 6), (4, 5), (4, 6), (7, 8)]","[(6, 7), (5, 7), (5, 8), (4, 8), (3, 8), (2, 8), (1, 8), (0, 8)]",0.14285713765306143
177,"[(0, 8), (1, 6), (1, 8), (2, 6), (3, 6), (4, 5), (4, 6), (7, 8)]","[(6, 7), (6, 8), (5, 8), (4, 8), (3, 8), (2, 8), (1, 8), (0, 8)]",0.14285713765306143
179,"[(0, 2), (0, 8), (1, 2), (3, 6), (3, 8), (4, 6), (5, 6), (7, 8)]","[(6, 7), (6, 8), (5, 8), (4, 8), (3, 8), (2, 8), (1, 8), (0, 8)]",0.14285713765306143
170,"[(0, 2), (0, 6), (1, 2), (3, 4), (3, 6), (5, 6)]","[(4, 5), (4, 6), (3, 6), (2, 6), (1, 6), (0, 6)]",0.19999999460000012
172,"[(0, 1), (0, 6), (2, 4), (2, 6), (3, 4), (5, 6)]","[(4, 5), (4, 6), (3, 6), (2, 6), (1, 6), (0, 6)]",0.19999999460000012
173,"[(0, 6), (1, 2), (1, 4), (1, 6), (3, 4), (5, 6)]","[(4, 5), (4, 6), (3, 6), (2, 6), (1, 6), (0, 6)]",0.19999999460000012
174,"[(0, 5), (1, 3), (1, 5), (2, 3), (4, 5)]","[(3, 4), (3, 5), (2, 5), (1, 5), (0, 5)]",0.2499999943750001
175,"[(0, 5), (1, 3), (1, 5), (2, 3), (4, 5)]","[(3, 4), (3, 5), (2, 5), (1, 5), (0, 5)]",0.2499999943750001
178,"[(0, 5), (1, 3), (1, 5), (2, 3), (4, 5)]","[(3, 4), (2, 4), (2, 5), (1, 5), (0, 5)]",0.2499999943750001
180,"[(0, 10), (1, 8), (1, 10), (2, 8), (3, 8), (4, 8), (5, 6), (5, 8), (7, 8), (9, 10)]","[(8, 9), (7, 9), (7, 10), (6, 10), (5, 10), (4, 10), (3, 10), (2, 10), (1, 10), (0, 10)]",0.11111110598765454
186,"[(0, 2), (0, 10), (1, 2), (3, 8), (3, 10), (4, 8), (5, 6), (5, 8), (7, 8), (9, 10)]","[(8, 9), (8, 10), (7, 10), (6, 10), (5, 10), (4, 10), (3, 10), (2, 10), (1, 10), (0, 10)]",0.11111110598765454
189,"[(0, 1), (0, 2), (0, 9), (3, 7), (3, 9), (4, 6), (4, 7), (5, 6), (8, 9)]","[(7, 8), (7, 9), (6, 9), (5, 9), (4, 9), (3, 9), (2, 9), (1, 9), (0, 9)]",0.12499999484375018
182,"[(0, 1), (0, 3), (0, 8), (2, 3), (4, 6), (4, 8), (5, 6), (7, 8)]","[(6, 7), (6, 8), (5, 8), (4, 8), (3, 8), (2, 8), (1, 8), (0, 8)]",0.14285713765306143
181,"[(0, 7), (1, 3), (1, 5), (1, 7), (2, 3), (4, 5), (6, 7)]","[(5, 6), (5, 7), (4, 7), (3, 7), (2, 7), (1, 7), (0, 7)]",0.16666666138888903
183,"[(0, 6), (1, 2), (1, 4), (1, 6), (3, 4), (5, 6)]","[(4, 5), (4, 6), (3, 6), (2, 6), (1, 6), (0, 6)]",0.19999999460000012
184,"[(0, 6), (1, 4), (1, 6), (2, 4), (3, 4), (5, 6)]","[(4, 5), (3, 5), (2, 5), (1, 5), (1, 6), (0, 6)]",0.19999999460000012
188,"[(0, 2), (0, 6), (1, 2), (3, 4), (3, 6), (5, 6)]","[(4, 5), (4, 6), (3, 6), (2, 6), (1, 6), (0, 6)]",0.19999999460000012
187,"[(0, 5), (1, 3), (1, 5), (2, 3), (4, 5)]","[(3, 4), (3, 5), (2, 5), (1, 5), (0, 5)]",0.2499999943750001
185,"[(0, 4), (1, 2), (1, 4), (3, 4)]","[(2, 3), (1, 3), (1, 4), (0, 4)]",0.33333332722222225
191,"[(0, 2), (0, 9), (1, 2), (3, 7), (3, 9), (4, 7), (5, 6), (5, 7), (8, 9)]","[(7, 8), (7, 9), (6, 9), (5, 9), (4, 9), (3, 9), (2, 9), (1, 9), (0, 9)]",0.12499999484375018
192,"[(0, 8), (1, 6), (1, 8), (2, 6), (3, 4), (3, 6), (5, 6), (7, 8)]","[(6, 7), (6, 8), (5, 8), (4, 8), (3, 8), (2, 8), (1, 8), (0, 8)]",0.14285713765306143
196,"[(0, 8), (1, 6), (1, 8), (2, 6), (3, 4), (3, 6), (5, 6), (7, 8)]","[(6, 7), (6, 8), (5, 8), (4, 8), (3, 8), (2, 8), (1, 8), (0, 8)]",0.14285713765306143
197,"[(0, 8), (1, 6), (1, 8), (2, 6), (3, 4), (3, 6), (5, 6), (7, 8)]","[(6, 7), (5, 7), (5, 8), (4, 8), (3, 8), (2, 8), (1, 8), (0, 8)]",0.14285713765306143
198,"[(0, 8), (1, 6), (1, 8), (2, 6), (3, 4), (3, 6), (5, 6), (7, 8)]","[(6, 7), (6, 8), (5, 8), (4, 8), (3, 8), (2, 8), (1, 8), (0, 8)]",0.14285713765306143
195,"[(0, 7), (1, 5), (1, 7), (2, 5), (3, 5), (4, 5), (6, 7)]","[(5, 6), (4, 6), (4, 7), (3, 7), (2, 7), (1, 7), (0, 7)]",0.16666666138888903
199,"[(0, 6), (1, 4), (1, 6), (2, 3), (2, 4), (5, 6)]","[(4, 5), (4, 6), (3, 6), (2, 6), (1, 6), (0, 6)]",0.19999999460000012
190,"[(0, 5), (1, 3), (1, 5), (2, 3), (4, 5)]","[(3, 4), (3, 5), (2, 5), (1, 5), (0, 5)]",0.2499999943750001
194,"[(0, 5), (1, 3), (1, 5), (2, 3), (4, 5)]","[(3, 4), (3, 5), (2, 5), (1, 5), (0, 5)]",0.2499999943750001
193,"[(0, 4), (1, 2), (1, 4), (3, 4)]","[(2, 3), (2, 4), (1, 4), (0, 4)]",0.33333332722222225
203,"[(0, 12), (1, 10), (1, 12), (2, 10), (3, 4), (3, 5), (3, 10), (6, 10), (7, 10), (8, 9), (8, 10), (11, 12)]","[(10, 11), (10, 12), (9, 12), (8, 12), (7, 12), (6, 12), (5, 12), (4, 12), (3, 12), (2, 12), (1, 12), (0, 12)]",0.09090908582644655
208,"[(0, 9), (1, 2), (1, 9), (3, 9), (4, 7), (4, 9), (5, 7), (6, 7), (8, 9)]","[(7, 8), (6, 8), (6, 9), (5, 9), (4, 9), (3, 9), (2, 9), (1, 9), (0, 9)]",0.37499999453125
204,"[(0, 8), (1, 6), (1, 8), (2, 6), (3, 4), (3, 6), (5, 6), (7, 8)]","[(6, 7), (6, 8), (5, 8), (4, 8), (3, 8), (2, 8), (1, 8), (0, 8)]",0.14285713765306143
206,"[(0, 8), (1, 2), (1, 6), (1, 8), (3, 6), (4, 6), (5, 6), (7, 8)]","[(6, 7), (6, 8), (5, 8), (4, 8), (3, 8), (2, 8), (1, 8), (0, 8)]",0.14285713765306143
209,"[(0, 8), (1, 6), (1, 8), (2, 6), (3, 4), (3, 6), (5, 6), (7, 8)]","[(6, 7), (6, 8), (5, 8), (4, 8), (3, 8), (2, 8), (1, 8), (0, 8)]",0.14285713765306143
200,"[(0, 7), (1, 5), (1, 7), (2, 5), (3, 4), (3, 5), (6, 7)]","[(5, 6), (5, 7), (4, 7), (3, 7), (2, 7), (1, 7), (0, 7)]",0.16666666138888903
201,"[(0, 2), (0, 7), (1, 2), (3, 5), (3, 7), (4, 5), (6, 7)]","[(5, 6), (5, 7), (4, 7), (3, 7), (2, 7), (1, 7), (0, 7)]",0.16666666138888903
202,"[(0, 7), (1, 5), (1, 7), (2, 3), (2, 5), (4, 5), (6, 7)]","[(5, 6), (5, 7), (4, 7), (3, 7), (2, 7), (1, 7), (0, 7)]",0.16666666138888903
207,"[(0, 6), (1, 2), (1, 4), (1, 6), (3, 4), (5, 6)]","[(4, 5), (3, 5), (3, 6), (2, 6), (1, 6), (0, 6)]",0.19999999460000012
205,"[(0, 4), (1, 2), (1, 4), (3, 4)]","[(2, 3), (2, 4), (1, 4), (0, 4)]",0.33333332722222225
211,"[(0, 8), (1, 6), (1, 8), (2, 6), (3, 4), (3, 6), (5, 6), (7, 8)]","[(6, 7), (5, 7), (5, 8), (4, 8), (3, 8), (2, 8), (1, 8), (0, 8)]",0.14285713765306143
213,"[(0, 8), (1, 6), (1, 8), (2, 5), (2, 6), (3, 5), (4, 5), (7, 8)]","[(6, 7), (6, 8), (5, 8), (4, 8), (3, 8), (2, 8), (1, 8), (0, 8)]",0.14285713765306143
216,"[(0, 8), (1, 6), (1, 8), (2, 6), (3, 4), (3, 6), (5, 6), (7, 8)]","[(6, 7), (5, 7), (5, 8), (4, 8), (3, 8), (2, 8), (1, 8), (0, 8)]",0.14285713765306143
212,"[(0, 2), (0, 7), (1, 2), (3, 5), (3, 7), (4, 5), (6, 7)]","[(5, 6), (5, 7), (4, 7), (3, 7), (2, 7), (1, 7), (0, 7)]",0.16666666138888903
215,"[(0, 1), (0, 2), (0, 7), (3, 5), (3, 7), (4, 5), (6, 7)]","[(5, 6), (5, 7), (4, 7), (3, 7), (2, 7), (1, 7), (0, 7)]",0.16666666138888903
214,"[(0, 6), (1, 4), (1, 6), (2, 4), (3, 4), (5, 6)]","[(4, 5), (3, 5), (2, 5), (2, 6), (1, 6), (0, 6)]",0.19999999460000012
217,"[(0, 6), (1, 5), (1, 6), (2, 5), (3, 5), (4, 5)]","[(5, 6), (4, 6), (3, 6), (2, 6), (1, 6), (0, 6)]",0.19999999460000012
218,"[(0, 6), (1, 4), (1, 6), (2, 3), (2, 4), (5, 6)]","[(4, 5), (4, 6), (3, 6), (2, 6), (1, 6), (0, 6)]",0.19999999460000012
219,"[(0, 6), (1, 4), (1, 6), (2, 4), (3, 4), (5, 6)]","[(4, 5), (3, 5), (3, 6), (2, 6), (1, 6), (0, 6)]",0.19999999460000012
210,"[(0, 5), (1, 3), (1, 5), (2, 3), (4, 5)]","[(3, 4), (3, 5), (2, 5), (1, 5), (0, 5)]",0.2499999943750001
225,"[(0, 2), (0, 7), (1, 2), (3, 5), (3, 7), (4, 5), (6, 7)]","[(5, 6), (5, 7), (4, 7), (3, 7), (2, 7), (1, 7), (0, 7)]",0.16666666138888903
228,"[(0, 7), (1, 5), (1, 7), (2, 3), (2, 5), (4, 5), (6, 7)]","[(5, 6), (5, 7), (4, 7), (3, 7), (2, 7), (1, 7), (0, 7)]",0.16666666138888903
221,"[(0, 1), (0, 6), (2, 4), (2, 6), (3, 4), (5, 6)]","[(4, 5), (3, 5), (3, 6), (2, 6), (1, 6), (0, 6)]",0.19999999460000012
223,"[(0, 6), (1, 4), (1, 6), (2, 4), (3, 4), (5, 6)]","[(4, 5), (4, 6), (3, 6), (2, 6), (1, 6), (0, 6)]",0.19999999460000012
229,"[(0, 6), (1, 2), (1, 4), (1, 6), (3, 4), (5, 6)]","[(4, 5), (3, 5), (2, 5), (1, 5), (1, 6), (0, 6)]",0.19999999460000012
220,"[(0, 5), (1, 3), (1, 5), (2, 3), (4, 5)]","[(3, 4), (3, 5), (2, 5), (1, 5), (0, 5)]",0.2499999943750001
222,"[(0, 5), (1, 3), (1, 5), (2, 3), (4, 5)]","[(3, 4), (3, 5), (2, 5), (1, 5), (0, 5)]",0.2499999943750001
224,"[(0, 5), (1, 3), (1, 5), (2, 3), (4, 5)]","[(3, 4), (3, 5), (2, 5), (1, 5), (0, 5)]",0.2499999943750001
227,"[(0, 1), (0, 5), (2, 3), (2, 5), (4, 5)]","[(3, 4), (3, 5), (2, 5), (1, 5), (0, 5)]",0.2499999943750001
226,"[(0, 4), (1, 2), (1, 4), (3, 4)]","[(2, 3), (2, 4), (1, 4), (0, 4)]",0.33333332722222225
239,"[(0, 1), (0, 2), (0, 10), (3, 8), (3, 10), (4, 8), (5, 7), (5, 8), (6, 7), (9, 10)]","[(8, 9), (8, 10), (7, 10), (6, 10), (5, 10), (4, 10), (3, 10), (2, 10), (1, 10), (0, 10)]",0.11111110598765454
231,"[(0, 2), (0, 7), (1, 2), (3, 5), (3, 7), (4, 5), (6, 7)]","[(5, 6), (4, 6), (4, 7), (3, 7), (2, 7), (1, 7), (0, 7)]",0.16666666138888903
234,"[(0, 7), (1, 5), (1, 7), (2, 4), (2, 5), (3, 4), (6, 7)]","[(5, 6), (5, 7), (4, 7), (3, 7), (2, 7), (1, 7), (0, 7)]",0.16666666138888903
237,"[(0, 2), (0, 7), (1, 2), (3, 5), (3, 7), (4, 5), (6, 7)]","[(5, 6), (5, 7), (4, 7), (3, 7), (2, 7), (1, 7), (0, 7)]",0.16666666138888903
238,"[(0, 7), (1, 5), (1, 7), (2, 5), (3, 4), (3, 5), (6, 7)]","[(5, 6), (5, 7), (4, 7), (3, 7), (2, 7), (1, 7), (0, 7)]",0.16666666138888903
236,"[(0, 1), (0, 6), (2, 4), (2, 6), (3, 4), (5, 6)]","[(4, 5), (4, 6), (3, 6), (2, 6), (1, 6), (0, 6)]",0.19999999460000012
232,"[(0, 5), (1, 2), (1, 3), (1, 5), (4, 5)]","[(3, 4), (3, 5), (2, 5), (1, 5), (0, 5)]",0.2499999943750001
233,"[(0, 5), (1, 3), (1, 5), (2, 3), (4, 5)]","[(3, 4), (2, 4), (2, 5), (1, 5), (0, 5)]",0.2499999943750001
235,"[(0, 5), (1, 4), (1, 5), (2, 4), (3, 4)]","[(4, 5), (3, 5), (2, 5), (1, 5), (0, 5)]",0.2499999943750001
230,"[(0, 4), (1, 2), (1, 4), (3, 4)]","[(2, 3), (1, 3), (1, 4), (0, 4)]",0.33333332722222225
243,"[(0, 7), (1, 5), (1, 7), (2, 5), (3, 4), (3, 5), (6, 7)]","[(5, 6), (5, 7), (4, 7), (3, 7), (2, 7), (1, 7), (0, 7)]",0.16666666138888903
244,"[(0, 7), (1, 5), (1, 7), (2, 5), (3, 4), (3, 5), (6, 7)]","[(5, 6), (5, 7), (4, 7), (3, 7), (2, 7), (1, 7), (0, 7)]",0.16666666138888903
246,"[(0, 7), (1, 5), (1, 7), (2, 5), (3, 4), (3, 5), (6, 7)]","[(5, 6), (5, 7), (4, 7), (3, 7), (2, 7), (1, 7), (0, 7)]",0.16666666138888903
240,"[(0, 6), (1, 3), (1, 4), (1, 6), (2, 3), (5, 6)]","[(4, 5), (3, 5), (3, 6), (2, 6), (1, 6), (0, 6)]",0.19999999460000012
241,"[(0, 6), (1, 4), (1, 6), (2, 3), (2, 4), (5, 6)]","[(4, 5), (4, 6), (3, 6), (2, 6), (1, 6), (0, 6)]",0.19999999460000012
242,"[(0, 6), (1, 4), (1, 6), (2, 4), (3, 4), (5, 6)]","[(4, 5), (3, 5), (3, 6), (2, 6), (1, 6), (0, 6)]",0.19999999460000012
245,"[(0, 6), (1, 4), (1, 6), (2, 4), (3, 4), (5, 6)]","[(4, 5), (4, 6), (3, 6), (2, 6), (1, 6), (0, 6)]",0.19999999460000012
247,"[(0, 6), (1, 4), (1, 6), (2, 4), (3, 4), (5, 6)]","[(4, 5), (4, 6), (3, 6), (2, 6), (1, 6), (0, 6)]",0.19999999460000012
249,"[(0, 6), (1, 4), (1, 6), (2, 3), (2, 4), (5, 6)]","[(4, 5), (4, 6), (3, 6), (2, 6), (1, 6), (0, 6)]",0.19999999460000012
248,"[(0, 5), (1, 3), (1, 5), (2, 3), (4, 5)]","[(3, 4), (3, 5), (2, 5), (1, 5), (0, 5)]",0.2499999943750001
251,"[(0, 8), (1, 6), (1, 8), (2, 6), (3, 6), (4, 6), (5, 6), (7, 8)]","[(6, 7), (6, 8), (5, 8), (4, 8), (3, 8), (2, 8), (1, 8), (0, 8)]",0.14285713765306143
256,"[(0, 8), (1, 6), (1, 8), (2, 3), (2, 6), (4, 5), (4, 6), (7, 8)]","[(6, 7), (6, 8), (5, 8), (4, 8), (3, 8), (2, 8), (1, 8), (0, 8)]",0.14285713765306143
252,"[(0, 6), (1, 4), (1, 6), (2, 3), (2, 4), (5, 6)]","[(4, 5), (4, 6), (3, 6), (2, 6), (1, 6), (0, 6)]",0.19999999460000012
253,"[(0, 6), (1, 4), (1, 6), (2, 4), (3, 4), (5, 6)]","[(4, 5), (4, 6), (3, 6), (2, 6), (1, 6), (0, 6)]",0.19999999460000012
254,"[(0, 1), (0, 6), (2, 4), (2, 6), (3, 4), (5, 6)]","[(4, 5), (4, 6), (3, 6), (2, 6), (1, 6), (0, 6)]",0.19999999460000012
257,"[(0, 6), (1, 4), (1, 6), (2, 3), (2, 4), (5, 6)]","[(4, 5), (4, 6), (3, 6), (2, 6), (1, 6), (0, 6)]",0.19999999460000012
258,"[(0, 6), (1, 4), (1, 6), (2, 3), (2, 4), (5, 6)]","[(4, 5), (4, 6), (3, 6), (2, 6), (1, 6), (0, 6)]",0.19999999460000012
250,"[(0, 5), (1, 3), (1, 5), (2, 3), (4, 5)]","[(3, 4), (3, 5), (2, 5), (1, 5), (0, 5)]",0.2499999943750001
255,"[(0, 5), (1, 3), (1, 5), (2, 3), (4, 5)]","[(3, 4), (3, 5), (2, 5), (1, 5), (0, 5)]",0.2499999943750001
259,"[(0, 5), (1, 3), (1, 5), (2, 3), (4, 5)]","[(3, 4), (3, 5), (2, 5), (1, 5), (0, 5)]",0.2499999943750001
262,"[(0, 1), (0, 2), (0, 11), (3, 9), (3, 11), (4, 9), (5, 7), (5, 8), (5, 9), (6, 7), (10, 11)]","[(9, 10), (9, 11), (8, 11), (7, 11), (6, 11), (5, 11), (4, 11), (3, 11), (2, 11), (1, 11), (0, 11)]",0.09999999490000026
263,"[(0, 7), (1, 5), (1, 7), (2, 5), (3, 4), (3, 5), (6, 7)]","[(5, 6), (5, 7), (4, 7), (3, 7), (2, 7), (1, 7), (0, 7)]",0.16666666138888903
265,"[(0, 7), (1, 3), (1, 5), (1, 7), (2, 3), (4, 5), (6, 7)]","[(5, 6), (5, 7), (4, 7), (3, 7), (2, 7), (1, 7), (0, 7)]",0.16666666138888903
266,"[(0, 2), (0, 7), (1, 2), (3, 5), (3, 7), (4, 5), (6, 7)]","[(5, 6), (5, 7), (4, 7), (3, 7), (2, 7), (1, 7), (0, 7)]",0.16666666138888903
268,"[(0, 7), (1, 5), (1, 7), (2, 5), (3, 4), (3, 5), (6, 7)]","[(5, 6), (5, 7), (4, 7), (3, 7), (2, 7), (1, 7), (0, 7)]",0.16666666138888903
264,"[(0, 6), (1, 3), (1, 4), (1, 6), (2, 3), (5, 6)]","[(4, 5), (3, 5), (3, 6), (2, 6), (1, 6), (0, 6)]",0.19999999460000012
267,"[(0, 6), (1, 4), (1, 6), (2, 4), (3, 4), (5, 6)]","[(4, 5), (4, 6), (3, 6), (2, 6), (1, 6), (0, 6)]",0.19999999460000012
261,"[(0, 5), (1, 3), (1, 5), (2, 3), (4, 5)]","[(3, 4), (2, 4), (2, 5), (1, 5), (0, 5)]",0.2499999943750001
269,"[(0, 5), (1, 3), (1, 5), (2, 3), (4, 5)]","[(3, 4), (3, 5), (2, 5), (1, 5), (0, 5)]",0.2499999943750001
260,"[(0, 4), (1, 2), (1, 4), (3, 4)]","[(2, 3), (2, 4), (1, 4), (0, 4)]",0.33333332722222225
272,"[(0, 1), (0, 2), (0, 11), (3, 9), (3, 11), (4, 9), (5, 7), (5, 8), (5, 9), (6, 7), (10, 11)]","[(9, 10), (9, 11), (8, 11), (7, 11), (6, 11), (5, 11), (4, 11), (3, 11), (2, 11), (1, 11), (0, 11)]",0.09999999490000026
274,"[(0, 9), (1, 7), (1, 9), (2, 3), (2, 7), (4, 7), (5, 6), (5, 7), (8, 9)]","[(7, 8), (7, 9), (6, 9), (5, 9), (4, 9), (3, 9), (2, 9), (1, 9), (0, 9)]",0.12499999484375018
270,"[(0, 8), (1, 4), (1, 6), (1, 8), (2, 4), (3, 4), (5, 6), (7, 8)]","[(6, 7), (5, 7), (5, 8), (4, 8), (3, 8), (2, 8), (1, 8), (0, 8)]",0.14285713765306143
273,"[(0, 7), (1, 5), (1, 7), (2, 5), (3, 4), (3, 5), (6, 7)]","[(5, 6), (5, 7), (4, 7), (3, 7), (2, 7), (1, 7), (0, 7)]",0.16666666138888903
279,"[(0, 7), (1, 5), (1, 7), (2, 5), (3, 4), (3, 5), (6, 7)]","[(5, 6), (5, 7), (4, 7), (3, 7), (2, 7), (1, 7), (0, 7)]",0.16666666138888903
275,"[(0, 6), (1, 4), (1, 6), (2, 4), (3, 4), (5, 6)]","[(4, 5), (3, 5), (3, 6), (2, 6), (1, 6), (0, 6)]",0.19999999460000012
271,"[(0, 5), (1, 3), (1, 5), (2, 3), (4, 5)]","[(3, 4), (2, 4), (2, 5), (1, 5), (0, 5)]",0.2499999943750001
276,"[(0, 5), (1, 3), (1, 5), (2, 3), (4, 5)]","[(3, 4), (3, 5), (2, 5), (1, 5), (0, 5)]",0.2499999943750001
277,"[(0, 5), (1, 3), (1, 5), (2, 3), (4, 5)]","[(3, 4), (3, 5), (2, 5), (1, 5), (0, 5)]",0.2499999943750001
278,"[(0, 1), (0, 5), (2, 3), (2, 5), (4, 5)]","[(3, 4), (2, 4), (1, 4), (0, 4), (0, 5)]",0.0
287,"[(0, 10), (1, 8), (1, 10), (2, 8), (3, 4), (3, 8), (5, 6), (5, 7), (5, 8), (9, 10)]","[(8, 9), (8, 10), (7, 10), (6, 10), (5, 10), (4, 10), (3, 10), (2, 10), (1, 10), (0, 10)]",0.11111110598765454
281,"[(0, 1), (0, 2), (0, 8), (3, 6), (3, 8), (4, 6), (5, 6), (7, 8)]","[(6, 7), (6, 8), (5, 8), (4, 8), (3, 8), (2, 8), (1, 8), (0, 8)]",0.14285713765306143
282,"[(0, 8), (1, 6), (1, 8), (2, 6), (3, 4), (3, 6), (5, 6), (7, 8)]","[(6, 7), (5, 7), (5, 8), (4, 8), (3, 8), (2, 8), (1, 8), (0, 8)]",0.14285713765306143
284,"[(0, 7), (1, 5), (1, 7), (2, 3), (2, 5), (4, 5), (6, 7)]","[(5, 6), (5, 7), (4, 7), (3, 7), (2, 7), (1, 7), (0, 7)]",0.16666666138888903
286,"[(0, 7), (1, 5), (1, 7), (2, 5), (3, 4), (3, 5), (6, 7)]","[(5, 6), (5, 7), (4, 7), (3, 7), (2, 7), (1, 7), (0, 7)]",0.16666666138888903
288,"[(0, 7), (1, 2), (1, 4), (1, 7), (3, 4), (5, 7), (6, 7)]","[(5, 6), (5, 7), (4, 7), (3, 7), (2, 7), (1, 7), (0, 7)]",0.3333333277777778
283,"[(0, 6), (1, 4), (1, 6), (2, 4), (3, 4), (5, 6)]","[(4, 5), (4, 6), (3, 6), (2, 6), (1, 6), (0, 6)]",0.19999999460000012
280,"[(0, 5), (1, 3), (1, 5), (2, 3), (4, 5)]","[(3, 4), (3, 5), (2, 5), (1, 5), (0, 5)]",0.2499999943750001
285,"[(0, 5), (1, 3), (1, 5), (2, 3), (4, 5)]","[(3, 4), (3, 5), (2, 5), (1, 5), (0, 5)]",0.2499999943750001
289,"[(0, 5), (1, 2), (1, 3), (1, 5), (4, 5)]","[(3, 4), (3, 5), (2, 5), (1, 5), (0, 5)]",0.2499999943750001
299,"[(0, 2), (0, 3), (0, 8), (1, 2), (4, 6), (4, 8), (5, 6), (7, 8)]","[(6, 7), (5, 7), (5, 8), (4, 8), (3, 8), (2, 8), (1, 8), (0, 8)]",0.14285713765306143
294,"[(0, 7), (1, 5), (1, 7), (2, 3), (2, 5), (4, 5), (6, 7)]","[(5, 6), (4, 6), (4, 7), (3, 7), (2, 7), (1, 7), (0, 7)]",0.16666666138888903
297,"[(0, 7), (1, 5), (1, 7), (2, 5), (3, 4), (3, 5), (6, 7)]","[(5, 6), (5, 7), (4, 7), (3, 7), (2, 7), (1, 7), (0, 7)]",0.16666666138888903
293,"[(0, 6), (1, 4), (1, 6), (2, 4), (3, 4), (5, 6)]","[(4, 5), (3, 5), (3, 6), (2, 6), (1, 6), (0, 6)]",0.19999999460000012
298,"[(0, 6), (1, 4), (1, 6), (2, 4), (3, 4), (5, 6)]","[(4, 5), (4, 6), (3, 6), (2, 6), (1, 6), (0, 6)]",0.19999999460000012
290,"[(0, 5), (1, 3), (1, 5), (2, 3), (4, 5)]","[(3, 4), (3, 5), (2, 5), (1, 5), (0, 5)]",0.2499999943750001
291,"[(0, 5), (1, 3), (1, 5), (2, 3), (4, 5)]","[(3, 4), (2, 4), (2, 5), (1, 5), (0, 5)]",0.2499999943750001
292,"[(0, 1), (0, 5), (2, 3), (2, 5), (4, 5)]","[(3, 4), (3, 5), (2, 5), (1, 5), (0, 5)]",0.2499999943750001
295,"[(0, 5), (1, 3), (1, 5), (2, 3), (4, 5)]","[(3, 4), (3, 5), (2, 5), (1, 5), (0, 5)]",0.2499999943750001
296,"[(0, 5), (1, 3), (1, 5), (2, 3), (4, 5)]","[(3, 4), (3, 5), (2, 5), (1, 5), (0, 5)]",0.2499999943750001
308,"[(0, 2), (0, 8), (1, 2), (3, 6), (3, 8), (4, 5), (4, 6), (7, 8)]","[(6, 7), (6, 8), (5, 8), (4, 8), (3, 8), (2, 8), (1, 8), (0, 8)]",0.14285713765306143
300,"[(0, 7), (1, 5), (1, 7), (2, 5), (3, 5), (4, 5), (6, 7)]","[(5, 6), (5, 7), (4, 7), (3, 7), (2, 7), (1, 7), (0, 7)]",0.16666666138888903
303,"[(0, 7), (1, 5), (1, 7), (2, 5), (3, 4), (3, 5), (6, 7)]","[(5, 6), (5, 7), (4, 7), (3, 7), (2, 7), (1, 7), (0, 7)]",0.16666666138888903
307,"[(0, 7), (1, 5), (1, 7), (2, 3), (2, 4), (2, 5), (6, 7)]","[(5, 6), (5, 7), (4, 7), (3, 7), (2, 7), (1, 7), (0, 7)]",0.16666666138888903
304,"[(0, 6), (1, 4), (1, 6), (2, 4), (3, 4), (5, 6)]","[(4, 5), (4, 6), (3, 6), (2, 6), (1, 6), (0, 6)]",0.19999999460000012
306,"[(0, 6), (1, 4), (1, 6), (2, 4), (3, 4), (5, 6)]","[(4, 5), (4, 6), (3, 6), (2, 6), (1, 6), (0, 6)]",0.19999999460000012
309,"[(0, 6), (1, 4), (1, 6), (2, 4), (3, 4), (5, 6)]","[(4, 5), (3, 5), (3, 6), (2, 6), (1, 6), (0, 6)]",0.19999999460000012
301,"[(0, 5), (1, 3), (1, 5), (2, 3), (4, 5)]","[(3, 4), (3, 5), (2, 5), (1, 5), (0, 5)]",0.2499999943750001
305,"[(0, 5), (1, 3), (1, 5), (2, 3), (4, 5)]","[(3, 4), (3, 5), (2, 5), (1, 5), (0, 5)]",0.2499999943750001
302,"[(0, 4), (1, 2), (1, 4), (3, 4)]","[(2, 3), (1, 3), (0, 3), (0, 4)]",0.0
319,"[(0, 1), (0, 10), (2, 8), (2, 10), (3, 4), (3, 8), (5, 7), (5, 8), (6, 7), (9, 10)]","[(8, 9), (8, 10), (7, 10), (6, 10), (5, 10), (4, 10), (3, 10), (2, 10), (1, 10), (0, 10)]",0.11111110598765454
310,"[(0, 7), (1, 5), (1, 7), (2, 5), (3, 5), (4, 5), (6, 7)]","[(5, 6), (4, 6), (3, 6), (3, 7), (2, 7), (1, 7), (0, 7)]",0.16666666138888903
312,"[(0, 7), (1, 5), (1, 7), (2, 5), (3, 5), (4, 5), (6, 7)]","[(5, 6), (5, 7), (4, 7), (3, 7), (2, 7), (1, 7), (0, 7)]",0.16666666138888903
314,"[(0, 7), (1, 5), (1, 7), (2, 5), (3, 5), (4, 5), (6, 7)]","[(5, 6), (5, 7), (4, 7), (3, 7), (2, 7), (1, 7), (0, 7)]",0.16666666138888903
315,"[(0, 7), (1, 5), (1, 7), (2, 5), (3, 5), (4, 5), (6, 7)]","[(5, 6), (4, 6), (4, 7), (3, 7), (2, 7), (1, 7), (0, 7)]",0.16666666138888903
311,"[(0, 1), (0, 6), (2, 4), (2, 6), (3, 4), (5, 6)]","[(4, 5), (3, 5), (3, 6), (2, 6), (1, 6), (0, 6)]",0.19999999460000012
313,"[(0, 6), (1, 4), (1, 6), (2, 4), (3, 4), (5, 6)]","[(4, 5), (4, 6), (3, 6), (2, 6), (1, 6), (0, 6)]",0.19999999460000012
318,"[(0, 2), (0, 6), (1, 2), (3, 4), (3, 6), (5, 6)]","[(4, 5), (4, 6), (3, 6), (2, 6), (1, 6), (0, 6)]",0.19999999460000012
316,"[(0, 5), (1, 3), (1, 5), (2, 3), (4, 5)]","[(3, 4), (3, 5), (2, 5), (1, 5), (0, 5)]",0.2499999943750001
317,"[(0, 5), (1, 3), (1, 5), (2, 3), (4, 5)]","[(3, 4), (3, 5), (2, 5), (1, 5), (0, 5)]",0.2499999943750001
326,"[(0, 6), (0, 13), (1, 6), (2, 6), (3, 6), (4, 6), (5, 6), (7, 13), (8, 11), (8, 13), (9, 11), (10, 11), (12, 13)]","[(11, 12), (11, 13), (10, 13), (9, 13), (8, 13), (7, 13), (6, 13), (5, 13), (4, 13), (3, 13), (2, 13), (1, 13), (0, 13)]",0.16666666152777793
328,"[(0, 9), (1, 7), (1, 9), (2, 7), (3, 7), (4, 7), (5, 6), (5, 7), (8, 9)]","[(7, 8), (7, 9), (6, 9), (5, 9), (4, 9), (3, 9), (2, 9), (1, 9), (0, 9)]",0.12499999484375018
322,"[(0, 7), (1, 5), (1, 7), (2, 4), (2, 5), (3, 4), (6, 7)]","[(5, 6), (5, 7), (4, 7), (3, 7), (2, 7), (1, 7), (0, 7)]",0.16666666138888903
324,"[(0, 1), (0, 7), (2, 5), (2, 7), (3, 5), (4, 5), (6, 7)]","[(5, 6), (5, 7), (4, 7), (3, 7), (2, 7), (1, 7), (0, 7)]",0.16666666138888903
321,"[(0, 6), (1, 4), (1, 6), (2, 4), (3, 4), (5, 6)]","[(4, 5), (3, 5), (3, 6), (2, 6), (1, 6), (0, 6)]",0.19999999460000012
323,"[(0, 6), (1, 2), (1, 4), (1, 6), (3, 4), (5, 6)]","[(4, 5), (3, 5), (3, 6), (2, 6), (1, 6), (0, 6)]",0.19999999460000012
327,"[(0, 6), (1, 4), (1, 6), (2, 4), (3, 4), (5, 6)]","[(4, 5), (4, 6), (3, 6), (2, 6), (1, 6), (0, 6)]",0.19999999460000012
325,"[(0, 5), (1, 2), (1, 3), (1, 5), (4, 5)]","[(3, 4), (2, 4), (1, 4), (1, 5), (0, 5)]",0.2499999943750001
320,"[(0, 4), (1, 2), (1, 4), (3, 4)]","[(2, 3), (2, 4), (1, 4), (0, 4)]",0.33333332722222225
329,"[(0, 4), (1, 2), (1, 4), (3, 4)]","[(2, 3), (2, 4), (1, 4), (0, 4)]",0.33333332722222225
336,"[(0, 9), (1, 3), (1, 7), (1, 9), (2, 3), (4, 7), (5, 7), (6, 7), (8, 9)]","[(7, 8), (7, 9), (6, 9), (5, 9), (4, 9), (3, 9), (2, 9), (1, 9), (0, 9)]",0.12499999484375018
338,"[(0, 1), (0, 9), (2, 3), (2, 4), (2, 5), (2, 7), (2, 9), (6, 7), (8, 9)]","[(7, 8), (7, 9), (6, 9), (5, 9), (4, 9), (3, 9), (2, 9), (1, 9), (0, 9)]",0.12499999484375018
339,"[(0, 9), (1, 2), (1, 9), (3, 7), (3, 9), (4, 7), (5, 7), (6, 7), (8, 9)]","[(7, 8), (7, 9), (6, 9), (5, 9), (4, 9), (3, 9), (2, 9), (1, 9), (0, 9)]",0.24999999468750006
337,"[(0, 8), (1, 6), (1, 8), (2, 6), (3, 5), (3, 6), (4, 5), (7, 8)]","[(6, 7), (6, 8), (5, 8), (4, 8), (3, 8), (2, 8), (1, 8), (0, 8)]",0.14285713765306143
331,"[(0, 5), (0, 7), (1, 2), (1, 3), (1, 5), (4, 5), (6, 7)]","[(5, 6), (5, 7), (4, 7), (3, 7), (2, 7), (1, 7), (0, 7)]",0.0
332,"[(0, 7), (1, 5), (1, 7), (2, 5), (3, 4), (3, 5), (6, 7)]","[(5, 6), (5, 7), (4, 7), (3, 7), (2, 7), (1, 7), (0, 7)]",0.16666666138888903
335,"[(0, 7), (1, 5), (1, 7), (2, 5), (3, 4), (3, 5), (6, 7)]","[(5, 6), (5, 7), (4, 7), (3, 7), (2, 7), (1, 7), (0, 7)]",0.16666666138888903
334,"[(0, 6), (1, 4), (1, 6), (2, 4), (3, 4), (5, 6)]","[(4, 5), (4, 6), (3, 6), (2, 6), (1, 6), (0, 6)]",0.19999999460000012
333,"[(0, 5), (1, 3), (1, 5), (2, 3), (4, 5)]","[(3, 4), (3, 5), (2, 5), (1, 5), (0, 5)]",0.2499999943750001
330,"[(0, 4), (1, 2), (1, 4), (3, 4)]","[(2, 3), (2, 4), (1, 4), (0, 4)]",0.33333332722222225
343,"[(0, 10), (1, 5), (1, 8), (1, 10), (2, 3), (2, 5), (4, 5), (6, 8), (7, 8), (9, 10)]","[(8, 9), (8, 10), (7, 10), (6, 10), (5, 10), (4, 10), (3, 10), (2, 10), (1, 10), (0, 10)]",0.11111110598765454
342,"[(0, 9), (1, 7), (1, 9), (2, 7), (3, 4), (3, 7), (5, 6), (5, 7), (8, 9)]","[(7, 8), (7, 9), (6, 9), (5, 9), (4, 9), (3, 9), (2, 9), (1, 9), (0, 9)]",0.12499999484375018
348,"[(0, 7), (1, 2), (1, 5), (1, 7), (3, 5), (4, 5), (6, 7)]","[(5, 6), (5, 7), (4, 7), (3, 7), (2, 7), (1, 7), (0, 7)]",0.16666666138888903
340,"[(0, 6), (1, 4), (1, 6), (2, 4), (3, 4), (5, 6)]","[(4, 5), (3, 5), (3, 6), (2, 6), (1, 6), (0, 6)]",0.19999999460000012
341,"[(0, 6), (1, 4), (1, 6), (2, 4), (3, 4), (5, 6)]","[(4, 5), (4, 6), (3, 6), (2, 6), (1, 6), (0, 6)]",0.19999999460000012
344,"[(0, 1), (0, 2), (0, 6), (3, 4), (3, 6), (5, 6)]","[(4, 5), (4, 6), (3, 6), (2, 6), (1, 6), (0, 6)]",0.19999999460000012
347,"[(0, 4), (0, 6), (1, 4), (2, 3), (2, 4), (5, 6)]","[(4, 5), (4, 6), (3, 6), (2, 6), (1, 6), (0, 6)]",0.0
345,"[(0, 1), (0, 5), (2, 3), (2, 5), (4, 5)]","[(3, 4), (3, 5), (2, 5), (1, 5), (0, 5)]",0.2499999943750001
346,"[(0, 5), (1, 3), (1, 5), (2, 3), (4, 5)]","[(3, 4), (3, 5), (2, 5), (1, 5), (0, 5)]",0.2499999943750001
349,"[(0, 5), (1, 3), (1, 5), (2, 3), (4, 5)]","[(3, 4), (3, 5), (2, 5), (1, 5), (0, 5)]",0.2499999943750001
355,"[(0, 8), (1, 3), (1, 6), (1, 8), (2, 3), (4, 6), (5, 6), (7, 8)]","[(6, 7), (6, 8), (5, 8), (4, 8), (3, 8), (2, 8), (1, 8), (0, 8)]",0.14285713765306143
354,"[(0, 7), (1, 5), (1, 7), (2, 5), (3, 4), (3, 5), (6, 7)]","[(5, 6), (5, 7), (4, 7), (3, 7), (2, 7), (1, 7), (0, 7)]",0.16666666138888903
356,"[(0, 7), (1, 5), (1, 7), (2, 5), (3, 4), (3, 5), (6, 7)]","[(5, 6), (4, 6), (3, 6), (3, 7), (2, 7), (1, 7), (0, 7)]",0.16666666138888903
358,"[(0, 7), (1, 5), (1, 7), (2, 5), (3, 4), (3, 5), (6, 7)]","[(5, 6), (5, 7), (4, 7), (3, 7), (2, 7), (1, 7), (0, 7)]",0.16666666138888903
352,"[(0, 6), (1, 4), (1, 6), (2, 4), (3, 4), (5, 6)]","[(4, 5), (4, 6), (3, 6), (2, 6), (1, 6), (0, 6)]",0.19999999460000012
357,"[(0, 6), (1, 4), (1, 6), (2, 3), (2, 4), (5, 6)]","[(4, 5), (4, 6), (3, 6), (2, 6), (1, 6), (0, 6)]",0.19999999460000012
350,"[(0, 5), (1, 3), (1, 5), (2, 3), (4, 5)]","[(3, 4), (3, 5), (2, 5), (1, 5), (0, 5)]",0.2499999943750001
351,"[(0, 1), (0, 5), (2, 3), (2, 5), (4, 5)]","[(3, 4), (3, 5), (2, 5), (1, 5), (0, 5)]",0.2499999943750001
353,"[(0, 5), (1, 3), (1, 5), (2, 3), (4, 5)]","[(3, 4), (3, 5), (2, 5), (1, 5), (0, 5)]",0.2499999943750001
359,"[(0, 5), (1, 3), (1, 5), (2, 3), (4, 5)]","[(3, 4), (2, 4), (2, 5), (1, 5), (0, 5)]",0.2499999943750001
362,"[(0, 2), (0, 11), (1, 2), (3, 9), (3, 11), (4, 9), (5, 6), (5, 9), (7, 9), (8, 9), (10, 11)]","[(9, 10), (9, 11), (8, 11), (7, 11), (6, 11), (5, 11), (4, 11), (3, 11), (2, 11), (1, 11), (0, 11)]",0.09999999490000026
366,"[(0, 7), (1, 5), (1, 7), (2, 5), (3, 4), (3, 5), (6, 7)]","[(5, 6), (5, 7), (4, 7), (3, 7), (2, 7), (1, 7), (0, 7)]",0.16666666138888903
360,"[(0, 6), (1, 4), (1, 6), (2, 4), (3, 4), (5, 6)]","[(4, 5), (3, 5), (3, 6), (2, 6), (1, 6), (0, 6)]",0.19999999460000012
367,"[(0, 6), (1, 4), (1, 6), (2, 4), (3, 4), (5, 6)]","[(4, 5), (3, 5), (3, 6), (2, 6), (1, 6), (0, 6)]",0.19999999460000012
368,"[(0, 6), (1, 3), (1, 4), (1, 6), (2, 3), (5, 6)]","[(4, 5), (4, 6), (3, 6), (2, 6), (1, 6), (0, 6)]",0.19999999460000012
363,"[(0, 5), (1, 3), (1, 5), (2, 3), (4, 5)]","[(3, 4), (3, 5), (2, 5), (1, 5), (0, 5)]",0.2499999943750001
364,"[(0, 5), (1, 3), (1, 5), (2, 3), (4, 5)]","[(3, 4), (3, 5), (2, 5), (1, 5), (0, 5)]",0.2499999943750001
369,"[(0, 5), (1, 3), (1, 5), (2, 3), (4, 5)]","[(3, 4), (3, 5), (2, 5), (1, 5), (0, 5)]",0.2499999943750001
361,"[(0, 4), (1, 2), (1, 4), (3, 4)]","[(2, 3), (2, 4), (1, 4), (0, 4)]",0.33333332722222225
365,"[(0, 4), (1, 2), (1, 4), (3, 4)]","[(2, 3), (2, 4), (1, 4), (0, 4)]",0.33333332722222225
374,"[(0, 9), (1, 7), (1, 9), (2, 7), (3, 7), (4, 6), (4, 7), (5, 6), (8, 9)]","[(7, 8), (7, 9), (6, 9), (5, 9), (4, 9), (3, 9), (2, 9), (1, 9), (0, 9)]",0.12499999484375018
376,"[(0, 9), (1, 7), (1, 9), (2, 7), (3, 7), (4, 6), (4, 7), (5, 6), (8, 9)]","[(7, 8), (7, 9), (6, 9), (5, 9), (4, 9), (3, 9), (2, 9), (1, 9), (0, 9)]",0.12499999484375018
370,"[(0, 7), (1, 5), (1, 7), (2, 5), (3, 4), (3, 5), (6, 7)]","[(5, 6), (5, 7), (4, 7), (3, 7), (2, 7), (1, 7), (0, 7)]",0.16666666138888903
372,"[(0, 7), (1, 5), (1, 7), (2, 5), (3, 5), (4, 5), (6, 7)]","[(5, 6), (5, 7), (4, 7), (3, 7), (2, 7), (1, 7), (0, 7)]",0.16666666138888903
373,"[(0, 7), (1, 5), (1, 7), (2, 5), (3, 4), (3, 5), (6, 7)]","[(5, 6), (5, 7), (4, 7), (3, 7), (2, 7), (1, 7), (0, 7)]",0.16666666138888903
377,"[(0, 7), (1, 5), (1, 7), (2, 5), (3, 4), (3, 5), (6, 7)]","[(5, 6), (5, 7), (4, 7), (3, 7), (2, 7), (1, 7), (0, 7)]",0.16666666138888903
379,"[(0, 2), (0, 7), (1, 2), (3, 5), (3, 7), (4, 5), (6, 7)]","[(5, 6), (5, 7), (4, 7), (3, 7), (2, 7), (1, 7), (0, 7)]",0.16666666138888903
378,"[(0, 2), (0, 6), (1, 2), (3, 4), (3, 6), (5, 6)]","[(4, 5), (4, 6), (3, 6), (2, 6), (1, 6), (0, 6)]",0.19999999460000012
371,"[(0, 5), (1, 3), (1, 5), (2, 3), (4, 5)]","[(3, 4), (3, 5), (2, 5), (1, 5), (0, 5)]",0.2499999943750001
375,"[(0, 2), (0, 5), (1, 2), (3, 5), (4, 5)]","[(3, 4), (3, 5), (2, 5), (1, 5), (0, 5)]",0.2499999943750001
383,"[(0, 9), (0, 11), (1, 5), (1, 9), (2, 3), (2, 5), (4, 5), (6, 9), (7, 9), (8, 9), (10, 11)]","[(9, 10), (9, 11), (8, 11), (7, 11), (6, 11), (5, 11), (4, 11), (3, 11), (2, 11), (1, 11), (0, 11)]",0.0
382,"[(0, 2), (0, 7), (1, 2), (3, 5), (3, 7), (4, 5), (6, 7)]","[(5, 6), (5, 7), (4, 7), (3, 7), (2, 7), (1, 7), (0, 7)]",0.16666666138888903
384,"[(0, 7), (1, 5), (1, 7), (2, 5), (3, 4), (3, 5), (6, 7)]","[(5, 6), (5, 7), (4, 7), (3, 7), (2, 7), (1, 7), (0, 7)]",0.16666666138888903
385,"[(0, 7), (1, 5), (1, 7), (2, 5), (3, 5), (4, 5), (6, 7)]","[(5, 6), (4, 6), (4, 7), (3, 7), (2, 7), (1, 7), (0, 7)]",0.16666666138888903
388,"[(0, 7), (1, 5), (1, 7), (2, 5), (3, 5), (4, 5), (6, 7)]","[(5, 6), (5, 7), (4, 7), (3, 7), (2, 7), (1, 7), (0, 7)]",0.16666666138888903
380,"[(0, 6), (1, 4), (1, 6), (2, 4), (3, 4), (5, 6)]","[(4, 5), (4, 6), (3, 6), (2, 6), (1, 6), (0, 6)]",0.19999999460000012
387,"[(0, 6), (1, 4), (1, 6), (2, 4), (3, 4), (5, 6)]","[(4, 5), (4, 6), (3, 6), (2, 6), (1, 6), (0, 6)]",0.19999999460000012
389,"[(0, 6), (1, 4), (1, 6), (2, 3), (2, 4), (5, 6)]","[(4, 5), (4, 6), (3, 6), (2, 6), (1, 6), (0, 6)]",0.19999999460000012
381,"[(0, 5), (1, 3), (1, 5), (2, 3), (4, 5)]","[(3, 4), (3, 5), (2, 5), (1, 5), (0, 5)]",0.2499999943750001
386,"[(0, 5), (1, 3), (1, 5), (2, 3), (4, 5)]","[(3, 4), (2, 4), (2, 5), (1, 5), (0, 5)]",0.2499999943750001
390,"[(0, 8), (1, 2), (1, 6), (1, 8), (3, 6), (4, 6), (5, 6), (7, 8)]","[(6, 7), (6, 8), (5, 8), (4, 8), (3, 8), (2, 8), (1, 8), (0, 8)]",0.14285713765306143
391,"[(0, 8), (1, 2), (1, 6), (1, 8), (3, 6), (4, 6), (5, 6), (7, 8)]","[(6, 7), (5, 7), (5, 8), (4, 8), (3, 8), (2, 8), (1, 8), (0, 8)]",0.14285713765306143
392,"[(0, 2), (0, 8), (1, 2), (3, 6), (3, 8), (4, 6), (5, 6), (7, 8)]","[(6, 7), (6, 8), (5, 8), (4, 8), (3, 8), (2, 8), (1, 8), (0, 8)]",0.14285713765306143
397,"[(0, 8), (1, 6), (1, 8), (2, 3), (2, 6), (4, 6), (5, 6), (7, 8)]","[(6, 7), (6, 8), (5, 8), (4, 8), (3, 8), (2, 8), (1, 8), (0, 8)]",0.14285713765306143
399,"[(0, 8), (1, 3), (1, 6), (1, 8), (2, 3), (4, 6), (5, 6), (7, 8)]","[(6, 7), (5, 7), (5, 8), (4, 8), (3, 8), (2, 8), (1, 8), (0, 8)]",0.14285713765306143
396,"[(0, 2), (0, 7), (1, 2), (3, 5), (3, 7), (4, 5), (6, 7)]","[(5, 6), (5, 7), (4, 7), (3, 7), (2, 7), (1, 7), (0, 7)]",0.16666666138888903
398,"[(0, 7), (1, 5), (1, 7), (2, 5), (3, 4), (3, 5), (6, 7)]","[(5, 6), (4, 6), (3, 6), (2, 6), (1, 6), (1, 7), (0, 7)]",0.16666666138888903
393,"[(0, 5), (1, 3), (1, 5), (2, 3), (4, 5)]","[(3, 4), (3, 5), (2, 5), (1, 5), (0, 5)]",0.2499999943750001
394,"[(0, 5), (1, 3), (1, 5), (2, 3), (4, 5)]","[(3, 4), (3, 5), (2, 5), (1, 5), (0, 5)]",0.2499999943750001
395,"[(0, 4), (1, 2), (1, 4), (3, 4)]","[(2, 3), (1, 3), (1, 4), (0, 4)]",0.33333332722222225
403,"[(0, 2), (0, 9), (1, 2), (3, 7), (3, 9), (4, 7), (5, 7), (6, 7), (8, 9)]","[(7, 8), (7, 9), (6, 9), (5, 9), (4, 9), (3, 9), (2, 9), (1, 9), (0, 9)]",0.12499999484375018
404,"[(0, 6), (0, 8), (1, 2), (1, 6), (3, 6), (4, 6), (5, 6), (7, 8)]","[(6, 7), (5, 7), (4, 7), (3, 7), (2, 7), (1, 7), (0, 7), (0, 8)]",0.0
405,"[(0, 8), (1, 6), (1, 8), (2, 6), (3, 6), (4, 6), (5, 6), (7, 8)]","[(6, 7), (6, 8), (5, 8), (4, 8), (3, 8), (2, 8), (1, 8), (0, 8)]",0.14285713765306143
400,"[(0, 7), (1, 3), (1, 5), (1, 7), (2, 3), (4, 5), (6, 7)]","[(5, 6), (4, 6), (4, 7), (3, 7), (2, 7), (1, 7), (0, 7)]",0.16666666138888903
402,"[(0, 2), (0, 7), (1, 2), (3, 5), (3, 7), (4, 5), (6, 7)]","[(5, 6), (4, 6), (4, 7), (3, 7), (2, 7), (1, 7), (0, 7)]",0.16666666138888903
401,"[(0, 2), (0, 6), (1, 2), (3, 4), (3, 6), (5, 6)]","[(4, 5), (4, 6), (3, 6), (2, 6), (1, 6), (0, 6)]",0.19999999460000012
406,"[(0, 5), (1, 3), (1, 5), (2, 3), (4, 5)]","[(3, 4), (3, 5), (2, 5), (1, 5), (0, 5)]",0.2499999943750001
407,"[(0, 5), (1, 3), (1, 5), (2, 3), (4, 5)]","[(3, 4), (2, 4), (2, 5), (1, 5), (0, 5)]",0.2499999943750001
408,"[(0, 5), (1, 3), (1, 5), (2, 3), (4, 5)]","[(3, 4), (3, 5), (2, 5), (1, 5), (0, 5)]",0.2499999943750001
409,"[(0, 5), (1, 3), (1, 5), (2, 3), (4, 5)]","[(3, 4), (3, 5), (2, 5), (1, 5), (0, 5)]",0.2499999943750001
417,"[(0, 9), (1, 7), (1, 9), (2, 3), (2, 7), (4, 7), (5, 7), (6, 7), (8, 9)]","[(7, 8), (6, 8), (5, 8), (5, 9), (4, 9), (3, 9), (2, 9), (1, 9), (0, 9)]",0.12499999484375018
410,"[(0, 8), (1, 6), (1, 8), (2, 6), (3, 6), (4, 5), (4, 6), (7, 8)]","[(6, 7), (6, 8), (5, 8), (4, 8), (3, 8), (2, 8), (1, 8), (0, 8)]",0.14285713765306143
412,"[(0, 2), (0, 8), (1, 2), (3, 6), (3, 8), (4, 6), (5, 6), (7, 8)]","[(6, 7), (5, 7), (5, 8), (4, 8), (3, 8), (2, 8), (1, 8), (0, 8)]",0.14285713765306143
414,"[(0, 8), (1, 6), (1, 8), (2, 6), (3, 6), (4, 6), (5, 6), (7, 8)]","[(6, 7), (6, 8), (5, 8), (4, 8), (3, 8), (2, 8), (1, 8), (0, 8)]",0.14285713765306143
418,"[(0, 8), (1, 6), (1, 8), (2, 6), (3, 6), (4, 5), (4, 6), (7, 8)]","[(6, 7), (6, 8), (5, 8), (4, 8), (3, 8), (2, 8), (1, 8), (0, 8)]",0.14285713765306143
413,"[(0, 7), (1, 5), (1, 7), (2, 5), (3, 4), (3, 5), (6, 7)]","[(5, 6), (5, 7), (4, 7), (3, 7), (2, 7), (1, 7), (0, 7)]",0.16666666138888903
416,"[(0, 5), (0, 7), (1, 5), (2, 5), (3, 5), (4, 5), (6, 7)]","[(5, 6), (5, 7), (4, 7), (3, 7), (2, 7), (1, 7), (0, 7)]",0.0
411,"[(0, 6), (1, 3), (1, 6), (2, 3), (4, 6), (5, 6)]","[(4, 5), (4, 6), (3, 6), (2, 6), (1, 6), (0, 6)]",0.39999999420000004
415,"[(0, 6), (1, 4), (1, 6), (2, 4), (3, 4), (5, 6)]","[(4, 5), (3, 5), (3, 6), (2, 6), (1, 6), (0, 6)]",0.19999999460000012
419,"[(0, 2), (0, 6), (1, 2), (3, 4), (3, 6), (5, 6)]","[(4, 5), (4, 6), (3, 6), (2, 6), (1, 6), (0, 6)]",0.19999999460000012
422,"[(0, 1), (0, 2), (0, 3), (0, 9), (4, 7), (4, 9), (5, 6), (5, 7), (8, 9)]","[(7, 8), (6, 8), (6, 9), (5, 9), (4, 9), (3, 9), (2, 9), (1, 9), (0, 9)]",0.12499999484375018
421,"[(0, 1), (0, 2), (0, 3), (0, 8), (4, 6), (4, 8), (5, 6), (7, 8)]","[(6, 7), (6, 8), (5, 8), (4, 8), (3, 8), (2, 8), (1, 8), (0, 8)]",0.14285713765306143
426,"[(0, 8), (1, 6), (1, 8), (2, 3), (2, 4), (2, 6), (5, 6), (7, 8)]","[(6, 7), (6, 8), (5, 8), (4, 8), (3, 8), (2, 8), (1, 8), (0, 8)]",0.14285713765306143
424,"[(0, 6), (1, 4), (1, 6), (2, 3), (2, 4), (5, 6)]","[(4, 5), (4, 6), (3, 6), (2, 6), (1, 6), (0, 6)]",0.19999999460000012
429,"[(0, 6), (1, 4), (1, 6), (2, 3), (2, 4), (5, 6)]","[(4, 5), (4, 6), (3, 6), (2, 6), (1, 6), (0, 6)]",0.19999999460000012
423,"[(0, 5), (1, 3), (1, 5), (2, 3), (4, 5)]","[(3, 4), (2, 4), (1, 4), (1, 5), (0, 5)]",0.2499999943750001
425,"[(0, 5), (1, 3), (1, 5), (2, 3), (4, 5)]","[(3, 4), (2, 4), (2, 5), (1, 5), (0, 5)]",0.2499999943750001
428,"[(0, 5), (1, 3), (1, 5), (2, 3), (4, 5)]","[(3, 4), (3, 5), (2, 5), (1, 5), (0, 5)]",0.2499999943750001
420,"[(0, 4), (1, 2), (1, 4), (3, 4)]","[(2, 3), (1, 3), (1, 4), (0, 4)]",0.33333332722222225
427,"[(0, 4), (1, 2), (1, 4), (3, 4)]","[(2, 3), (2, 4), (1, 4), (0, 4)]",0.33333332722222225
431,"[(0, 1), (0, 2), (0, 11), (3, 9), (3, 11), (4, 5), (4, 6), (4, 7), (4, 8), (4, 9), (10, 11)]","[(9, 10), (9, 11), (8, 11), (7, 11), (6, 11), (5, 11), (4, 11), (3, 11), (2, 11), (1, 11), (0, 11)]",0.09999999490000026
433,"[(0, 8), (1, 6), (1, 8), (2, 6), (3, 6), (4, 5), (4, 6), (7, 8)]","[(6, 7), (5, 7), (4, 7), (3, 7), (2, 7), (1, 7), (1, 8), (0, 8)]",0.14285713765306143
435,"[(0, 8), (1, 6), (1, 8), (2, 5), (2, 6), (3, 4), (3, 5), (7, 8)]","[(6, 7), (6, 8), (5, 8), (4, 8), (3, 8), (2, 8), (1, 8), (0, 8)]",0.14285713765306143
439,"[(0, 8), (1, 6), (1, 8), (2, 5), (2, 6), (3, 4), (3, 5), (7, 8)]","[(6, 7), (5, 7), (5, 8), (4, 8), (3, 8), (2, 8), (1, 8), (0, 8)]",0.14285713765306143
430,"[(0, 7), (1, 5), (1, 7), (2, 5), (3, 4), (3, 5), (6, 7)]","[(5, 6), (5, 7), (4, 7), (3, 7), (2, 7), (1, 7), (0, 7)]",0.16666666138888903
432,"[(0, 7), (1, 5), (1, 7), (2, 5), (3, 4), (3, 5), (6, 7)]","[(5, 6), (5, 7), (4, 7), (3, 7), (2, 7), (1, 7), (0, 7)]",0.16666666138888903
434,"[(0, 2), (0, 7), (1, 2), (3, 4), (3, 5), (3, 7), (6, 7)]","[(5, 6), (4, 6), (4, 7), (3, 7), (2, 7), (1, 7), (0, 7)]",0.16666666138888903
438,"[(0, 7), (1, 5), (1, 7), (2, 5), (3, 4), (3, 5), (6, 7)]","[(5, 6), (4, 6), (3, 6), (2, 6), (1, 6), (1, 7), (0, 7)]",0.16666666138888903
436,"[(0, 6), (1, 4), (1, 6), (2, 4), (3, 4), (5, 6)]","[(4, 5), (4, 6), (3, 6), (2, 6), (1, 6), (0, 6)]",0.19999999460000012
437,"[(0, 5), (1, 3), (1, 5), (2, 3), (4, 5)]","[(3, 4), (2, 4), (2, 5), (1, 5), (0, 5)]",0.2499999943750001
441,"[(0, 9), (1, 7), (1, 9), (2, 7), (3, 4), (3, 7), (5, 6), (5, 7), (8, 9)]","[(7, 8), (7, 9), (6, 9), (5, 9), (4, 9), (3, 9), (2, 9), (1, 9), (0, 9)]",0.12499999484375018
445,"[(0, 9), (1, 7), (1, 9), (2, 7), (3, 7), (4, 6), (4, 7), (5, 6), (8, 9)]","[(7, 8), (6, 8), (6, 9), (5, 9), (4, 9), (3, 9), (2, 9), (1, 9), (0, 9)]",0.12499999484375018
446,"[(0, 1), (0, 2), (0, 8), (3, 5), (3, 6), (3, 8), (4, 5), (7, 8)]","[(6, 7), (6, 8), (5, 8), (4, 8), (3, 8), (2, 8), (1, 8), (0, 8)]",0.14285713765306143
447,"[(0, 8), (1, 6), (1, 8), (2, 6), (3, 4), (3, 6), (5, 6), (7, 8)]","[(6, 7), (6, 8), (5, 8), (4, 8), (3, 8), (2, 8), (1, 8), (0, 8)]",0.14285713765306143
442,"[(0, 7), (1, 2), (1, 5), (1, 7), (3, 5), (4, 5), (6, 7)]","[(5, 6), (5, 7), (4, 7), (3, 7), (2, 7), (1, 7), (0, 7)]",0.16666666138888903
443,"[(0, 7), (1, 3), (1, 4), (1, 5), (1, 7), (2, 3), (6, 7)]","[(5, 6), (5, 7), (4, 7), (3, 7), (2, 7), (1, 7), (0, 7)]",0.16666666138888903
448,"[(0, 7), (1, 5), (1, 7), (2, 5), (3, 4), (3, 5), (6, 7)]","[(5, 6), (5, 7), (4, 7), (3, 7), (2, 7), (1, 7), (0, 7)]",0.16666666138888903
440,"[(0, 6), (1, 4), (1, 6), (2, 4), (3, 4), (5, 6)]","[(4, 5), (4, 6), (3, 6), (2, 6), (1, 6), (0, 6)]",0.19999999460000012
444,"[(0, 6), (1, 4), (1, 6), (2, 3), (2, 4), (5, 6)]","[(4, 5), (4, 6), (3, 6), (2, 6), (1, 6), (0, 6)]",0.19999999460000012
449,"[(0, 2), (0, 6), (1, 2), (3, 4), (3, 6), (5, 6)]","[(4, 5), (4, 6), (3, 6), (2, 6), (1, 6), (0, 6)]",0.19999999460000012
457,"[(0, 1), (0, 7), (2, 5), (2, 7), (3, 4), (3, 5), (6, 7)]","[(5, 6), (5, 7), (4, 7), (3, 7), (2, 7), (1, 7), (0, 7)]",0.16666666138888903
450,"[(0, 6), (1, 4), (1, 6), (2, 4), (3, 4), (5, 6)]","[(4, 5), (4, 6), (3, 6), (2, 6), (1, 6), (0, 6)]",0.19999999460000012
451,"[(0, 6), (1, 4), (1, 6), (2, 3), (2, 4), (5, 6)]","[(4, 5), (4, 6), (3, 6), (2, 6), (1, 6), (0, 6)]",0.19999999460000012
456,"[(0, 6), (1, 2), (1, 4), (1, 6), (3, 4), (5, 6)]","[(4, 5), (4, 6), (3, 6), (2, 6), (1, 6), (0, 6)]",0.19999999460000012
458,"[(0, 1), (0, 6), (2, 4), (2, 6), (3, 4), (5, 6)]","[(4, 5), (4, 6), (3, 6), (2, 6), (1, 6), (0, 6)]",0.19999999460000012
459,"[(0, 6), (1, 4), (1, 6), (2, 3), (2, 4), (5, 6)]","[(4, 5), (4, 6), (3, 6), (2, 6), (1, 6), (0, 6)]",0.19999999460000012
452,"[(0, 5), (1, 3), (1, 5), (2, 3), (4, 5)]","[(3, 4), (3, 5), (2, 5), (1, 5), (0, 5)]",0.2499999943750001
453,"[(0, 1), (0, 5), (2, 3), (2, 5), (4, 5)]","[(3, 4), (3, 5), (2, 5), (1, 5), (0, 5)]",0.2499999943750001
454,"[(0, 5), (1, 3), (1, 5), (2, 3), (4, 5)]","[(3, 4), (3, 5), (2, 5), (1, 5), (0, 5)]",0.2499999943750001
455,"[(0, 4), (1, 2), (1, 4), (3, 4)]","[(2, 3), (2, 4), (1, 4), (0, 4)]",0.33333332722222225
464,"[(0, 1), (0, 2), (0, 11), (3, 9), (3, 11), (4, 7), (4, 9), (5, 6), (5, 7), (8, 9), (10, 11)]","[(9, 10), (9, 11), (8, 11), (7, 11), (6, 11), (5, 11), (4, 11), (3, 11), (2, 11), (1, 11), (0, 11)]",0.09999999490000026
460,"[(0, 8), (1, 6), (1, 8), (2, 6), (3, 6), (4, 6), (5, 6), (7, 8)]","[(6, 7), (6, 8), (5, 8), (4, 8), (3, 8), (2, 8), (1, 8), (0, 8)]",0.14285713765306143
466,"[(0, 8), (1, 6), (1, 8), (2, 3), (2, 6), (4, 5), (4, 6), (7, 8)]","[(6, 7), (6, 8), (5, 8), (4, 8), (3, 8), (2, 8), (1, 8), (0, 8)]",0.14285713765306143
462,"[(0, 7), (1, 5), (1, 7), (2, 5), (3, 4), (3, 5), (6, 7)]","[(5, 6), (5, 7), (4, 7), (3, 7), (2, 7), (1, 7), (0, 7)]",0.16666666138888903
463,"[(0, 1), (0, 2), (0, 7), (3, 5), (3, 7), (4, 5), (6, 7)]","[(5, 6), (5, 7), (4, 7), (3, 7), (2, 7), (1, 7), (0, 7)]",0.16666666138888903
465,"[(0, 1), (0, 7), (2, 5), (2, 7), (3, 4), (3, 5), (6, 7)]","[(5, 6), (5, 7), (4, 7), (3, 7), (2, 7), (1, 7), (0, 7)]",0.16666666138888903
461,"[(0, 6), (1, 4), (1, 6), (2, 4), (3, 4), (5, 6)]","[(4, 5), (3, 5), (2, 5), (1, 5), (0, 5), (0, 6)]",0.0
467,"[(0, 6), (1, 4), (1, 6), (2, 3), (2, 4), (5, 6)]","[(4, 5), (4, 6), (3, 6), (2, 6), (1, 6), (0, 6)]",0.19999999460000012
468,"[(0, 6), (1, 4), (1, 6), (2, 3), (2, 4), (5, 6)]","[(4, 5), (4, 6), (3, 6), (2, 6), (1, 6), (0, 6)]",0.19999999460000012
469,"[(0, 5), (1, 3), (1, 5), (2, 3), (4, 5)]","[(3, 4), (3, 5), (2, 5), (1, 5), (0, 5)]",0.2499999943750001
479,"[(0, 4), (0, 12), (1, 4), (2, 4), (3, 4), (5, 12), (6, 10), (6, 12), (7, 10), (8, 9), (8, 10), (11, 12)]","[(10, 11), (10, 12), (9, 12), (8, 12), (7, 12), (6, 12), (5, 12), (4, 12), (3, 12), (2, 12), (1, 12), (0, 12)]",0.18181817665289268
476,"[(0, 8), (1, 6), (1, 8), (2, 6), (3, 4), (3, 5), (3, 6), (7, 8)]","[(6, 7), (6, 8), (5, 8), (4, 8), (3, 8), (2, 8), (1, 8), (0, 8)]",0.14285713765306143
470,"[(0, 7), (1, 5), (1, 7), (2, 5), (3, 4), (3, 5), (6, 7)]","[(5, 6), (5, 7), (4, 7), (3, 7), (2, 7), (1, 7), (0, 7)]",0.16666666138888903
471,"[(0, 1), (0, 7), (2, 5), (2, 7), (3, 4), (3, 5), (6, 7)]","[(5, 6), (5, 7), (4, 7), (3, 7), (2, 7), (1, 7), (0, 7)]",0.16666666138888903
473,"[(0, 1), (0, 2), (0, 7), (3, 5), (3, 7), (4, 5), (6, 7)]","[(5, 6), (4, 6), (4, 7), (3, 7), (2, 7), (1, 7), (0, 7)]",0.16666666138888903
474,"[(0, 1), (0, 7), (2, 5), (2, 7), (3, 4), (3, 5), (6, 7)]","[(5, 6), (5, 7), (4, 7), (3, 7), (2, 7), (1, 7), (0, 7)]",0.16666666138888903
477,"[(0, 7), (1, 5), (1, 7), (2, 5), (3, 4), (3, 5), (6, 7)]","[(5, 6), (5, 7), (4, 7), (3, 7), (2, 7), (1, 7), (0, 7)]",0.16666666138888903
478,"[(0, 1), (0, 7), (2, 5), (2, 7), (3, 4), (3, 5), (6, 7)]","[(5, 6), (5, 7), (4, 7), (3, 7), (2, 7), (1, 7), (0, 7)]",0.16666666138888903
472,"[(0, 6), (1, 4), (1, 6), (2, 3), (2, 4), (5, 6)]","[(4, 5), (4, 6), (3, 6), (2, 6), (1, 6), (0, 6)]",0.19999999460000012
475,"[(0, 4), (1, 2), (1, 4), (3, 4)]","[(2, 3), (2, 4), (1, 4), (0, 4)]",0.33333332722222225
484,"[(0, 9), (1, 7), (1, 9), (2, 7), (3, 4), (3, 7), (5, 6), (5, 7), (8, 9)]","[(7, 8), (7, 9), (6, 9), (5, 9), (4, 9), (3, 9), (2, 9), (1, 9), (0, 9)]",0.12499999484375018
480,"[(0, 7), (1, 3), (1, 5), (1, 7), (2, 3), (4, 5), (6, 7)]","[(5, 6), (5, 7), (4, 7), (3, 7), (2, 7), (1, 7), (0, 7)]",0.16666666138888903
481,"[(0, 6), (1, 4), (1, 6), (2, 3), (2, 4), (5, 6)]","[(4, 5), (4, 6), (3, 6), (2, 6), (1, 6), (0, 6)]",0.19999999460000012
487,"[(0, 6), (1, 4), (1, 6), (2, 3), (2, 4), (5, 6)]","[(4, 5), (4, 6), (3, 6), (2, 6), (1, 6), (0, 6)]",0.19999999460000012
482,"[(0, 1), (0, 5), (2, 3), (2, 5), (4, 5)]","[(3, 4), (2, 4), (2, 5), (1, 5), (0, 5)]",0.2499999943750001
483,"[(0, 5), (1, 3), (1, 5), (2, 3), (4, 5)]","[(3, 4), (3, 5), (2, 5), (1, 5), (0, 5)]",0.2499999943750001
485,"[(0, 5), (1, 3), (1, 5), (2, 3), (4, 5)]","[(3, 4), (3, 5), (2, 5), (1, 5), (0, 5)]",0.2499999943750001
488,"[(0, 5), (1, 3), (1, 5), (2, 3), (4, 5)]","[(3, 4), (2, 4), (2, 5), (1, 5), (0, 5)]",0.2499999943750001
489,"[(0, 5), (1, 3), (1, 5), (2, 3), (4, 5)]","[(3, 4), (2, 4), (2, 5), (1, 5), (0, 5)]",0.2499999943750001
486,"[(0, 4), (1, 2), (1, 4), (3, 4)]","[(2, 3), (1, 3), (1, 4), (0, 4)]",0.33333332722222225
492,"[(0, 7), (1, 2), (1, 5), (1, 7), (3, 5), (4, 5), (6, 7)]","[(5, 6), (5, 7), (4, 7), (3, 7), (2, 7), (1, 7), (0, 7)]",0.16666666138888903
496,"[(0, 7), (1, 5), (1, 7), (2, 5), (3, 4), (3, 5), (6, 7)]","[(5, 6), (5, 7), (4, 7), (3, 7), (2, 7), (1, 7), (0, 7)]",0.16666666138888903
499,"[(0, 7), (1, 5), (1, 7), (2, 5), (3, 5), (4, 5), (6, 7)]","[(5, 6), (5, 7), (4, 7), (3, 7), (2, 7), (1, 7), (0, 7)]",0.16666666138888903
491,"[(0, 6), (1, 4), (1, 6), (2, 4), (3, 4), (5, 6)]","[(4, 5), (3, 5), (3, 6), (2, 6), (1, 6), (0, 6)]",0.19999999460000012
493,"[(0, 6), (1, 2), (1, 4), (1, 6), (3, 4), (5, 6)]","[(4, 5), (4, 6), (3, 6), (2, 6), (1, 6), (0, 6)]",0.19999999460000012
495,"[(0, 6), (1, 4), (1, 6), (2, 4), (3, 4), (5, 6)]","[(4, 5), (4, 6), (3, 6), (2, 6), (1, 6), (0, 6)]",0.19999999460000012
490,"[(0, 5), (1, 2), (1, 5), (3, 5), (4, 5)]","[(3, 4), (2, 4), (1, 4), (1, 5), (0, 5)]",0.2499999943750001
494,"[(0, 5), (1, 3), (1, 5), (2, 3), (4, 5)]","[(3, 4), (3, 5), (2, 5), (1, 5), (0, 5)]",0.2499999943750001
497,"[(0, 5), (1, 3), (1, 5), (2, 3), (4, 5)]","[(3, 4), (3, 5), (2, 5), (1, 5), (0, 5)]",0.2499999943750001
498,"[(0, 5), (1, 2), (1, 5), (3, 5), (4, 5)]","[(3, 4), (3, 5), (2, 5), (1, 5), (0, 5)]",0.4999999937500001
500,"[(0, 7), (1, 5), (1, 7), (2, 5), (3, 5), (4, 5), (6, 7)]","[(5, 6), (5, 7), (4, 7), (3, 7), (2, 7), (1, 7), (0, 7)]",0.16666666138888903
501,"[(0, 7), (1, 2), (1, 5), (1, 7), (3, 5), (4, 5), (6, 7)]","[(5, 6), (5, 7), (4, 7), (3, 7), (2, 7), (1, 7), (0, 7)]",0.16666666138888903
502,"[(0, 7), (1, 3), (1, 5), (1, 7), (2, 3), (4, 5), (6, 7)]","[(5, 6), (5, 7), (4, 7), (3, 7), (2, 7), (1, 7), (0, 7)]",0.16666666138888903
503,"[(0, 7), (1, 5), (1, 7), (2, 4), (2, 5), (3, 4), (6, 7)]","[(5, 6), (5, 7), (4, 7), (3, 7), (2, 7), (1, 7), (0, 7)]",0.16666666138888903
506,"[(0, 1), (0, 7), (2, 5), (2, 7), (3, 4), (3, 5), (6, 7)]","[(5, 6), (5, 7), (4, 7), (3, 7), (2, 7), (1, 7), (0, 7)]",0.16666666138888903
505,"[(0, 6), (1, 4), (1, 6), (2, 4), (3, 4), (5, 6)]","[(4, 5), (4, 6), (3, 6), (2, 6), (1, 6), (0, 6)]",0.19999999460000012
508,"[(0, 6), (1, 3), (1, 6), (2, 3), (4, 6), (5, 6)]","[(4, 5), (3, 5), (2, 5), (2, 6), (1, 6), (0, 6)]",0.19999999460000012
507,"[(0, 5), (1, 3), (1, 5), (2, 3), (4, 5)]","[(3, 4), (2, 4), (2, 5), (1, 5), (0, 5)]",0.2499999943750001
509,"[(0, 5), (1, 3), (1, 5), (2, 3), (4, 5)]","[(3, 4), (3, 5), (2, 5), (1, 5), (0, 5)]",0.2499999943750001
504,"[(0, 4), (1, 2), (1, 4), (3, 4)]","[(2, 3), (2, 4), (1, 4), (0, 4)]",0.33333332722222225
513,"[(0, 7), (1, 3), (1, 5), (1, 7), (2, 3), (4, 5), (6, 7)]","[(5, 6), (4, 6), (4, 7), (3, 7), (2, 7), (1, 7), (0, 7)]",0.16666666138888903
515,"[(0, 7), (1, 5), (1, 7), (2, 4), (2, 5), (3, 4), (6, 7)]","[(5, 6), (5, 7), (4, 7), (3, 7), (2, 7), (1, 7), (0, 7)]",0.16666666138888903
514,"[(0, 6), (1, 4), (1, 6), (2, 4), (3, 4), (5, 6)]","[(4, 5), (3, 5), (3, 6), (2, 6), (1, 6), (0, 6)]",0.19999999460000012
517,"[(0, 6), (1, 4), (1, 6), (2, 4), (3, 4), (5, 6)]","[(4, 5), (4, 6), (3, 6), (2, 6), (1, 6), (0, 6)]",0.19999999460000012
511,"[(0, 5), (1, 3), (1, 5), (2, 3), (4, 5)]","[(3, 4), (3, 5), (2, 5), (1, 5), (0, 5)]",0.2499999943750001
516,"[(0, 5), (1, 3), (1, 5), (2, 3), (4, 5)]","[(3, 4), (3, 5), (2, 5), (1, 5), (0, 5)]",0.2499999943750001
518,"[(0, 5), (1, 3), (1, 5), (2, 3), (4, 5)]","[(3, 4), (3, 5), (2, 5), (1, 5), (0, 5)]",0.2499999943750001
519,"[(0, 5), (1, 3), (1, 5), (2, 3), (4, 5)]","[(3, 4), (3, 5), (2, 5), (1, 5), (0, 5)]",0.2499999943750001
510,"[(0, 4), (1, 2), (1, 4), (3, 4)]","[(2, 3), (2, 4), (1, 4), (0, 4)]",0.33333332722222225
512,"[(0, 4), (1, 2), (1, 4), (3, 4)]","[(2, 3), (2, 4), (1, 4), (0, 4)]",0.33333332722222225
520,"[(0, 8), (1, 6), (1, 8), (2, 3), (2, 6), (4, 6), (5, 6), (7, 8)]","[(6, 7), (6, 8), (5, 8), (4, 8), (3, 8), (2, 8), (1, 8), (0, 8)]",0.14285713765306143
525,"[(0, 7), (1, 5), (1, 7), (2, 5), (3, 4), (3, 5), (6, 7)]","[(5, 6), (5, 7), (4, 7), (3, 7), (2, 7), (1, 7), (0, 7)]",0.16666666138888903
521,"[(0, 1), (0, 6), (2, 4), (2, 6), (3, 4), (5, 6)]","[(4, 5), (3, 5), (2, 5), (1, 5), (1, 6), (0, 6)]",0.0
529,"[(0, 6), (1, 4), (1, 6), (2, 3), (2, 4), (5, 6)]","[(4, 5), (4, 6), (3, 6), (2, 6), (1, 6), (0, 6)]",0.19999999460000012
523,"[(0, 5), (1, 3), (1, 5), (2, 3), (4, 5)]","[(3, 4), (3, 5), (2, 5), (1, 5), (0, 5)]",0.2499999943750001
524,"[(0, 5), (1, 3), (1, 5), (2, 3), (4, 5)]","[(3, 4), (2, 4), (2, 5), (1, 5), (0, 5)]",0.2499999943750001
527,"[(0, 5), (1, 3), (1, 5), (2, 3), (4, 5)]","[(3, 4), (3, 5), (2, 5), (1, 5), (0, 5)]",0.2499999943750001
522,"[(0, 4), (1, 2), (1, 4), (3, 4)]","[(2, 3), (1, 3), (1, 4), (0, 4)]",0.33333332722222225
526,"[(0, 4), (1, 2), (1, 4), (3, 4)]","[(2, 3), (2, 4), (1, 4), (0, 4)]",0.33333332722222225
528,"[(0, 4), (1, 2), (1, 4), (3, 4)]","[(2, 3), (2, 4), (1, 4), (0, 4)]",0.33333332722222225
533,"[(0, 1), (0, 2), (0, 7), (3, 4), (3, 5), (3, 7), (6, 7)]","[(5, 6), (5, 7), (4, 7), (3, 7), (2, 7), (1, 7), (0, 7)]",0.16666666138888903
537,"[(0, 7), (1, 5), (1, 7), (2, 5), (3, 4), (3, 5), (6, 7)]","[(5, 6), (5, 7), (4, 7), (3, 7), (2, 7), (1, 7), (0, 7)]",0.16666666138888903
539,"[(0, 7), (1, 5), (1, 7), (2, 5), (3, 4), (3, 5), (6, 7)]","[(5, 6), (5, 7), (4, 7), (3, 7), (2, 7), (1, 7), (0, 7)]",0.16666666138888903
530,"[(0, 6), (1, 4), (1, 6), (2, 4), (3, 4), (5, 6)]","[(4, 5), (4, 6), (3, 6), (2, 6), (1, 6), (0, 6)]",0.19999999460000012
532,"[(0, 6), (1, 4), (1, 6), (2, 3), (2, 4), (5, 6)]","[(4, 5), (4, 6), (3, 6), (2, 6), (1, 6), (0, 6)]",0.19999999460000012
535,"[(0, 6), (1, 4), (1, 6), (2, 4), (3, 4), (5, 6)]","[(4, 5), (4, 6), (3, 6), (2, 6), (1, 6), (0, 6)]",0.19999999460000012
534,"[(0, 5), (1, 3), (1, 5), (2, 3), (4, 5)]","[(3, 4), (3, 5), (2, 5), (1, 5), (0, 5)]",0.2499999943750001
536,"[(0, 5), (1, 3), (1, 5), (2, 3), (4, 5)]","[(3, 4), (3, 5), (2, 5), (1, 5), (0, 5)]",0.2499999943750001
538,"[(0, 5), (1, 3), (1, 5), (2, 3), (4, 5)]","[(3, 4), (3, 5), (2, 5), (1, 5), (0, 5)]",0.2499999943750001
531,"[(0, 4), (1, 2), (1, 4), (3, 4)]","[(2, 3), (2, 4), (1, 4), (0, 4)]",0.33333332722222225
541,"[(0, 7), (1, 5), (1, 7), (2, 5), (3, 4), (3, 5), (6, 7)]","[(5, 6), (5, 7), (4, 7), (3, 7), (2, 7), (1, 7), (0, 7)]",0.16666666138888903
546,"[(0, 7), (1, 5), (1, 7), (2, 5), (3, 5), (4, 5), (6, 7)]","[(5, 6), (5, 7), (4, 7), (3, 7), (2, 7), (1, 7), (0, 7)]",0.16666666138888903
547,"[(0, 1), (0, 7), (2, 5), (2, 7), (3, 4), (3, 5), (6, 7)]","[(5, 6), (4, 6), (4, 7), (3, 7), (2, 7), (1, 7), (0, 7)]",0.16666666138888903
542,"[(0, 6), (1, 4), (1, 6), (2, 4), (3, 4), (5, 6)]","[(4, 5), (4, 6), (3, 6), (2, 6), (1, 6), (0, 6)]",0.19999999460000012
543,"[(0, 6), (1, 4), (1, 6), (2, 4), (3, 4), (5, 6)]","[(4, 5), (4, 6), (3, 6), (2, 6), (1, 6), (0, 6)]",0.19999999460000012
544,"[(0, 6), (1, 4), (1, 6), (2, 4), (3, 4), (5, 6)]","[(4, 5), (3, 5), (3, 6), (2, 6), (1, 6), (0, 6)]",0.19999999460000012
548,"[(0, 1), (0, 6), (2, 4), (2, 6), (3, 4), (5, 6)]","[(4, 5), (4, 6), (3, 6), (2, 6), (1, 6), (0, 6)]",0.19999999460000012
545,"[(0, 5), (1, 3), (1, 5), (2, 3), (4, 5)]","[(3, 4), (3, 5), (2, 5), (1, 5), (0, 5)]",0.2499999943750001
549,"[(0, 5), (1, 3), (1, 5), (2, 3), (4, 5)]","[(3, 4), (3, 5), (2, 5), (1, 5), (0, 5)]",0.2499999943750001
540,"[(0, 4), (1, 2), (1, 4), (3, 4)]","[(2, 3), (2, 4), (1, 4), (0, 4)]",0.33333332722222225
556,"[(0, 8), (1, 5), (1, 6), (1, 8), (2, 4), (2, 5), (3, 4), (7, 8)]","[(6, 7), (5, 7), (4, 7), (4, 8), (3, 8), (2, 8), (1, 8), (0, 8)]",0.14285713765306143
557,"[(0, 1), (0, 8), (2, 6), (2, 8), (3, 6), (4, 5), (4, 6), (7, 8)]","[(6, 7), (6, 8), (5, 8), (4, 8), (3, 8), (2, 8), (1, 8), (0, 8)]",0.14285713765306143
550,"[(0, 2), (0, 3), (0, 7), (1, 2), (4, 5), (4, 7), (6, 7)]","[(5, 6), (5, 7), (4, 7), (3, 7), (2, 7), (1, 7), (0, 7)]",0.16666666138888903
558,"[(0, 7), (1, 5), (1, 7), (2, 5), (3, 4), (3, 5), (6, 7)]","[(5, 6), (5, 7), (4, 7), (3, 7), (2, 7), (1, 7), (0, 7)]",0.16666666138888903
551,"[(0, 1), (0, 6), (2, 4), (2, 6), (3, 4), (5, 6)]","[(4, 5), (4, 6), (3, 6), (2, 6), (1, 6), (0, 6)]",0.19999999460000012
552,"[(0, 6), (1, 2), (1, 6), (3, 4), (3, 6), (5, 6)]","[(4, 5), (4, 6), (3, 6), (2, 6), (1, 6), (0, 6)]",0.39999999420000004
555,"[(0, 4), (0, 6), (1, 4), (2, 3), (2, 4), (5, 6)]","[(4, 5), (3, 5), (3, 6), (2, 6), (1, 6), (0, 6)]",0.0
559,"[(0, 4), (0, 6), (1, 4), (2, 3), (2, 4), (5, 6)]","[(4, 5), (4, 6), (3, 6), (2, 6), (1, 6), (0, 6)]",0.0
554,"[(0, 2), (0, 5), (1, 2), (3, 5), (4, 5)]","[(3, 4), (3, 5), (2, 5), (1, 5), (0, 5)]",0.2499999943750001
553,"[(0, 2), (0, 4), (1, 2), (3, 4)]","[(2, 3), (2, 4), (1, 4), (0, 4)]",0.0
569,"[(0, 5), (0, 7), (1, 5), (2, 4), (2, 5), (3, 4), (6, 7)]","[(5, 6), (5, 7), (4, 7), (3, 7), (2, 7), (1, 7), (0, 7)]",0.0
563,"[(0, 6), (1, 3), (1, 4), (1, 6), (2, 3), (5, 6)]","[(4, 5), (4, 6), (3, 6), (2, 6), (1, 6), (0, 6)]",0.19999999460000012
564,"[(0, 6), (1, 4), (1, 6), (2, 3), (2, 4), (5, 6)]","[(4, 5), (4, 6), (3, 6), (2, 6), (1, 6), (0, 6)]",0.19999999460000012
566,"[(0, 1), (0, 6), (2, 4), (2, 6), (3, 4), (5, 6)]","[(4, 5), (4, 6), (3, 6), (2, 6), (1, 6), (0, 6)]",0.19999999460000012
568,"[(0, 1), (0, 6), (2, 4), (2, 6), (3, 4), (5, 6)]","[(4, 5), (4, 6), (3, 6), (2, 6), (1, 6), (0, 6)]",0.19999999460000012
560,"[(0, 5), (1, 2), (1, 3), (1, 5), (4, 5)]","[(3, 4), (3, 5), (2, 5), (1, 5), (0, 5)]",0.2499999943750001
562,"[(0, 5), (1, 3), (1, 5), (2, 3), (4, 5)]","[(3, 4), (3, 5), (2, 5), (1, 5), (0, 5)]",0.2499999943750001
565,"[(0, 1), (0, 5), (2, 3), (2, 5), (4, 5)]","[(3, 4), (3, 5), (2, 5), (1, 5), (0, 5)]",0.2499999943750001
567,"[(0, 1), (0, 5), (2, 3), (2, 5), (4, 5)]","[(3, 4), (3, 5), (2, 5), (1, 5), (0, 5)]",0.2499999943750001
561,"[(0, 4), (1, 2), (1, 4), (3, 4)]","[(2, 3), (2, 4), (1, 4), (0, 4)]",0.33333332722222225
573,"[(0, 1), (0, 8), (2, 6), (2, 8), (3, 6), (4, 5), (4, 6), (7, 8)]","[(6, 7), (6, 8), (5, 8), (4, 8), (3, 8), (2, 8), (1, 8), (0, 8)]",0.14285713765306143
575,"[(0, 1), (0, 2), (0, 8), (3, 6), (3, 8), (4, 5), (4, 6), (7, 8)]","[(6, 7), (6, 8), (5, 8), (4, 8), (3, 8), (2, 8), (1, 8), (0, 8)]",0.14285713765306143
576,"[(0, 7), (1, 5), (1, 7), (2, 5), (3, 5), (4, 5), (6, 7)]","[(5, 6), (4, 6), (3, 6), (3, 7), (2, 7), (1, 7), (0, 7)]",0.16666666138888903
577,"[(0, 1), (0, 2), (0, 7), (3, 5), (3, 7), (4, 5), (6, 7)]","[(5, 6), (5, 7), (4, 7), (3, 7), (2, 7), (1, 7), (0, 7)]",0.16666666138888903
578,"[(0, 2), (0, 7), (1, 2), (3, 5), (3, 7), (4, 5), (6, 7)]","[(5, 6), (5, 7), (4, 7), (3, 7), (2, 7), (1, 7), (0, 7)]",0.16666666138888903
574,"[(0, 3), (0, 5), (1, 3), (2, 3), (4, 5)]","[(3, 4), (3, 5), (2, 5), (1, 5), (0, 5)]",0.0
579,"[(0, 5), (1, 3), (1, 5), (2, 3), (4, 5)]","[(3, 4), (3, 5), (2, 5), (1, 5), (0, 5)]",0.2499999943750001
570,"[(0, 4), (1, 2), (1, 4), (3, 4)]","[(2, 3), (2, 4), (1, 4), (0, 4)]",0.33333332722222225
571,"[(0, 1), (0, 4), (2, 4), (3, 4)]","[(2, 3), (2, 4), (1, 4), (0, 4)]",0.33333332722222225
572,"[(0, 4), (1, 2), (1, 4), (3, 4)]","[(2, 3), (2, 4), (1, 4), (0, 4)]",0.33333332722222225
582,"[(0, 9), (1, 4), (1, 7), (1, 9), (2, 4), (3, 4), (5, 7), (6, 7), (8, 9)]","[(7, 8), (7, 9), (6, 9), (5, 9), (4, 9), (3, 9), (2, 9), (1, 9), (0, 9)]",0.12499999484375018
581,"[(0, 5), (0, 7), (1, 2), (1, 3), (1, 5), (4, 5), (6, 7)]","[(5, 6), (5, 7), (4, 7), (3, 7), (2, 7), (1, 7), (0, 7)]",0.0
580,"[(0, 1), (0, 6), (2, 4), (2, 6), (3, 4), (5, 6)]","[(4, 5), (4, 6), (3, 6), (2, 6), (1, 6), (0, 6)]",0.19999999460000012
586,"[(0, 6), (1, 4), (1, 6), (2, 4), (3, 4), (5, 6)]","[(4, 5), (4, 6), (3, 6), (2, 6), (1, 6), (0, 6)]",0.19999999460000012
583,"[(0, 5), (1, 3), (1, 5), (2, 3), (4, 5)]","[(3, 4), (3, 5), (2, 5), (1, 5), (0, 5)]",0.2499999943750001
587,"[(0, 5), (1, 3), (1, 5), (2, 3), (4, 5)]","[(3, 4), (3, 5), (2, 5), (1, 5), (0, 5)]",0.2499999943750001
588,"[(0, 5), (1, 3), (1, 5), (2, 3), (4, 5)]","[(3, 4), (3, 5), (2, 5), (1, 5), (0, 5)]",0.2499999943750001
584,"[(0, 4), (1, 2), (1, 4), (3, 4)]","[(2, 3), (2, 4), (1, 4), (0, 4)]",0.33333332722222225
585,"[(0, 4), (1, 2), (1, 4), (3, 4)]","[(2, 3), (2, 4), (1, 4), (0, 4)]",0.33333332722222225
589,"[(0, 4), (1, 2), (1, 4), (3, 4)]","[(2, 3), (2, 4), (1, 4), (0, 4)]",0.33333332722222225
591,"[(0, 9), (1, 4), (1, 7), (1, 9), (2, 4), (3, 4), (5, 7), (6, 7), (8, 9)]","[(7, 8), (7, 9), (6, 9), (5, 9), (4, 9), (3, 9), (2, 9), (1, 9), (0, 9)]",0.12499999484375018
596,"[(0, 9), (1, 3), (1, 7), (1, 9), (2, 3), (4, 7), (5, 7), (6, 7), (8, 9)]","[(7, 8), (7, 9), (6, 9), (5, 9), (4, 9), (3, 9), (2, 9), (1, 9), (0, 9)]",0.12499999484375018
593,"[(0, 1), (0, 2), (0, 8), (3, 6), (3, 8), (4, 6), (5, 6), (7, 8)]","[(6, 7), (6, 8), (5, 8), (4, 8), (3, 8), (2, 8), (1, 8), (0, 8)]",0.14285713765306143
595,"[(0, 8), (1, 3), (1, 6), (1, 8), (2, 3), (4, 6), (5, 6), (7, 8)]","[(6, 7), (5, 7), (4, 7), (3, 7), (3, 8), (2, 8), (1, 8), (0, 8)]",0.14285713765306143
597,"[(0, 8), (1, 5), (1, 6), (1, 8), (2, 5), (3, 4), (3, 5), (7, 8)]","[(6, 7), (5, 7), (5, 8), (4, 8), (3, 8), (2, 8), (1, 8), (0, 8)]",0.14285713765306143
594,"[(0, 7), (1, 2), (1, 5), (1, 7), (3, 5), (4, 5), (6, 7)]","[(5, 6), (5, 7), (4, 7), (3, 7), (2, 7), (1, 7), (0, 7)]",0.16666666138888903
599,"[(0, 1), (0, 6), (2, 4), (2, 6), (3, 4), (5, 6)]","[(4, 5), (3, 5), (3, 6), (2, 6), (1, 6), (0, 6)]",0.19999999460000012
592,"[(0, 5), (1, 3), (1, 5), (2, 3), (4, 5)]","[(3, 4), (3, 5), (2, 5), (1, 5), (0, 5)]",0.2499999943750001
590,"[(0, 4), (1, 2), (1, 4), (3, 4)]","[(2, 3), (2, 4), (1, 4), (0, 4)]",0.33333332722222225
598,"[(0, 4), (1, 2), (1, 4), (3, 4)]","[(2, 3), (2, 4), (1, 4), (0, 4)]",0.33333332722222225
604,"[(0, 1), (0, 2), (0, 12), (3, 6), (3, 10), (3, 12), (4, 5), (4, 6), (7, 10), (8, 9), (8, 10), (11, 12)]","[(10, 11), (10, 12), (9, 12), (8, 12), (7, 12), (6, 12), (5, 12), (4, 12), (3, 12), (2, 12), (1, 12), (0, 12)]",0.09090908582644655
605,"[(0, 10), (1, 8), (1, 10), (2, 8), (3, 4), (3, 8), (5, 6), (5, 7), (5, 8), (9, 10)]","[(8, 9), (8, 10), (7, 10), (6, 10), (5, 10), (4, 10), (3, 10), (2, 10), (1, 10), (0, 10)]",0.11111110598765454
600,"[(0, 9), (1, 7), (1, 9), (2, 7), (3, 7), (4, 5), (4, 7), (6, 7), (8, 9)]","[(7, 8), (7, 9), (6, 9), (5, 9), (4, 9), (3, 9), (2, 9), (1, 9), (0, 9)]",0.12499999484375018
606,"[(0, 9), (1, 7), (1, 9), (2, 7), (3, 4), (3, 7), (5, 7), (6, 7), (8, 9)]","[(7, 8), (7, 9), (6, 9), (5, 9), (4, 9), (3, 9), (2, 9), (1, 9), (0, 9)]",0.12499999484375018
608,"[(0, 1), (0, 6), (2, 4), (2, 6), (3, 4), (5, 6)]","[(4, 5), (4, 6), (3, 6), (2, 6), (1, 6), (0, 6)]",0.19999999460000012
602,"[(0, 5), (1, 3), (1, 5), (2, 3), (4, 5)]","[(3, 4), (2, 4), (2, 5), (1, 5), (0, 5)]",0.2499999943750001
603,"[(0, 5), (1, 3), (1, 5), (2, 3), (4, 5)]","[(3, 4), (2, 4), (2, 5), (1, 5), (0, 5)]",0.2499999943750001
609,"[(0, 5), (1, 3), (1, 5), (2, 3), (4, 5)]","[(3, 4), (3, 5), (2, 5), (1, 5), (0, 5)]",0.2499999943750001
601,"[(0, 4), (1, 2), (1, 4), (3, 4)]","[(2, 3), (2, 4), (1, 4), (0, 4)]",0.33333332722222225
607,"[(0, 4), (1, 2), (1, 4), (3, 4)]","[(2, 3), (2, 4), (1, 4), (0, 4)]",0.33333332722222225
614,"[(0, 10), (1, 5), (1, 8), (1, 10), (2, 5), (3, 5), (4, 5), (6, 8), (7, 8), (9, 10)]","[(8, 9), (8, 10), (7, 10), (6, 10), (5, 10), (4, 10), (3, 10), (2, 10), (1, 10), (0, 10)]",0.11111110598765454
616,"[(0, 1), (0, 8), (2, 6), (2, 8), (3, 6), (4, 5), (4, 6), (7, 8)]","[(6, 7), (6, 8), (5, 8), (4, 8), (3, 8), (2, 8), (1, 8), (0, 8)]",0.14285713765306143
613,"[(0, 7), (1, 5), (1, 7), (2, 3), (2, 5), (4, 5), (6, 7)]","[(5, 6), (4, 6), (4, 7), (3, 7), (2, 7), (1, 7), (0, 7)]",0.16666666138888903
615,"[(0, 2), (0, 7), (1, 2), (3, 5), (3, 7), (4, 5), (6, 7)]","[(5, 6), (4, 6), (4, 7), (3, 7), (2, 7), (1, 7), (0, 7)]",0.16666666138888903
617,"[(0, 7), (1, 5), (1, 7), (2, 5), (3, 4), (3, 5), (6, 7)]","[(5, 6), (5, 7), (4, 7), (3, 7), (2, 7), (1, 7), (0, 7)]",0.16666666138888903
611,"[(0, 6), (1, 4), (1, 6), (2, 4), (3, 4), (5, 6)]","[(4, 5), (3, 5), (3, 6), (2, 6), (1, 6), (0, 6)]",0.19999999460000012
612,"[(0, 6), (1, 4), (1, 6), (2, 4), (3, 4), (5, 6)]","[(4, 5), (4, 6), (3, 6), (2, 6), (1, 6), (0, 6)]",0.19999999460000012
618,"[(0, 1), (0, 6), (2, 4), (2, 6), (3, 4), (5, 6)]","[(4, 5), (4, 6), (3, 6), (2, 6), (1, 6), (0, 6)]",0.19999999460000012
619,"[(0, 1), (0, 6), (2, 4), (2, 6), (3, 4), (5, 6)]","[(4, 5), (4, 6), (3, 6), (2, 6), (1, 6), (0, 6)]",0.19999999460000012
610,"[(0, 5), (1, 3), (1, 5), (2, 3), (4, 5)]","[(3, 4), (3, 5), (2, 5), (1, 5), (0, 5)]",0.2499999943750001
621,"[(0, 11), (1, 9), (1, 11), (2, 9), (3, 4), (3, 9), (5, 6), (5, 7), (5, 8), (5, 9), (10, 11)]","[(9, 10), (9, 11), (8, 11), (7, 11), (6, 11), (5, 11), (4, 11), (3, 11), (2, 11), (1, 11), (0, 11)]",0.09999999490000026
622,"[(0, 9), (0, 11), (1, 2), (1, 9), (3, 9), (4, 5), (4, 8), (4, 9), (6, 7), (6, 8), (10, 11)]","[(9, 10), (9, 11), (8, 11), (7, 11), (6, 11), (5, 11), (4, 11), (3, 11), (2, 11), (1, 11), (0, 11)]",0.0
623,"[(0, 9), (0, 11), (1, 2), (1, 9), (3, 9), (4, 5), (4, 8), (4, 9), (6, 7), (6, 8), (10, 11)]","[(9, 10), (9, 11), (8, 11), (7, 11), (6, 11), (5, 11), (4, 11), (3, 11), (2, 11), (1, 11), (0, 11)]",0.0
627,"[(0, 11), (1, 2), (1, 11), (3, 11), (4, 9), (4, 11), (5, 9), (6, 9), (7, 9), (8, 9), (10, 11)]","[(9, 10), (9, 11), (8, 11), (7, 11), (6, 11), (5, 11), (4, 11), (3, 11), (2, 11), (1, 11), (0, 11)]",0.29999999470000005
624,"[(0, 10), (1, 5), (1, 8), (1, 10), (2, 5), (3, 5), (4, 5), (6, 8), (7, 8), (9, 10)]","[(8, 9), (8, 10), (7, 10), (6, 10), (5, 10), (4, 10), (3, 10), (2, 10), (1, 10), (0, 10)]",0.11111110598765454
626,"[(0, 1), (0, 3), (0, 9), (2, 3), (4, 9), (5, 7), (5, 9), (6, 7), (8, 9)]","[(7, 8), (7, 9), (6, 9), (5, 9), (4, 9), (3, 9), (2, 9), (1, 9), (0, 9)]",0.24999999468750006
628,"[(0, 9), (1, 4), (1, 7), (1, 9), (2, 4), (3, 4), (5, 7), (6, 7), (8, 9)]","[(7, 8), (7, 9), (6, 9), (5, 9), (4, 9), (3, 9), (2, 9), (1, 9), (0, 9)]",0.12499999484375018
625,"[(0, 8), (1, 6), (1, 8), (2, 6), (3, 6), (4, 6), (5, 6), (7, 8)]","[(6, 7), (5, 7), (5, 8), (4, 8), (3, 8), (2, 8), (1, 8), (0, 8)]",0.14285713765306143
629,"[(0, 6), (0, 8), (1, 2), (1, 3), (1, 6), (4, 5), (4, 6), (7, 8)]","[(6, 7), (5, 7), (5, 8), (4, 8), (3, 8), (2, 8), (1, 8), (0, 8)]",0.0
620,"[(0, 1), (0, 2), (0, 7), (3, 5), (3, 7), (4, 5), (6, 7)]","[(5, 6), (5, 7), (4, 7), (3, 7), (2, 7), (1, 7), (0, 7)]",0.16666666138888903
631,"[(0, 9), (1, 4), (1, 7), (1, 9), (2, 4), (3, 4), (5, 7), (6, 7), (8, 9)]","[(7, 8), (7, 9), (6, 9), (5, 9), (4, 9), (3, 9), (2, 9), (1, 9), (0, 9)]",0.12499999484375018
635,"[(0, 1), (0, 2), (0, 9), (3, 7), (3, 9), (4, 5), (4, 6), (4, 7), (8, 9)]","[(7, 8), (6, 8), (6, 9), (5, 9), (4, 9), (3, 9), (2, 9), (1, 9), (0, 9)]",0.12499999484375018
636,"[(0, 8), (1, 6), (1, 8), (2, 6), (3, 4), (3, 6), (5, 6), (7, 8)]","[(6, 7), (5, 7), (5, 8), (4, 8), (3, 8), (2, 8), (1, 8), (0, 8)]",0.14285713765306143
639,"[(0, 8), (1, 2), (1, 6), (1, 8), (3, 6), (4, 5), (4, 6), (7, 8)]","[(6, 7), (6, 8), (5, 8), (4, 8), (3, 8), (2, 8), (1, 8), (0, 8)]",0.14285713765306143
632,"[(0, 7), (1, 5), (1, 7), (2, 4), (2, 5), (3, 4), (6, 7)]","[(5, 6), (5, 7), (4, 7), (3, 7), (2, 7), (1, 7), (0, 7)]",0.16666666138888903
634,"[(0, 7), (1, 3), (1, 5), (1, 7), (2, 3), (4, 5), (6, 7)]","[(5, 6), (5, 7), (4, 7), (3, 7), (2, 7), (1, 7), (0, 7)]",0.16666666138888903
630,"[(0, 6), (1, 4), (1, 6), (2, 4), (3, 4), (5, 6)]","[(4, 5), (4, 6), (3, 6), (2, 6), (1, 6), (0, 6)]",0.19999999460000012
633,"[(0, 6), (1, 4), (1, 6), (2, 4), (3, 4), (5, 6)]","[(4, 5), (4, 6), (3, 6), (2, 6), (1, 6), (0, 6)]",0.19999999460000012
637,"[(0, 5), (1, 3), (1, 5), (2, 3), (4, 5)]","[(3, 4), (3, 5), (2, 5), (1, 5), (0, 5)]",0.2499999943750001
638,"[(0, 5), (1, 3), (1, 5), (2, 3), (4, 5)]","[(3, 4), (3, 5), (2, 5), (1, 5), (0, 5)]",0.2499999943750001
646,"[(0, 1), (0, 11), (2, 9), (2, 11), (3, 4), (3, 7), (3, 8), (3, 9), (5, 7), (6, 7), (10, 11)]","[(9, 10), (9, 11), (8, 11), (7, 11), (6, 11), (5, 11), (4, 11), (3, 11), (2, 11), (1, 11), (0, 11)]",0.09999999490000026
642,"[(0, 7), (1, 5), (1, 7), (2, 5), (3, 4), (3, 5), (6, 7)]","[(5, 6), (5, 7), (4, 7), (3, 7), (2, 7), (1, 7), (0, 7)]",0.16666666138888903
643,"[(0, 7), (1, 5), (1, 7), (2, 5), (3, 4), (3, 5), (6, 7)]","[(5, 6), (5, 7), (4, 7), (3, 7), (2, 7), (1, 7), (0, 7)]",0.16666666138888903
647,"[(0, 7), (1, 5), (1, 7), (2, 5), (3, 4), (3, 5), (6, 7)]","[(5, 6), (4, 6), (4, 7), (3, 7), (2, 7), (1, 7), (0, 7)]",0.16666666138888903
648,"[(0, 7), (1, 5), (1, 7), (2, 5), (3, 4), (3, 5), (6, 7)]","[(5, 6), (5, 7), (4, 7), (3, 7), (2, 7), (1, 7), (0, 7)]",0.16666666138888903
641,"[(0, 5), (0, 6), (1, 2), (1, 3), (1, 5), (4, 5)]","[(5, 6), (4, 6), (3, 6), (2, 6), (1, 6), (0, 6)]",0.0
645,"[(0, 6), (1, 4), (1, 6), (2, 4), (3, 4), (5, 6)]","[(4, 5), (3, 5), (3, 6), (2, 6), (1, 6), (0, 6)]",0.19999999460000012
649,"[(0, 6), (1, 4), (1, 6), (2, 4), (3, 4), (5, 6)]","[(4, 5), (3, 5), (3, 6), (2, 6), (1, 6), (0, 6)]",0.19999999460000012
640,"[(0, 4), (1, 2), (1, 4), (3, 4)]","[(2, 3), (2, 4), (1, 4), (0, 4)]",0.33333332722222225
644,"[(0, 4), (1, 2), (1, 4), (3, 4)]","[(2, 3), (1, 3), (1, 4), (0, 4)]",0.33333332722222225
656,"[(0, 8), (1, 6), (1, 8), (2, 6), (3, 4), (3, 6), (5, 6), (7, 8)]","[(6, 7), (5, 7), (5, 8), (4, 8), (3, 8), (2, 8), (1, 8), (0, 8)]",0.14285713765306143
650,"[(0, 7), (1, 5), (1, 7), (2, 5), (3, 4), (3, 5), (6, 7)]","[(5, 6), (5, 7), (4, 7), (3, 7), (2, 7), (1, 7), (0, 7)]",0.16666666138888903
651,"[(0, 7), (1, 5), (1, 7), (2, 5), (3, 4), (3, 5), (6, 7)]","[(5, 6), (5, 7), (4, 7), (3, 7), (2, 7), (1, 7), (0, 7)]",0.16666666138888903
652,"[(0, 7), (1, 5), (1, 7), (2, 5), (3, 4), (3, 5), (6, 7)]","[(5, 6), (4, 6), (4, 7), (3, 7), (2, 7), (1, 7), (0, 7)]",0.16666666138888903
653,"[(0, 7), (1, 5), (1, 7), (2, 5), (3, 4), (3, 5), (6, 7)]","[(5, 6), (5, 7), (4, 7), (3, 7), (2, 7), (1, 7), (0, 7)]",0.16666666138888903
654,"[(0, 7), (1, 5), (1, 7), (2, 5), (3, 4), (3, 5), (6, 7)]","[(5, 6), (5, 7), (4, 7), (3, 7), (2, 7), (1, 7), (0, 7)]",0.16666666138888903
657,"[(0, 7), (1, 5), (1, 7), (2, 5), (3, 4), (3, 5), (6, 7)]","[(5, 6), (5, 7), (4, 7), (3, 7), (2, 7), (1, 7), (0, 7)]",0.16666666138888903
658,"[(0, 6), (1, 4), (1, 6), (2, 3), (2, 4), (5, 6)]","[(4, 5), (3, 5), (3, 6), (2, 6), (1, 6), (0, 6)]",0.19999999460000012
659,"[(0, 6), (1, 4), (1, 6), (2, 4), (3, 4), (5, 6)]","[(4, 5), (4, 6), (3, 6), (2, 6), (1, 6), (0, 6)]",0.19999999460000012
655,"[(0, 5), (1, 3), (1, 5), (2, 3), (4, 5)]","[(3, 4), (2, 4), (2, 5), (1, 5), (0, 5)]",0.2499999943750001
663,"[(0, 9), (1, 7), (1, 9), (2, 7), (3, 4), (3, 7), (5, 6), (5, 7), (8, 9)]","[(7, 8), (7, 9), (6, 9), (5, 9), (4, 9), (3, 9), (2, 9), (1, 9), (0, 9)]",0.12499999484375018
661,"[(0, 8), (1, 6), (1, 8), (2, 6), (3, 4), (3, 6), (5, 6), (7, 8)]","[(6, 7), (5, 7), (5, 8), (4, 8), (3, 8), (2, 8), (1, 8), (0, 8)]",0.14285713765306143
664,"[(0, 1), (0, 2), (0, 8), (3, 6), (3, 8), (4, 6), (5, 6), (7, 8)]","[(6, 7), (6, 8), (5, 8), (4, 8), (3, 8), (2, 8), (1, 8), (0, 8)]",0.14285713765306143
662,"[(0, 7), (1, 5), (1, 7), (2, 5), (3, 4), (3, 5), (6, 7)]","[(5, 6), (5, 7), (4, 7), (3, 7), (2, 7), (1, 7), (0, 7)]",0.16666666138888903
665,"[(0, 1), (0, 2), (0, 7), (3, 5), (3, 7), (4, 5), (6, 7)]","[(5, 6), (5, 7), (4, 7), (3, 7), (2, 7), (1, 7), (0, 7)]",0.16666666138888903
669,"[(0, 7), (1, 5), (1, 7), (2, 5), (3, 5), (4, 5), (6, 7)]","[(5, 6), (5, 7), (4, 7), (3, 7), (2, 7), (1, 7), (0, 7)]",0.16666666138888903
666,"[(0, 6), (1, 4), (1, 6), (2, 4), (3, 4), (5, 6)]","[(4, 5), (4, 6), (3, 6), (2, 6), (1, 6), (0, 6)]",0.19999999460000012
667,"[(0, 6), (1, 4), (1, 6), (2, 4), (3, 4), (5, 6)]","[(4, 5), (4, 6), (3, 6), (2, 6), (1, 6), (0, 6)]",0.19999999460000012
668,"[(0, 6), (1, 4), (1, 6), (2, 3), (2, 4), (5, 6)]","[(4, 5), (4, 6), (3, 6), (2, 6), (1, 6), (0, 6)]",0.19999999460000012
660,"[(0, 4), (1, 2), (1, 4), (3, 4)]","[(2, 3), (2, 4), (1, 4), (0, 4)]",0.33333332722222225
676,"[(0, 10), (1, 2), (1, 8), (1, 10), (3, 8), (4, 8), (5, 8), (6, 8), (7, 8), (9, 10)]","[(8, 9), (8, 10), (7, 10), (6, 10), (5, 10), (4, 10), (3, 10), (2, 10), (1, 10), (0, 10)]",0.11111110598765454
670,"[(0, 9), (1, 7), (1, 9), (2, 7), (3, 4), (3, 7), (5, 6), (5, 7), (8, 9)]","[(7, 8), (6, 8), (5, 8), (5, 9), (4, 9), (3, 9), (2, 9), (1, 9), (0, 9)]",0.12499999484375018
673,"[(0, 9), (1, 2), (1, 9), (3, 7), (3, 9), (4, 7), (5, 7), (6, 7), (8, 9)]","[(7, 8), (6, 8), (5, 8), (5, 9), (4, 9), (3, 9), (2, 9), (1, 9), (0, 9)]",0.24999999468750006
675,"[(0, 1), (0, 2), (0, 8), (3, 6), (3, 8), (4, 6), (5, 6), (7, 8)]","[(6, 7), (5, 7), (5, 8), (4, 8), (3, 8), (2, 8), (1, 8), (0, 8)]",0.14285713765306143
671,"[(0, 6), (1, 4), (1, 6), (2, 4), (3, 4), (5, 6)]","[(4, 5), (4, 6), (3, 6), (2, 6), (1, 6), (0, 6)]",0.19999999460000012
672,"[(0, 6), (1, 4), (1, 6), (2, 3), (2, 4), (5, 6)]","[(4, 5), (4, 6), (3, 6), (2, 6), (1, 6), (0, 6)]",0.19999999460000012
674,"[(0, 6), (1, 4), (1, 6), (2, 4), (3, 4), (5, 6)]","[(4, 5), (3, 5), (3, 6), (2, 6), (1, 6), (0, 6)]",0.19999999460000012
678,"[(0, 6), (1, 4), (1, 6), (2, 4), (3, 4), (5, 6)]","[(4, 5), (4, 6), (3, 6), (2, 6), (1, 6), (0, 6)]",0.19999999460000012
679,"[(0, 6), (1, 4), (1, 6), (2, 4), (3, 4), (5, 6)]","[(4, 5), (3, 5), (3, 6), (2, 6), (1, 6), (0, 6)]",0.19999999460000012
677,"[(0, 5), (1, 2), (1, 3), (1, 5), (4, 5)]","[(3, 4), (3, 5), (2, 5), (1, 5), (0, 5)]",0.2499999943750001
680,"[(0, 1), (0, 2), (0, 8), (3, 6), (3, 8), (4, 6), (5, 6), (7, 8)]","[(6, 7), (6, 8), (5, 8), (4, 8), (3, 8), (2, 8), (1, 8), (0, 8)]",0.14285713765306143
688,"[(0, 8), (1, 6), (1, 8), (2, 6), (3, 6), (4, 6), (5, 6), (7, 8)]","[(6, 7), (6, 8), (5, 8), (4, 8), (3, 8), (2, 8), (1, 8), (0, 8)]",0.14285713765306143
681,"[(0, 1), (0, 7), (2, 5), (2, 7), (3, 4), (3, 5), (6, 7)]","[(5, 6), (5, 7), (4, 7), (3, 7), (2, 7), (1, 7), (0, 7)]",0.16666666138888903
686,"[(0, 7), (1, 5), (1, 7), (2, 3), (2, 5), (4, 5), (6, 7)]","[(5, 6), (5, 7), (4, 7), (3, 7), (2, 7), (1, 7), (0, 7)]",0.16666666138888903
684,"[(0, 6), (1, 4), (1, 6), (2, 4), (3, 4), (5, 6)]","[(4, 5), (4, 6), (3, 6), (2, 6), (1, 6), (0, 6)]",0.19999999460000012
682,"[(0, 5), (1, 3), (1, 5), (2, 3), (4, 5)]","[(3, 4), (2, 4), (2, 5), (1, 5), (0, 5)]",0.2499999943750001
683,"[(0, 5), (1, 2), (1, 3), (1, 5), (4, 5)]","[(3, 4), (3, 5), (2, 5), (1, 5), (0, 5)]",0.2499999943750001
685,"[(0, 5), (1, 3), (1, 5), (2, 3), (4, 5)]","[(3, 4), (3, 5), (2, 5), (1, 5), (0, 5)]",0.2499999943750001
687,"[(0, 5), (1, 3), (1, 5), (2, 3), (4, 5)]","[(3, 4), (3, 5), (2, 5), (1, 5), (0, 5)]",0.2499999943750001
689,"[(0, 5), (1, 3), (1, 5), (2, 3), (4, 5)]","[(3, 4), (3, 5), (2, 5), (1, 5), (0, 5)]",0.2499999943750001
691,"[(0, 9), (1, 3), (1, 7), (1, 9), (2, 3), (4, 7), (5, 6), (5, 7), (8, 9)]","[(7, 8), (7, 9), (6, 9), (5, 9), (4, 9), (3, 9), (2, 9), (1, 9), (0, 9)]",0.12499999484375018
692,"[(0, 1), (0, 2), (0, 8), (3, 6), (3, 8), (4, 6), (5, 6), (7, 8)]","[(6, 7), (6, 8), (5, 8), (4, 8), (3, 8), (2, 8), (1, 8), (0, 8)]",0.14285713765306143
698,"[(0, 8), (1, 6), (1, 8), (2, 6), (3, 4), (3, 5), (3, 6), (7, 8)]","[(6, 7), (6, 8), (5, 8), (4, 8), (3, 8), (2, 8), (1, 8), (0, 8)]",0.14285713765306143
694,"[(0, 7), (1, 5), (1, 7), (2, 5), (3, 4), (3, 5), (6, 7)]","[(5, 6), (5, 7), (4, 7), (3, 7), (2, 7), (1, 7), (0, 7)]",0.16666666138888903
690,"[(0, 1), (0, 2), (0, 6), (3, 4), (3, 6), (5, 6)]","[(4, 5), (3, 5), (3, 6), (2, 6), (1, 6), (0, 6)]",0.19999999460000012
693,"[(0, 6), (1, 4), (1, 6), (2, 4), (3, 4), (5, 6)]","[(4, 5), (4, 6), (3, 6), (2, 6), (1, 6), (0, 6)]",0.19999999460000012
697,"[(0, 6), (1, 4), (1, 6), (2, 4), (3, 4), (5, 6)]","[(4, 5), (3, 5), (3, 6), (2, 6), (1, 6), (0, 6)]",0.19999999460000012
699,"[(0, 5), (1, 3), (1, 5), (2, 3), (4, 5)]","[(3, 4), (3, 5), (2, 5), (1, 5), (0, 5)]",0.2499999943750001
695,"[(0, 4), (1, 2), (1, 4), (3, 4)]","[(2, 3), (2, 4), (1, 4), (0, 4)]",0.33333332722222225
696,"[(0, 4), (1, 2), (1, 4), (3, 4)]","[(2, 3), (1, 3), (1, 4), (0, 4)]",0.33333332722222225
708,"[(0, 14), (1, 6), (1, 12), (1, 14), (2, 4), (2, 6), (3, 4), (5, 6), (7, 12), (8, 12), (9, 12), (10, 12), (11, 12), (13, 14)]","[(12, 13), (11, 13), (11, 14), (10, 14), (9, 14), (8, 14), (7, 14), (6, 14), (5, 14), (4, 14), (3, 14), (2, 14), (1, 14), (0, 14)]",0.07692307186390565
709,"[(0, 2), (0, 11), (1, 2), (3, 11), (4, 9), (4, 11), (5, 8), (5, 9), (6, 7), (6, 8), (10, 11)]","[(9, 10), (9, 11), (8, 11), (7, 11), (6, 11), (5, 11), (4, 11), (3, 11), (2, 11), (1, 11), (0, 11)]",0.19999999480000014
706,"[(0, 9), (1, 2), (1, 7), (1, 9), (3, 7), (4, 7), (5, 6), (5, 7), (8, 9)]","[(7, 8), (7, 9), (6, 9), (5, 9), (4, 9), (3, 9), (2, 9), (1, 9), (0, 9)]",0.12499999484375018
705,"[(0, 6), (0, 8), (1, 2), (1, 3), (1, 6), (4, 6), (5, 6), (7, 8)]","[(6, 7), (6, 8), (5, 8), (4, 8), (3, 8), (2, 8), (1, 8), (0, 8)]",0.0
701,"[(0, 6), (1, 4), (1, 6), (2, 4), (3, 4), (5, 6)]","[(4, 5), (4, 6), (3, 6), (2, 6), (1, 6), (0, 6)]",0.19999999460000012
703,"[(0, 6), (1, 4), (1, 6), (2, 4), (3, 4), (5, 6)]","[(4, 5), (4, 6), (3, 6), (2, 6), (1, 6), (0, 6)]",0.19999999460000012
704,"[(0, 6), (1, 4), (1, 6), (2, 4), (3, 4), (5, 6)]","[(4, 5), (4, 6), (3, 6), (2, 6), (1, 6), (0, 6)]",0.19999999460000012
702,"[(0, 5), (1, 3), (1, 5), (2, 3), (4, 5)]","[(3, 4), (3, 5), (2, 5), (1, 5), (0, 5)]",0.2499999943750001
707,"[(0, 5), (1, 3), (1, 5), (2, 3), (4, 5)]","[(3, 4), (3, 5), (2, 5), (1, 5), (0, 5)]",0.2499999943750001
700,"[(0, 4), (1, 2), (1, 4), (3, 4)]","[(2, 3), (2, 4), (1, 4), (0, 4)]",0.33333332722222225
710,"[(0, 12), (1, 10), (1, 12), (2, 8), (2, 10), (3, 5), (3, 6), (3, 8), (4, 5), (7, 8), (9, 10), (11, 12)]","[(10, 11), (10, 12), (9, 12), (8, 12), (7, 12), (6, 12), (5, 12), (4, 12), (3, 12), (2, 12), (1, 12), (0, 12)]",0.09090908582644655
712,"[(0, 1), (0, 2), (0, 3), (0, 9), (4, 7), (4, 9), (5, 7), (6, 7), (8, 9)]","[(7, 8), (7, 9), (6, 9), (5, 9), (4, 9), (3, 9), (2, 9), (1, 9), (0, 9)]",0.12499999484375018
719,"[(0, 1), (0, 2), (0, 8), (3, 5), (3, 6), (3, 8), (4, 5), (7, 8)]","[(6, 7), (5, 7), (5, 8), (4, 8), (3, 8), (2, 8), (1, 8), (0, 8)]",0.14285713765306143
713,"[(0, 6), (1, 4), (1, 6), (2, 4), (3, 4), (5, 6)]","[(4, 5), (3, 5), (3, 6), (2, 6), (1, 6), (0, 6)]",0.19999999460000012
714,"[(0, 6), (1, 4), (1, 6), (2, 4), (3, 4), (5, 6)]","[(4, 5), (3, 5), (3, 6), (2, 6), (1, 6), (0, 6)]",0.19999999460000012
715,"[(0, 6), (1, 4), (1, 6), (2, 4), (3, 4), (5, 6)]","[(4, 5), (3, 5), (3, 6), (2, 6), (1, 6), (0, 6)]",0.19999999460000012
716,"[(0, 6), (1, 4), (1, 6), (2, 4), (3, 4), (5, 6)]","[(4, 5), (4, 6), (3, 6), (2, 6), (1, 6), (0, 6)]",0.19999999460000012
717,"[(0, 5), (1, 3), (1, 5), (2, 3), (4, 5)]","[(3, 4), (2, 4), (2, 5), (1, 5), (0, 5)]",0.2499999943750001
718,"[(0, 5), (1, 3), (1, 5), (2, 3), (4, 5)]","[(3, 4), (2, 4), (2, 5), (1, 5), (0, 5)]",0.2499999943750001
711,"[(0, 4), (1, 2), (1, 4), (3, 4)]","[(2, 3), (2, 4), (1, 4), (0, 4)]",0.33333332722222225
722,"[(0, 1), (0, 2), (0, 8), (3, 6), (3, 8), (4, 6), (5, 6), (7, 8)]","[(6, 7), (6, 8), (5, 8), (4, 8), (3, 8), (2, 8), (1, 8), (0, 8)]",0.14285713765306143
725,"[(0, 7), (1, 5), (1, 7), (2, 5), (3, 4), (3, 5), (6, 7)]","[(5, 6), (5, 7), (4, 7), (3, 7), (2, 7), (1, 7), (0, 7)]",0.16666666138888903
728,"[(0, 2), (0, 7), (1, 2), (3, 5), (3, 7), (4, 5), (6, 7)]","[(5, 6), (5, 7), (4, 7), (3, 7), (2, 7), (1, 7), (0, 7)]",0.16666666138888903
721,"[(0, 6), (1, 5), (1, 6), (2, 5), (3, 5), (4, 5)]","[(5, 6), (4, 6), (3, 6), (2, 6), (1, 6), (0, 6)]",0.19999999460000012
727,"[(0, 6), (1, 4), (1, 6), (2, 4), (3, 4), (5, 6)]","[(4, 5), (4, 6), (3, 6), (2, 6), (1, 6), (0, 6)]",0.19999999460000012
720,"[(0, 5), (1, 3), (1, 5), (2, 3), (4, 5)]","[(3, 4), (3, 5), (2, 5), (1, 5), (0, 5)]",0.2499999943750001
724,"[(0, 5), (1, 3), (1, 5), (2, 3), (4, 5)]","[(3, 4), (3, 5), (2, 5), (1, 5), (0, 5)]",0.2499999943750001
726,"[(0, 5), (1, 3), (1, 5), (2, 3), (4, 5)]","[(3, 4), (2, 4), (2, 5), (1, 5), (0, 5)]",0.2499999943750001
729,"[(0, 5), (1, 3), (1, 5), (2, 3), (4, 5)]","[(3, 4), (2, 4), (2, 5), (1, 5), (0, 5)]",0.2499999943750001
723,"[(0, 4), (1, 2), (1, 4), (3, 4)]","[(2, 3), (2, 4), (1, 4), (0, 4)]",0.33333332722222225
738,"[(0, 1), (0, 2), (0, 8), (3, 6), (3, 8), (4, 6), (5, 6), (7, 8)]","[(6, 7), (6, 8), (5, 8), (4, 8), (3, 8), (2, 8), (1, 8), (0, 8)]",0.14285713765306143
732,"[(0, 7), (1, 5), (1, 7), (2, 5), (3, 5), (4, 5), (6, 7)]","[(5, 6), (5, 7), (4, 7), (3, 7), (2, 7), (1, 7), (0, 7)]",0.16666666138888903
737,"[(0, 6), (1, 4), (1, 6), (2, 4), (3, 4), (5, 6)]","[(4, 5), (4, 6), (3, 6), (2, 6), (1, 6), (0, 6)]",0.19999999460000012
739,"[(0, 6), (1, 4), (1, 6), (2, 4), (3, 4), (5, 6)]","[(4, 5), (4, 6), (3, 6), (2, 6), (1, 6), (0, 6)]",0.19999999460000012
730,"[(0, 5), (1, 3), (1, 5), (2, 3), (4, 5)]","[(3, 4), (3, 5), (2, 5), (1, 5), (0, 5)]",0.2499999943750001
731,"[(0, 5), (1, 3), (1, 5), (2, 3), (4, 5)]","[(3, 4), (3, 5), (2, 5), (1, 5), (0, 5)]",0.2499999943750001
733,"[(0, 5), (1, 2), (1, 3), (1, 5), (4, 5)]","[(3, 4), (3, 5), (2, 5), (1, 5), (0, 5)]",0.2499999943750001
734,"[(0, 1), (0, 5), (2, 3), (2, 5), (4, 5)]","[(3, 4), (3, 5), (2, 5), (1, 5), (0, 5)]",0.2499999943750001
735,"[(0, 5), (1, 3), (1, 5), (2, 3), (4, 5)]","[(3, 4), (3, 5), (2, 5), (1, 5), (0, 5)]",0.2499999943750001
736,"[(0, 5), (1, 3), (1, 5), (2, 3), (4, 5)]","[(3, 4), (3, 5), (2, 5), (1, 5), (0, 5)]",0.2499999943750001
746,"[(0, 2), (0, 10), (1, 2), (3, 4), (3, 8), (3, 10), (5, 8), (6, 8), (7, 8), (9, 10)]","[(8, 9), (8, 10), (7, 10), (6, 10), (5, 10), (4, 10), (3, 10), (2, 10), (1, 10), (0, 10)]",0.11111110598765454
743,"[(0, 9), (1, 7), (1, 9), (2, 7), (3, 4), (3, 7), (5, 6), (5, 7), (8, 9)]","[(7, 8), (7, 9), (6, 9), (5, 9), (4, 9), (3, 9), (2, 9), (1, 9), (0, 9)]",0.12499999484375018
744,"[(0, 2), (0, 9), (1, 2), (3, 7), (3, 9), (4, 7), (5, 7), (6, 7), (8, 9)]","[(7, 8), (6, 8), (6, 9), (5, 9), (4, 9), (3, 9), (2, 9), (1, 9), (0, 9)]",0.12499999484375018
749,"[(0, 9), (1, 7), (1, 9), (2, 7), (3, 4), (3, 7), (5, 6), (5, 7), (8, 9)]","[(7, 8), (7, 9), (6, 9), (5, 9), (4, 9), (3, 9), (2, 9), (1, 9), (0, 9)]",0.12499999484375018
740,"[(0, 7), (1, 5), (1, 7), (2, 5), (3, 4), (3, 5), (6, 7)]","[(5, 6), (5, 7), (4, 7), (3, 7), (2, 7), (1, 7), (0, 7)]",0.16666666138888903
745,"[(0, 7), (1, 5), (1, 7), (2, 5), (3, 5), (4, 5), (6, 7)]","[(5, 6), (5, 7), (4, 7), (3, 7), (2, 7), (1, 7), (0, 7)]",0.16666666138888903
748,"[(0, 7), (1, 5), (1, 7), (2, 5), (3, 4), (3, 5), (6, 7)]","[(5, 6), (4, 6), (4, 7), (3, 7), (2, 7), (1, 7), (0, 7)]",0.16666666138888903
742,"[(0, 1), (0, 6), (2, 4), (2, 6), (3, 4), (5, 6)]","[(4, 5), (4, 6), (3, 6), (2, 6), (1, 6), (0, 6)]",0.19999999460000012
747,"[(0, 6), (1, 4), (1, 6), (2, 3), (2, 4), (5, 6)]","[(4, 5), (4, 6), (3, 6), (2, 6), (1, 6), (0, 6)]",0.19999999460000012
741,"[(0, 4), (1, 2), (1, 4), (3, 4)]","[(2, 3), (2, 4), (1, 4), (0, 4)]",0.33333332722222225
759,"[(0, 11), (1, 9), (1, 11), (2, 5), (2, 9), (3, 4), (3, 5), (6, 9), (7, 8), (7, 9), (10, 11)]","[(9, 10), (9, 11), (8, 11), (7, 11), (6, 11), (5, 11), (4, 11), (3, 11), (2, 11), (1, 11), (0, 11)]",0.09999999490000026
753,"[(0, 9), (1, 2), (1, 9), (3, 7), (3, 9), (4, 7), (5, 7), (6, 7), (8, 9)]","[(7, 8), (6, 8), (6, 9), (5, 9), (4, 9), (3, 9), (2, 9), (1, 9), (0, 9)]",0.24999999468750006
758,"[(0, 2), (0, 9), (1, 2), (3, 7), (3, 9), (4, 7), (5, 6), (5, 7), (8, 9)]","[(7, 8), (7, 9), (6, 9), (5, 9), (4, 9), (3, 9), (2, 9), (1, 9), (0, 9)]",0.12499999484375018
756,"[(0, 5), (0, 7), (1, 2), (1, 3), (1, 5), (4, 5), (6, 7)]","[(5, 6), (5, 7), (4, 7), (3, 7), (2, 7), (1, 7), (0, 7)]",0.0
750,"[(0, 1), (0, 6), (2, 3), (2, 4), (2, 6), (5, 6)]","[(4, 5), (4, 6), (3, 6), (2, 6), (1, 6), (0, 6)]",0.19999999460000012
754,"[(0, 6), (1, 4), (1, 6), (2, 3), (2, 4), (5, 6)]","[(4, 5), (4, 6), (3, 6), (2, 6), (1, 6), (0, 6)]",0.19999999460000012
757,"[(0, 2), (0, 6), (1, 2), (3, 4), (3, 6), (5, 6)]","[(4, 5), (3, 5), (3, 6), (2, 6), (1, 6), (0, 6)]",0.19999999460000012
751,"[(0, 5), (1, 3), (1, 5), (2, 3), (4, 5)]","[(3, 4), (2, 4), (2, 5), (1, 5), (0, 5)]",0.2499999943750001
755,"[(0, 5), (1, 3), (1, 5), (2, 3), (4, 5)]","[(3, 4), (3, 5), (2, 5), (1, 5), (0, 5)]",0.2499999943750001
752,"[(0, 4), (1, 2), (1, 4), (3, 4)]","[(2, 3), (2, 4), (1, 4), (0, 4)]",0.33333332722222225
766,"[(0, 8), (1, 3), (1, 6), (1, 8), (2, 3), (4, 5), (4, 6), (7, 8)]","[(6, 7), (5, 7), (4, 7), (3, 7), (2, 7), (1, 7), (1, 8), (0, 8)]",0.14285713765306143
767,"[(0, 2), (0, 8), (1, 2), (3, 6), (3, 8), (4, 6), (5, 6), (7, 8)]","[(6, 7), (6, 8), (5, 8), (4, 8), (3, 8), (2, 8), (1, 8), (0, 8)]",0.14285713765306143
761,"[(0, 7), (1, 5), (1, 7), (2, 5), (3, 5), (4, 5), (6, 7)]","[(5, 6), (4, 6), (3, 6), (3, 7), (2, 7), (1, 7), (0, 7)]",0.16666666138888903
765,"[(0, 7), (1, 5), (1, 7), (2, 5), (3, 5), (4, 5), (6, 7)]","[(5, 6), (5, 7), (4, 7), (3, 7), (2, 7), (1, 7), (0, 7)]",0.16666666138888903
768,"[(0, 1), (0, 7), (2, 5), (2, 7), (3, 4), (3, 5), (6, 7)]","[(5, 6), (5, 7), (4, 7), (3, 7), (2, 7), (1, 7), (0, 7)]",0.16666666138888903
760,"[(0, 6), (1, 4), (1, 6), (2, 4), (3, 4), (5, 6)]","[(4, 5), (4, 6), (3, 6), (2, 6), (1, 6), (0, 6)]",0.19999999460000012
762,"[(0, 6), (1, 4), (1, 6), (2, 4), (3, 4), (5, 6)]","[(4, 5), (3, 5), (3, 6), (2, 6), (1, 6), (0, 6)]",0.19999999460000012
764,"[(0, 6), (1, 4), (1, 6), (2, 4), (3, 4), (5, 6)]","[(4, 5), (4, 6), (3, 6), (2, 6), (1, 6), (0, 6)]",0.19999999460000012
769,"[(0, 6), (1, 4), (1, 6), (2, 4), (3, 4), (5, 6)]","[(4, 5), (3, 5), (3, 6), (2, 6), (1, 6), (0, 6)]",0.19999999460000012
763,"[(0, 5), (1, 3), (1, 5), (2, 3), (4, 5)]","[(3, 4), (3, 5), (2, 5), (1, 5), (0, 5)]",0.2499999943750001
773,"[(0, 2), (0, 8), (1, 2), (3, 6), (3, 8), (4, 6), (5, 6), (7, 8)]","[(6, 7), (5, 7), (5, 8), (4, 8), (3, 8), (2, 8), (1, 8), (0, 8)]",0.14285713765306143
776,"[(0, 1), (0, 8), (2, 6), (2, 8), (3, 4), (3, 6), (5, 6), (7, 8)]","[(6, 7), (6, 8), (5, 8), (4, 8), (3, 8), (2, 8), (1, 8), (0, 8)]",0.14285713765306143
771,"[(0, 7), (1, 5), (1, 7), (2, 5), (3, 5), (4, 5), (6, 7)]","[(5, 6), (5, 7), (4, 7), (3, 7), (2, 7), (1, 7), (0, 7)]",0.16666666138888903
774,"[(0, 7), (1, 5), (1, 7), (2, 5), (3, 4), (3, 5), (6, 7)]","[(5, 6), (5, 7), (4, 7), (3, 7), (2, 7), (1, 7), (0, 7)]",0.16666666138888903
775,"[(0, 7), (1, 5), (1, 7), (2, 5), (3, 4), (3, 5), (6, 7)]","[(5, 6), (5, 7), (4, 7), (3, 7), (2, 7), (1, 7), (0, 7)]",0.16666666138888903
777,"[(0, 7), (1, 5), (1, 7), (2, 5), (3, 4), (3, 5), (6, 7)]","[(5, 6), (5, 7), (4, 7), (3, 7), (2, 7), (1, 7), (0, 7)]",0.16666666138888903
779,"[(0, 7), (1, 5), (1, 7), (2, 5), (3, 4), (3, 5), (6, 7)]","[(5, 6), (5, 7), (4, 7), (3, 7), (2, 7), (1, 7), (0, 7)]",0.16666666138888903
770,"[(0, 6), (1, 4), (1, 6), (2, 3), (2, 4), (5, 6)]","[(4, 5), (4, 6), (3, 6), (2, 6), (1, 6), (0, 6)]",0.19999999460000012
772,"[(0, 6), (1, 4), (1, 6), (2, 4), (3, 4), (5, 6)]","[(4, 5), (4, 6), (3, 6), (2, 6), (1, 6), (0, 6)]",0.19999999460000012
778,"[(0, 5), (1, 3), (1, 5), (2, 3), (4, 5)]","[(3, 4), (3, 5), (2, 5), (1, 5), (0, 5)]",0.2499999943750001
780,"[(0, 2), (0, 3), (0, 4), (0, 5), (0, 9), (1, 2), (6, 7), (6, 9), (8, 9)]","[(7, 8), (7, 9), (6, 9), (5, 9), (4, 9), (3, 9), (2, 9), (1, 9), (0, 9)]",0.12499999484375018
785,"[(0, 1), (0, 9), (2, 7), (2, 9), (3, 4), (3, 7), (5, 6), (5, 7), (8, 9)]","[(7, 8), (7, 9), (6, 9), (5, 9), (4, 9), (3, 9), (2, 9), (1, 9), (0, 9)]",0.12499999484375018
784,"[(0, 7), (1, 5), (1, 7), (2, 5), (3, 4), (3, 5), (6, 7)]","[(5, 6), (5, 7), (4, 7), (3, 7), (2, 7), (1, 7), (0, 7)]",0.16666666138888903
786,"[(0, 1), (0, 2), (0, 7), (3, 5), (3, 7), (4, 5), (6, 7)]","[(5, 6), (4, 6), (4, 7), (3, 7), (2, 7), (1, 7), (0, 7)]",0.16666666138888903
787,"[(0, 2), (0, 7), (1, 2), (3, 5), (3, 7), (4, 5), (6, 7)]","[(5, 6), (5, 7), (4, 7), (3, 7), (2, 7), (1, 7), (0, 7)]",0.16666666138888903
788,"[(0, 2), (0, 7), (1, 2), (3, 5), (3, 7), (4, 5), (6, 7)]","[(5, 6), (4, 6), (4, 7), (3, 7), (2, 7), (1, 7), (0, 7)]",0.16666666138888903
783,"[(0, 2), (0, 6), (1, 2), (3, 4), (3, 6), (5, 6)]","[(4, 5), (4, 6), (3, 6), (2, 6), (1, 6), (0, 6)]",0.19999999460000012
789,"[(0, 6), (1, 4), (1, 6), (2, 4), (3, 4), (5, 6)]","[(4, 5), (4, 6), (3, 6), (2, 6), (1, 6), (0, 6)]",0.19999999460000012
782,"[(0, 5), (1, 3), (1, 5), (2, 3), (4, 5)]","[(3, 4), (3, 5), (2, 5), (1, 5), (0, 5)]",0.2499999943750001
781,"[(0, 4), (1, 2), (1, 4), (3, 4)]","[(2, 3), (2, 4), (1, 4), (0, 4)]",0.33333332722222225
794,"[(0, 9), (1, 7), (1, 9), (2, 7), (3, 4), (3, 5), (3, 7), (6, 7), (8, 9)]","[(7, 8), (7, 9), (6, 9), (5, 9), (4, 9), (3, 9), (2, 9), (1, 9), (0, 9)]",0.12499999484375018
793,"[(0, 2), (0, 7), (1, 2), (3, 5), (3, 7), (4, 5), (6, 7)]","[(5, 6), (4, 6), (4, 7), (3, 7), (2, 7), (1, 7), (0, 7)]",0.16666666138888903
799,"[(0, 7), (1, 5), (1, 7), (2, 5), (3, 4), (3, 5), (6, 7)]","[(5, 6), (5, 7), (4, 7), (3, 7), (2, 7), (1, 7), (0, 7)]",0.16666666138888903
791,"[(0, 6), (1, 4), (1, 6), (2, 4), (3, 4), (5, 6)]","[(4, 5), (3, 5), (3, 6), (2, 6), (1, 6), (0, 6)]",0.19999999460000012
796,"[(0, 6), (1, 4), (1, 6), (2, 4), (3, 4), (5, 6)]","[(4, 5), (4, 6), (3, 6), (2, 6), (1, 6), (0, 6)]",0.19999999460000012
792,"[(0, 1), (0, 5), (2, 3), (2, 5), (4, 5)]","[(3, 4), (3, 5), (2, 5), (1, 5), (0, 5)]",0.2499999943750001
795,"[(0, 5), (1, 3), (1, 5), (2, 3), (4, 5)]","[(3, 4), (2, 4), (2, 5), (1, 5), (0, 5)]",0.2499999943750001
797,"[(0, 2), (0, 5), (1, 2), (3, 5), (4, 5)]","[(3, 4), (3, 5), (2, 5), (1, 5), (0, 5)]",0.2499999943750001
798,"[(0, 5), (1, 3), (1, 5), (2, 3), (4, 5)]","[(3, 4), (3, 5), (2, 5), (1, 5), (0, 5)]",0.2499999943750001
790,"[(0, 4), (1, 2), (1, 4), (3, 4)]","[(2, 3), (1, 3), (1, 4), (0, 4)]",0.33333332722222225
801,"[(0, 9), (1, 7), (1, 9), (2, 7), (3, 4), (3, 7), (5, 6), (5, 7), (8, 9)]","[(7, 8), (7, 9), (6, 9), (5, 9), (4, 9), (3, 9), (2, 9), (1, 9), (0, 9)]",0.12499999484375018
802,"[(0, 9), (1, 7), (1, 9), (2, 7), (3, 4), (3, 7), (5, 6), (5, 7), (8, 9)]","[(7, 8), (7, 9), (6, 9), (5, 9), (4, 9), (3, 9), (2, 9), (1, 9), (0, 9)]",0.12499999484375018
803,"[(0, 2), (0, 8), (1, 2), (3, 6), (3, 8), (4, 5), (4, 6), (7, 8)]","[(6, 7), (6, 8), (5, 8), (4, 8), (3, 8), (2, 8), (1, 8), (0, 8)]",0.14285713765306143
804,"[(0, 8), (1, 6), (1, 8), (2, 6), (3, 6), (4, 5), (4, 6), (7, 8)]","[(6, 7), (6, 8), (5, 8), (4, 8), (3, 8), (2, 8), (1, 8), (0, 8)]",0.14285713765306143
807,"[(0, 7), (1, 5), (1, 7), (2, 4), (2, 5), (3, 4), (6, 7)]","[(5, 6), (5, 7), (4, 7), (3, 7), (2, 7), (1, 7), (0, 7)]",0.16666666138888903
800,"[(0, 6), (1, 4), (1, 6), (2, 3), (2, 4), (5, 6)]","[(4, 5), (4, 6), (3, 6), (2, 6), (1, 6), (0, 6)]",0.19999999460000012
805,"[(0, 6), (1, 4), (1, 6), (2, 4), (3, 4), (5, 6)]","[(4, 5), (3, 5), (3, 6), (2, 6), (1, 6), (0, 6)]",0.19999999460000012
806,"[(0, 6), (1, 4), (1, 6), (2, 4), (3, 4), (5, 6)]","[(4, 5), (3, 5), (3, 6), (2, 6), (1, 6), (0, 6)]",0.19999999460000012
808,"[(0, 6), (1, 4), (1, 6), (2, 4), (3, 4), (5, 6)]","[(4, 5), (4, 6), (3, 6), (2, 6), (1, 6), (0, 6)]",0.19999999460000012
809,"[(0, 6), (1, 4), (1, 6), (2, 4), (3, 4), (5, 6)]","[(4, 5), (4, 6), (3, 6), (2, 6), (1, 6), (0, 6)]",0.19999999460000012
810,"[(0, 10), (1, 6), (1, 8), (1, 10), (2, 3), (2, 6), (4, 6), (5, 6), (7, 8), (9, 10)]","[(8, 9), (8, 10), (7, 10), (6, 10), (5, 10), (4, 10), (3, 10), (2, 10), (1, 10), (0, 10)]",0.11111110598765454
815,"[(0, 9), (1, 7), (1, 9), (2, 7), (3, 4), (3, 7), (5, 6), (5, 7), (8, 9)]","[(7, 8), (7, 9), (6, 9), (5, 9), (4, 9), (3, 9), (2, 9), (1, 9), (0, 9)]",0.12499999484375018
818,"[(0, 2), (0, 4), (0, 9), (1, 2), (3, 4), (5, 7), (5, 9), (6, 7), (8, 9)]","[(7, 8), (7, 9), (6, 9), (5, 9), (4, 9), (3, 9), (2, 9), (1, 9), (0, 9)]",0.12499999484375018
816,"[(0, 8), (1, 6), (1, 8), (2, 6), (3, 4), (3, 6), (5, 6), (7, 8)]","[(6, 7), (5, 7), (5, 8), (4, 8), (3, 8), (2, 8), (1, 8), (0, 8)]",0.14285713765306143
817,"[(0, 2), (0, 8), (1, 2), (3, 6), (3, 8), (4, 6), (5, 6), (7, 8)]","[(6, 7), (6, 8), (5, 8), (4, 8), (3, 8), (2, 8), (1, 8), (0, 8)]",0.14285713765306143
811,"[(0, 6), (1, 4), (1, 6), (2, 4), (3, 4), (5, 6)]","[(4, 5), (3, 5), (3, 6), (2, 6), (1, 6), (0, 6)]",0.19999999460000012
813,"[(0, 2), (0, 6), (1, 2), (3, 4), (3, 6), (5, 6)]","[(4, 5), (4, 6), (3, 6), (2, 6), (1, 6), (0, 6)]",0.19999999460000012
814,"[(0, 6), (1, 4), (1, 6), (2, 3), (2, 4), (5, 6)]","[(4, 5), (4, 6), (3, 6), (2, 6), (1, 6), (0, 6)]",0.19999999460000012
819,"[(0, 2), (0, 6), (1, 2), (3, 4), (3, 6), (5, 6)]","[(4, 5), (4, 6), (3, 6), (2, 6), (1, 6), (0, 6)]",0.19999999460000012
812,"[(0, 1), (0, 4), (2, 4), (3, 4)]","[(2, 3), (2, 4), (1, 4), (0, 4)]",0.33333332722222225
828,"[(0, 9), (1, 7), (1, 9), (2, 7), (3, 7), (4, 5), (4, 7), (6, 7), (8, 9)]","[(7, 8), (6, 8), (6, 9), (5, 9), (4, 9), (3, 9), (2, 9), (1, 9), (0, 9)]",0.12499999484375018
820,"[(0, 8), (1, 6), (1, 8), (2, 6), (3, 4), (3, 5), (3, 6), (7, 8)]","[(6, 7), (6, 8), (5, 8), (4, 8), (3, 8), (2, 8), (1, 8), (0, 8)]",0.14285713765306143
821,"[(0, 1), (0, 2), (0, 8), (3, 6), (3, 8), (4, 6), (5, 6), (7, 8)]","[(6, 7), (6, 8), (5, 8), (4, 8), (3, 8), (2, 8), (1, 8), (0, 8)]",0.14285713765306143
822,"[(0, 8), (1, 6), (1, 8), (2, 6), (3, 5), (3, 6), (4, 5), (7, 8)]","[(6, 7), (6, 8), (5, 8), (4, 8), (3, 8), (2, 8), (1, 8), (0, 8)]",0.14285713765306143
829,"[(0, 8), (1, 2), (1, 6), (1, 8), (3, 6), (4, 6), (5, 6), (7, 8)]","[(6, 7), (6, 8), (5, 8), (4, 8), (3, 8), (2, 8), (1, 8), (0, 8)]",0.14285713765306143
823,"[(0, 2), (0, 7), (1, 2), (3, 5), (3, 7), (4, 5), (6, 7)]","[(5, 6), (5, 7), (4, 7), (3, 7), (2, 7), (1, 7), (0, 7)]",0.16666666138888903
826,"[(0, 1), (0, 7), (2, 4), (2, 5), (2, 7), (3, 4), (6, 7)]","[(5, 6), (5, 7), (4, 7), (3, 7), (2, 7), (1, 7), (0, 7)]",0.16666666138888903
824,"[(0, 6), (1, 4), (1, 6), (2, 3), (2, 4), (5, 6)]","[(4, 5), (4, 6), (3, 6), (2, 6), (1, 6), (0, 6)]",0.19999999460000012
825,"[(0, 6), (1, 4), (1, 6), (2, 4), (3, 4), (5, 6)]","[(4, 5), (4, 6), (3, 6), (2, 6), (1, 6), (0, 6)]",0.19999999460000012
827,"[(0, 5), (1, 3), (1, 5), (2, 3), (4, 5)]","[(3, 4), (3, 5), (2, 5), (1, 5), (0, 5)]",0.2499999943750001
830,"[(0, 1), (0, 3), (0, 9), (2, 3), (4, 7), (4, 9), (5, 7), (6, 7), (8, 9)]","[(7, 8), (7, 9), (6, 9), (5, 9), (4, 9), (3, 9), (2, 9), (1, 9), (0, 9)]",0.12499999484375018
835,"[(0, 2), (0, 9), (1, 2), (3, 7), (3, 9), (4, 7), (5, 6), (5, 7), (8, 9)]","[(7, 8), (7, 9), (6, 9), (5, 9), (4, 9), (3, 9), (2, 9), (1, 9), (0, 9)]",0.12499999484375018
834,"[(0, 2), (0, 8), (1, 2), (3, 6), (3, 8), (4, 6), (5, 6), (7, 8)]","[(6, 7), (6, 8), (5, 8), (4, 8), (3, 8), (2, 8), (1, 8), (0, 8)]",0.14285713765306143
831,"[(0, 6), (1, 4), (1, 6), (2, 4), (3, 4), (5, 6)]","[(4, 5), (4, 6), (3, 6), (2, 6), (1, 6), (0, 6)]",0.19999999460000012
836,"[(0, 1), (0, 6), (2, 3), (2, 4), (2, 6), (5, 6)]","[(4, 5), (4, 6), (3, 6), (2, 6), (1, 6), (0, 6)]",0.19999999460000012
838,"[(0, 6), (1, 3), (1, 4), (1, 6), (2, 3), (5, 6)]","[(4, 5), (4, 6), (3, 6), (2, 6), (1, 6), (0, 6)]",0.19999999460000012
832,"[(0, 5), (1, 3), (1, 5), (2, 3), (4, 5)]","[(3, 4), (2, 4), (2, 5), (1, 5), (0, 5)]",0.2499999943750001
833,"[(0, 5), (1, 3), (1, 5), (2, 3), (4, 5)]","[(3, 4), (3, 5), (2, 5), (1, 5), (0, 5)]",0.2499999943750001
837,"[(0, 5), (1, 3), (1, 5), (2, 3), (4, 5)]","[(3, 4), (3, 5), (2, 5), (1, 5), (0, 5)]",0.2499999943750001
839,"[(0, 5), (1, 3), (1, 5), (2, 3), (4, 5)]","[(3, 4), (3, 5), (2, 5), (1, 5), (0, 5)]",0.2499999943750001
844,"[(0, 1), (0, 2), (0, 7), (3, 5), (3, 7), (4, 5), (6, 7)]","[(5, 6), (5, 7), (4, 7), (3, 7), (2, 7), (1, 7), (0, 7)]",0.16666666138888903
845,"[(0, 1), (0, 2), (0, 7), (3, 5), (3, 7), (4, 5), (6, 7)]","[(5, 6), (5, 7), (4, 7), (3, 7), (2, 7), (1, 7), (0, 7)]",0.16666666138888903
848,"[(0, 7), (1, 5), (1, 7), (2, 5), (3, 4), (3, 5), (6, 7)]","[(5, 6), (5, 7), (4, 7), (3, 7), (2, 7), (1, 7), (0, 7)]",0.16666666138888903
841,"[(0, 6), (1, 4), (1, 6), (2, 3), (2, 4), (5, 6)]","[(4, 5), (4, 6), (3, 6), (2, 6), (1, 6), (0, 6)]",0.19999999460000012
843,"[(0, 6), (1, 4), (1, 6), (2, 4), (3, 4), (5, 6)]","[(4, 5), (4, 6), (3, 6), (2, 6), (1, 6), (0, 6)]",0.19999999460000012
840,"[(0, 5), (1, 3), (1, 5), (2, 3), (4, 5)]","[(3, 4), (3, 5), (2, 5), (1, 5), (0, 5)]",0.2499999943750001
842,"[(0, 5), (1, 3), (1, 5), (2, 3), (4, 5)]","[(3, 4), (3, 5), (2, 5), (1, 5), (0, 5)]",0.2499999943750001
846,"[(0, 1), (0, 5), (2, 3), (2, 5), (4, 5)]","[(3, 4), (3, 5), (2, 5), (1, 5), (0, 5)]",0.2499999943750001
847,"[(0, 5), (1, 3), (1, 5), (2, 3), (4, 5)]","[(3, 4), (3, 5), (2, 5), (1, 5), (0, 5)]",0.2499999943750001
849,"[(0, 5), (1, 3), (1, 5), (2, 3), (4, 5)]","[(3, 4), (2, 4), (2, 5), (1, 5), (0, 5)]",0.2499999943750001
852,"[(0, 1), (0, 2), (0, 3), (0, 10), (4, 8), (4, 10), (5, 8), (6, 7), (6, 8), (9, 10)]","[(8, 9), (8, 10), (7, 10), (6, 10), (5, 10), (4, 10), (3, 10), (2, 10), (1, 10), (0, 10)]",0.11111110598765454
855,"[(0, 1), (0, 2), (0, 10), (3, 8), (3, 10), (4, 8), (5, 6), (5, 7), (5, 8), (9, 10)]","[(8, 9), (8, 10), (7, 10), (6, 10), (5, 10), (4, 10), (3, 10), (2, 10), (1, 10), (0, 10)]",0.11111110598765454
851,"[(0, 7), (1, 5), (1, 7), (2, 5), (3, 4), (3, 5), (6, 7)]","[(5, 6), (4, 6), (4, 7), (3, 7), (2, 7), (1, 7), (0, 7)]",0.16666666138888903
854,"[(0, 7), (1, 5), (1, 7), (2, 5), (3, 4), (3, 5), (6, 7)]","[(5, 6), (5, 7), (4, 7), (3, 7), (2, 7), (1, 7), (0, 7)]",0.16666666138888903
856,"[(0, 1), (0, 2), (0, 7), (3, 5), (3, 7), (4, 5), (6, 7)]","[(5, 6), (5, 7), (4, 7), (3, 7), (2, 7), (1, 7), (0, 7)]",0.16666666138888903
858,"[(0, 7), (1, 5), (1, 7), (2, 5), (3, 4), (3, 5), (6, 7)]","[(5, 6), (5, 7), (4, 7), (3, 7), (2, 7), (1, 7), (0, 7)]",0.16666666138888903
853,"[(0, 6), (1, 4), (1, 6), (2, 4), (3, 4), (5, 6)]","[(4, 5), (4, 6), (3, 6), (2, 6), (1, 6), (0, 6)]",0.19999999460000012
857,"[(0, 6), (1, 2), (1, 4), (1, 6), (3, 4), (5, 6)]","[(4, 5), (4, 6), (3, 6), (2, 6), (1, 6), (0, 6)]",0.19999999460000012
859,"[(0, 6), (1, 4), (1, 6), (2, 3), (2, 4), (5, 6)]","[(4, 5), (4, 6), (3, 6), (2, 6), (1, 6), (0, 6)]",0.19999999460000012
850,"[(0, 5), (1, 3), (1, 5), (2, 3), (4, 5)]","[(3, 4), (2, 4), (2, 5), (1, 5), (0, 5)]",0.2499999943750001
861,"[(0, 8), (0, 10), (1, 2), (1, 8), (3, 8), (4, 8), (5, 6), (5, 7), (5, 8), (9, 10)]","[(8, 9), (7, 9), (7, 10), (6, 10), (5, 10), (4, 10), (3, 10), (2, 10), (1, 10), (0, 10)]",0.0
864,"[(0, 1), (0, 2), (0, 3), (0, 10), (4, 8), (4, 10), (5, 8), (6, 7), (6, 8), (9, 10)]","[(8, 9), (8, 10), (7, 10), (6, 10), (5, 10), (4, 10), (3, 10), (2, 10), (1, 10), (0, 10)]",0.11111110598765454
866,"[(0, 2), (0, 9), (1, 2), (3, 7), (3, 9), (4, 7), (5, 7), (6, 7), (8, 9)]","[(7, 8), (7, 9), (6, 9), (5, 9), (4, 9), (3, 9), (2, 9), (1, 9), (0, 9)]",0.12499999484375018
869,"[(0, 1), (0, 2), (0, 3), (0, 8), (4, 6), (4, 8), (5, 6), (7, 8)]","[(6, 7), (6, 8), (5, 8), (4, 8), (3, 8), (2, 8), (1, 8), (0, 8)]",0.14285713765306143
867,"[(0, 7), (1, 5), (1, 7), (2, 5), (3, 4), (3, 5), (6, 7)]","[(5, 6), (5, 7), (4, 7), (3, 7), (2, 7), (1, 7), (0, 7)]",0.16666666138888903
868,"[(0, 1), (0, 7), (2, 5), (2, 7), (3, 4), (3, 5), (6, 7)]","[(5, 6), (4, 6), (4, 7), (3, 7), (2, 7), (1, 7), (0, 7)]",0.16666666138888903
862,"[(0, 6), (1, 4), (1, 6), (2, 4), (3, 4), (5, 6)]","[(4, 5), (4, 6), (3, 6), (2, 6), (1, 6), (0, 6)]",0.19999999460000012
863,"[(0, 6), (1, 4), (1, 6), (2, 4), (3, 4), (5, 6)]","[(4, 5), (3, 5), (3, 6), (2, 6), (1, 6), (0, 6)]",0.19999999460000012
865,"[(0, 6), (1, 4), (1, 6), (2, 3), (2, 4), (5, 6)]","[(4, 5), (4, 6), (3, 6), (2, 6), (1, 6), (0, 6)]",0.19999999460000012
860,"[(0, 5), (1, 3), (1, 5), (2, 3), (4, 5)]","[(3, 4), (3, 5), (2, 5), (1, 5), (0, 5)]",0.2499999943750001
871,"[(0, 9), (1, 7), (1, 9), (2, 7), (3, 7), (4, 7), (5, 6), (5, 7), (8, 9)]","[(7, 8), (7, 9), (6, 9), (5, 9), (4, 9), (3, 9), (2, 9), (1, 9), (0, 9)]",0.12499999484375018
875,"[(0, 9), (1, 7), (1, 9), (2, 7), (3, 4), (3, 5), (3, 7), (6, 7), (8, 9)]","[(7, 8), (7, 9), (6, 9), (5, 9), (4, 9), (3, 9), (2, 9), (1, 9), (0, 9)]",0.12499999484375018
877,"[(0, 2), (0, 3), (0, 9), (1, 2), (4, 7), (4, 9), (5, 6), (5, 7), (8, 9)]","[(7, 8), (7, 9), (6, 9), (5, 9), (4, 9), (3, 9), (2, 9), (1, 9), (0, 9)]",0.12499999484375018
878,"[(0, 9), (1, 7), (1, 9), (2, 7), (3, 4), (3, 7), (5, 6), (5, 7), (8, 9)]","[(7, 8), (7, 9), (6, 9), (5, 9), (4, 9), (3, 9), (2, 9), (1, 9), (0, 9)]",0.12499999484375018
874,"[(0, 8), (1, 6), (1, 8), (2, 3), (2, 4), (2, 5), (2, 6), (7, 8)]","[(6, 7), (6, 8), (5, 8), (4, 8), (3, 8), (2, 8), (1, 8), (0, 8)]",0.14285713765306143
870,"[(0, 7), (1, 5), (1, 7), (2, 5), (3, 5), (4, 5), (6, 7)]","[(5, 6), (5, 7), (4, 7), (3, 7), (2, 7), (1, 7), (0, 7)]",0.16666666138888903
872,"[(0, 2), (0, 7), (1, 2), (3, 5), (3, 7), (4, 5), (6, 7)]","[(5, 6), (4, 6), (4, 7), (3, 7), (2, 7), (1, 7), (0, 7)]",0.16666666138888903
879,"[(0, 2), (0, 6), (1, 2), (3, 4), (3, 6), (5, 6)]","[(4, 5), (4, 6), (3, 6), (2, 6), (1, 6), (0, 6)]",0.19999999460000012
873,"[(0, 5), (1, 3), (1, 5), (2, 3), (4, 5)]","[(3, 4), (2, 4), (2, 5), (1, 5), (0, 5)]",0.2499999943750001
876,"[(0, 5), (1, 3), (1, 5), (2, 3), (4, 5)]","[(3, 4), (3, 5), (2, 5), (1, 5), (0, 5)]",0.2499999943750001
883,"[(0, 8), (1, 6), (1, 8), (2, 6), (3, 4), (3, 6), (5, 6), (7, 8)]","[(6, 7), (5, 7), (5, 8), (4, 8), (3, 8), (2, 8), (1, 8), (0, 8)]",0.14285713765306143
880,"[(0, 7), (1, 5), (1, 7), (2, 5), (3, 4), (3, 5), (6, 7)]","[(5, 6), (5, 7), (4, 7), (3, 7), (2, 7), (1, 7), (0, 7)]",0.16666666138888903
886,"[(0, 7), (1, 5), (1, 7), (2, 5), (3, 4), (3, 5), (6, 7)]","[(5, 6), (5, 7), (4, 7), (3, 7), (2, 7), (1, 7), (0, 7)]",0.16666666138888903
887,"[(0, 7), (1, 5), (1, 7), (2, 5), (3, 4), (3, 5), (6, 7)]","[(5, 6), (5, 7), (4, 7), (3, 7), (2, 7), (1, 7), (0, 7)]",0.16666666138888903
888,"[(0, 7), (1, 5), (1, 7), (2, 5), (3, 4), (3, 5), (6, 7)]","[(5, 6), (5, 7), (4, 7), (3, 7), (2, 7), (1, 7), (0, 7)]",0.16666666138888903
889,"[(0, 6), (1, 4), (1, 6), (2, 4), (3, 4), (5, 6)]","[(4, 5), (4, 6), (3, 6), (2, 6), (1, 6), (0, 6)]",0.19999999460000012
881,"[(0, 5), (1, 3), (1, 5), (2, 3), (4, 5)]","[(3, 4), (3, 5), (2, 5), (1, 5), (0, 5)]",0.2499999943750001
882,"[(0, 5), (1, 3), (1, 5), (2, 3), (4, 5)]","[(3, 4), (3, 5), (2, 5), (1, 5), (0, 5)]",0.2499999943750001
884,"[(0, 5), (1, 3), (1, 5), (2, 3), (4, 5)]","[(3, 4), (3, 5), (2, 5), (1, 5), (0, 5)]",0.2499999943750001
885,"[(0, 5), (1, 3), (1, 5), (2, 3), (4, 5)]","[(3, 4), (3, 5), (2, 5), (1, 5), (0, 5)]",0.2499999943750001
892,"[(0, 8), (1, 6), (1, 8), (2, 6), (3, 5), (3, 6), (4, 5), (7, 8)]","[(6, 7), (6, 8), (5, 8), (4, 8), (3, 8), (2, 8), (1, 8), (0, 8)]",0.14285713765306143
897,"[(0, 8), (1, 6), (1, 8), (2, 6), (3, 6), (4, 5), (4, 6), (7, 8)]","[(6, 7), (6, 8), (5, 8), (4, 8), (3, 8), (2, 8), (1, 8), (0, 8)]",0.14285713765306143
890,"[(0, 2), (0, 7), (1, 2), (3, 5), (3, 7), (4, 5), (6, 7)]","[(5, 6), (5, 7), (4, 7), (3, 7), (2, 7), (1, 7), (0, 7)]",0.16666666138888903
895,"[(0, 7), (1, 5), (1, 7), (2, 5), (3, 4), (3, 5), (6, 7)]","[(5, 6), (5, 7), (4, 7), (3, 7), (2, 7), (1, 7), (0, 7)]",0.16666666138888903
898,"[(0, 7), (1, 5), (1, 7), (2, 5), (3, 4), (3, 5), (6, 7)]","[(5, 6), (5, 7), (4, 7), (3, 7), (2, 7), (1, 7), (0, 7)]",0.16666666138888903
891,"[(0, 6), (1, 4), (1, 6), (2, 4), (3, 4), (5, 6)]","[(4, 5), (4, 6), (3, 6), (2, 6), (1, 6), (0, 6)]",0.19999999460000012
894,"[(0, 6), (1, 4), (1, 6), (2, 3), (2, 4), (5, 6)]","[(4, 5), (4, 6), (3, 6), (2, 6), (1, 6), (0, 6)]",0.19999999460000012
893,"[(0, 5), (1, 3), (1, 5), (2, 3), (4, 5)]","[(3, 4), (3, 5), (2, 5), (1, 5), (0, 5)]",0.2499999943750001
896,"[(0, 4), (1, 2), (1, 4), (3, 4)]","[(2, 3), (2, 4), (1, 4), (0, 4)]",0.33333332722222225
899,"[(0, 4), (1, 2), (1, 4), (3, 4)]","[(2, 3), (2, 4), (1, 4), (0, 4)]",0.33333332722222225
907,"[(0, 2), (0, 6), (0, 18), (1, 2), (3, 6), (4, 5), (4, 6), (7, 18), (8, 16), (8, 18), (9, 16), (10, 11), (10, 12), (10, 16), (13, 16), (14, 15), (14, 16), (17, 18)]","[(16, 17), (16, 18), (15, 18), (14, 18), (13, 18), (12, 18), (11, 18), (10, 18), (9, 18), (8, 18), (7, 18), (6, 18), (5, 18), (4, 18), (3, 18), (2, 18), (1, 18), (0, 18)]",0.11764705375432546
908,"[(0, 2), (0, 16), (1, 2), (3, 11), (3, 14), (3, 16), (4, 11), (5, 6), (5, 7), (5, 11), (8, 11), (9, 10), (9, 11), (12, 14), (13, 14), (15, 16)]","[(14, 15), (13, 15), (13, 16), (12, 16), (11, 16), (10, 16), (9, 16), (8, 16), (7, 16), (6, 16), (5, 16), (4, 16), (3, 16), (2, 16), (1, 16), (0, 16)]",0.0666666616222226
906,"[(0, 3), (0, 13), (1, 2), (1, 3), (4, 13), (5, 11), (5, 13), (6, 11), (7, 10), (7, 11), (8, 10), (9, 10), (12, 13)]","[(11, 12), (11, 13), (10, 13), (9, 13), (8, 13), (7, 13), (6, 13), (5, 13), (4, 13), (3, 13), (2, 13), (1, 13), (0, 13)]",0.16666666152777793
901,"[(0, 7), (1, 5), (1, 7), (2, 5), (3, 4), (3, 5), (6, 7)]","[(5, 6), (5, 7), (4, 7), (3, 7), (2, 7), (1, 7), (0, 7)]",0.16666666138888903
903,"[(0, 6), (1, 4), (1, 6), (2, 4), (3, 4), (5, 6)]","[(4, 5), (4, 6), (3, 6), (2, 6), (1, 6), (0, 6)]",0.19999999460000012
904,"[(0, 6), (1, 4), (1, 6), (2, 4), (3, 4), (5, 6)]","[(4, 5), (3, 5), (3, 6), (2, 6), (1, 6), (0, 6)]",0.19999999460000012
900,"[(0, 5), (1, 3), (1, 5), (2, 3), (4, 5)]","[(3, 4), (3, 5), (2, 5), (1, 5), (0, 5)]",0.2499999943750001
902,"[(0, 5), (1, 3), (1, 5), (2, 3), (4, 5)]","[(3, 4), (3, 5), (2, 5), (1, 5), (0, 5)]",0.2499999943750001
905,"[(0, 1), (0, 5), (2, 3), (2, 5), (4, 5)]","[(3, 4), (3, 5), (2, 5), (1, 5), (0, 5)]",0.2499999943750001
909,"[(0, 5), (1, 3), (1, 5), (2, 3), (4, 5)]","[(3, 4), (3, 5), (2, 5), (1, 5), (0, 5)]",0.2499999943750001
913,"[(0, 10), (1, 8), (1, 10), (2, 7), (2, 8), (3, 4), (3, 7), (5, 7), (6, 7), (9, 10)]","[(8, 9), (8, 10), (7, 10), (6, 10), (5, 10), (4, 10), (3, 10), (2, 10), (1, 10), (0, 10)]",0.11111110598765454
916,"[(0, 2), (0, 8), (1, 2), (3, 6), (3, 8), (4, 6), (5, 6), (7, 8)]","[(6, 7), (6, 8), (5, 8), (4, 8), (3, 8), (2, 8), (1, 8), (0, 8)]",0.14285713765306143
910,"[(0, 7), (1, 3), (1, 5), (1, 7), (2, 3), (4, 5), (6, 7)]","[(5, 6), (4, 6), (4, 7), (3, 7), (2, 7), (1, 7), (0, 7)]",0.16666666138888903
915,"[(0, 7), (1, 5), (1, 7), (2, 5), (3, 4), (3, 5), (6, 7)]","[(5, 6), (5, 7), (4, 7), (3, 7), (2, 7), (1, 7), (0, 7)]",0.16666666138888903
917,"[(0, 7), (1, 5), (1, 7), (2, 5), (3, 5), (4, 5), (6, 7)]","[(5, 6), (4, 6), (3, 6), (3, 7), (2, 7), (1, 7), (0, 7)]",0.16666666138888903
919,"[(0, 7), (1, 3), (1, 5), (1, 7), (2, 3), (4, 5), (6, 7)]","[(5, 6), (5, 7), (4, 7), (3, 7), (2, 7), (1, 7), (0, 7)]",0.16666666138888903
911,"[(0, 6), (1, 4), (1, 6), (2, 3), (2, 4), (5, 6)]","[(4, 5), (4, 6), (3, 6), (2, 6), (1, 6), (0, 6)]",0.19999999460000012
914,"[(0, 6), (1, 4), (1, 6), (2, 4), (3, 4), (5, 6)]","[(4, 5), (4, 6), (3, 6), (2, 6), (1, 6), (0, 6)]",0.19999999460000012
918,"[(0, 6), (1, 4), (1, 6), (2, 4), (3, 4), (5, 6)]","[(4, 5), (4, 6), (3, 6), (2, 6), (1, 6), (0, 6)]",0.19999999460000012
912,"[(0, 4), (1, 2), (1, 4), (3, 4)]","[(2, 3), (2, 4), (1, 4), (0, 4)]",0.33333332722222225
922,"[(0, 2), (0, 8), (1, 2), (3, 6), (3, 8), (4, 6), (5, 6), (7, 8)]","[(6, 7), (6, 8), (5, 8), (4, 8), (3, 8), (2, 8), (1, 8), (0, 8)]",0.14285713765306143
926,"[(0, 7), (1, 5), (1, 7), (2, 5), (3, 4), (3, 5), (6, 7)]","[(5, 6), (5, 7), (4, 7), (3, 7), (2, 7), (1, 7), (0, 7)]",0.16666666138888903
928,"[(0, 7), (1, 5), (1, 7), (2, 5), (3, 4), (3, 5), (6, 7)]","[(5, 6), (5, 7), (4, 7), (3, 7), (2, 7), (1, 7), (0, 7)]",0.16666666138888903
921,"[(0, 6), (1, 4), (1, 6), (2, 4), (3, 4), (5, 6)]","[(4, 5), (4, 6), (3, 6), (2, 6), (1, 6), (0, 6)]",0.19999999460000012
924,"[(0, 6), (1, 4), (1, 6), (2, 4), (3, 4), (5, 6)]","[(4, 5), (4, 6), (3, 6), (2, 6), (1, 6), (0, 6)]",0.19999999460000012
927,"[(0, 6), (1, 4), (1, 6), (2, 4), (3, 4), (5, 6)]","[(4, 5), (4, 6), (3, 6), (2, 6), (1, 6), (0, 6)]",0.19999999460000012
929,"[(0, 6), (1, 4), (1, 6), (2, 4), (3, 4), (5, 6)]","[(4, 5), (4, 6), (3, 6), (2, 6), (1, 6), (0, 6)]",0.19999999460000012
920,"[(0, 5), (1, 3), (1, 5), (2, 3), (4, 5)]","[(3, 4), (2, 4), (1, 4), (1, 5), (0, 5)]",0.2499999943750001
925,"[(0, 5), (1, 3), (1, 5), (2, 3), (4, 5)]","[(3, 4), (2, 4), (2, 5), (1, 5), (0, 5)]",0.2499999943750001
923,"[(0, 4), (1, 2), (1, 4), (3, 4)]","[(2, 3), (2, 4), (1, 4), (0, 4)]",0.33333332722222225
939,"[(0, 13), (1, 2), (1, 13), (3, 13), (4, 11), (4, 13), (5, 11), (6, 11), (7, 11), (8, 9), (8, 10), (8, 11), (12, 13)]","[(11, 12), (11, 13), (10, 13), (9, 13), (8, 13), (7, 13), (6, 13), (5, 13), (4, 13), (3, 13), (2, 13), (1, 13), (0, 13)]",0.24999999479166674
936,"[(0, 8), (1, 6), (1, 8), (2, 3), (2, 6), (4, 5), (4, 6), (7, 8)]","[(6, 7), (6, 8), (5, 8), (4, 8), (3, 8), (2, 8), (1, 8), (0, 8)]",0.14285713765306143
930,"[(0, 7), (1, 5), (1, 7), (2, 5), (3, 5), (4, 5), (6, 7)]","[(5, 6), (5, 7), (4, 7), (3, 7), (2, 7), (1, 7), (0, 7)]",0.16666666138888903
938,"[(0, 7), (1, 2), (1, 5), (1, 7), (3, 5), (4, 5), (6, 7)]","[(5, 6), (5, 7), (4, 7), (3, 7), (2, 7), (1, 7), (0, 7)]",0.16666666138888903
931,"[(0, 6), (1, 4), (1, 6), (2, 3), (2, 4), (5, 6)]","[(4, 5), (4, 6), (3, 6), (2, 6), (1, 6), (0, 6)]",0.19999999460000012
932,"[(0, 6), (1, 4), (1, 6), (2, 4), (3, 4), (5, 6)]","[(4, 5), (4, 6), (3, 6), (2, 6), (1, 6), (0, 6)]",0.19999999460000012
933,"[(0, 6), (1, 2), (1, 4), (1, 6), (3, 4), (5, 6)]","[(4, 5), (4, 6), (3, 6), (2, 6), (1, 6), (0, 6)]",0.19999999460000012
935,"[(0, 6), (1, 4), (1, 6), (2, 3), (2, 4), (5, 6)]","[(4, 5), (4, 6), (3, 6), (2, 6), (1, 6), (0, 6)]",0.19999999460000012
934,"[(0, 5), (1, 3), (1, 5), (2, 3), (4, 5)]","[(3, 4), (3, 5), (2, 5), (1, 5), (0, 5)]",0.2499999943750001
937,"[(0, 5), (1, 3), (1, 5), (2, 3), (4, 5)]","[(3, 4), (3, 5), (2, 5), (1, 5), (0, 5)]",0.2499999943750001
941,"[(0, 6), (0, 14), (1, 6), (2, 6), (3, 4), (3, 5), (3, 6), (7, 14), (8, 9), (8, 12), (8, 14), (10, 12), (11, 12), (13, 14)]","[(12, 13), (12, 14), (11, 14), (10, 14), (9, 14), (8, 14), (7, 14), (6, 14), (5, 14), (4, 14), (3, 14), (2, 14), (1, 14), (0, 14)]",0.1538461487278108
943,"[(0, 8), (1, 4), (1, 6), (1, 8), (2, 3), (2, 4), (5, 6), (7, 8)]","[(6, 7), (6, 8), (5, 8), (4, 8), (3, 8), (2, 8), (1, 8), (0, 8)]",0.14285713765306143
940,"[(0, 7), (1, 4), (1, 5), (1, 7), (2, 4), (3, 4), (6, 7)]","[(5, 6), (5, 7), (4, 7), (3, 7), (2, 7), (1, 7), (0, 7)]",0.16666666138888903
944,"[(0, 7), (1, 5), (1, 7), (2, 5), (3, 5), (4, 5), (6, 7)]","[(5, 6), (4, 6), (3, 6), (3, 7), (2, 7), (1, 7), (0, 7)]",0.16666666138888903
949,"[(0, 7), (1, 5), (1, 7), (2, 5), (3, 4), (3, 5), (6, 7)]","[(5, 6), (5, 7), (4, 7), (3, 7), (2, 7), (1, 7), (0, 7)]",0.16666666138888903
942,"[(0, 6), (1, 2), (1, 4), (1, 6), (3, 4), (5, 6)]","[(4, 5), (4, 6), (3, 6), (2, 6), (1, 6), (0, 6)]",0.19999999460000012
945,"[(0, 6), (1, 4), (1, 6), (2, 4), (3, 4), (5, 6)]","[(4, 5), (4, 6), (3, 6), (2, 6), (1, 6), (0, 6)]",0.19999999460000012
946,"[(0, 6), (1, 4), (1, 6), (2, 4), (3, 4), (5, 6)]","[(4, 5), (4, 6), (3, 6), (2, 6), (1, 6), (0, 6)]",0.19999999460000012
947,"[(0, 6), (1, 4), (1, 6), (2, 3), (2, 4), (5, 6)]","[(4, 5), (4, 6), (3, 6), (2, 6), (1, 6), (0, 6)]",0.19999999460000012
948,"[(0, 6), (1, 4), (1, 6), (2, 4), (3, 4), (5, 6)]","[(4, 5), (4, 6), (3, 6), (2, 6), (1, 6), (0, 6)]",0.19999999460000012
959,"[(0, 11), (1, 6), (1, 9), (1, 11), (2, 3), (2, 4), (2, 6), (5, 6), (7, 9), (8, 9), (10, 11)]","[(9, 10), (8, 10), (7, 10), (6, 10), (5, 10), (5, 11), (4, 11), (3, 11), (2, 11), (1, 11), (0, 11)]",0.09999999490000026
951,"[(0, 6), (1, 4), (1, 6), (2, 4), (3, 4), (5, 6)]","[(4, 5), (4, 6), (3, 6), (2, 6), (1, 6), (0, 6)]",0.19999999460000012
954,"[(0, 6), (1, 2), (1, 4), (1, 6), (3, 4), (5, 6)]","[(4, 5), (4, 6), (3, 6), (2, 6), (1, 6), (0, 6)]",0.19999999460000012
958,"[(0, 6), (1, 3), (1, 6), (2, 3), (4, 6), (5, 6)]","[(4, 5), (4, 6), (3, 6), (2, 6), (1, 6), (0, 6)]",0.39999999420000004
952,"[(0, 5), (1, 3), (1, 5), (2, 3), (4, 5)]","[(3, 4), (2, 4), (2, 5), (1, 5), (0, 5)]",0.2499999943750001
953,"[(0, 5), (1, 3), (1, 5), (2, 3), (4, 5)]","[(3, 4), (3, 5), (2, 5), (1, 5), (0, 5)]",0.2499999943750001
956,"[(0, 1), (0, 5), (2, 3), (2, 5), (4, 5)]","[(3, 4), (3, 5), (2, 5), (1, 5), (0, 5)]",0.2499999943750001
957,"[(0, 3), (0, 5), (1, 2), (1, 3), (4, 5)]","[(3, 4), (2, 4), (2, 5), (1, 5), (0, 5)]",0.0
950,"[(0, 4), (1, 2), (1, 4), (3, 4)]","[(2, 3), (2, 4), (1, 4), (0, 4)]",0.33333332722222225
955,"[(0, 4), (1, 2), (1, 4), (3, 4)]","[(2, 3), (2, 4), (1, 4), (0, 4)]",0.33333332722222225
960,"[(0, 9), (1, 3), (1, 7), (1, 9), (2, 3), (4, 7), (5, 7), (6, 7), (8, 9)]","[(7, 8), (7, 9), (6, 9), (5, 9), (4, 9), (3, 9), (2, 9), (1, 9), (0, 9)]",0.12499999484375018
965,"[(0, 9), (1, 5), (1, 7), (1, 9), (2, 3), (2, 4), (2, 5), (6, 7), (8, 9)]","[(7, 8), (7, 9), (6, 9), (5, 9), (4, 9), (3, 9), (2, 9), (1, 9), (0, 9)]",0.12499999484375018
964,"[(0, 6), (0, 8), (1, 6), (2, 6), (3, 6), (4, 6), (5, 6), (7, 8)]","[(6, 7), (6, 8), (5, 8), (4, 8), (3, 8), (2, 8), (1, 8), (0, 8)]",0.0
966,"[(0, 8), (1, 6), (1, 8), (2, 3), (2, 6), (4, 6), (5, 6), (7, 8)]","[(6, 7), (6, 8), (5, 8), (4, 8), (3, 8), (2, 8), (1, 8), (0, 8)]",0.14285713765306143
967,"[(0, 8), (1, 3), (1, 6), (1, 8), (2, 3), (4, 5), (4, 6), (7, 8)]","[(6, 7), (6, 8), (5, 8), (4, 8), (3, 8), (2, 8), (1, 8), (0, 8)]",0.14285713765306143
962,"[(0, 1), (0, 2), (0, 7), (3, 5), (3, 7), (4, 5), (6, 7)]","[(5, 6), (5, 7), (4, 7), (3, 7), (2, 7), (1, 7), (0, 7)]",0.16666666138888903
963,"[(0, 6), (1, 4), (1, 6), (2, 4), (3, 4), (5, 6)]","[(4, 5), (3, 5), (2, 5), (1, 5), (1, 6), (0, 6)]",0.19999999460000012
968,"[(0, 6), (1, 4), (1, 6), (2, 4), (3, 4), (5, 6)]","[(4, 5), (4, 6), (3, 6), (2, 6), (1, 6), (0, 6)]",0.19999999460000012
961,"[(0, 5), (1, 3), (1, 5), (2, 3), (4, 5)]","[(3, 4), (3, 5), (2, 5), (1, 5), (0, 5)]",0.2499999943750001
969,"[(0, 4), (1, 2), (1, 4), (3, 4)]","[(2, 3), (2, 4), (1, 4), (0, 4)]",0.33333332722222225
974,"[(0, 8), (1, 6), (1, 8), (2, 6), (3, 4), (3, 6), (5, 6), (7, 8)]","[(6, 7), (5, 7), (5, 8), (4, 8), (3, 8), (2, 8), (1, 8), (0, 8)]",0.14285713765306143
975,"[(0, 8), (1, 6), (1, 8), (2, 6), (3, 4), (3, 6), (5, 6), (7, 8)]","[(6, 7), (5, 7), (5, 8), (4, 8), (3, 8), (2, 8), (1, 8), (0, 8)]",0.14285713765306143
978,"[(0, 8), (1, 3), (1, 6), (1, 8), (2, 3), (4, 6), (5, 6), (7, 8)]","[(6, 7), (6, 8), (5, 8), (4, 8), (3, 8), (2, 8), (1, 8), (0, 8)]",0.14285713765306143
979,"[(0, 8), (1, 6), (1, 8), (2, 6), (3, 4), (3, 6), (5, 6), (7, 8)]","[(6, 7), (5, 7), (5, 8), (4, 8), (3, 8), (2, 8), (1, 8), (0, 8)]",0.14285713765306143
973,"[(0, 5), (0, 7), (1, 2), (1, 3), (1, 5), (4, 5), (6, 7)]","[(5, 6), (5, 7), (4, 7), (3, 7), (2, 7), (1, 7), (0, 7)]",0.0
976,"[(0, 7), (1, 5), (1, 7), (2, 5), (3, 5), (4, 5), (6, 7)]","[(5, 6), (5, 7), (4, 7), (3, 7), (2, 7), (1, 7), (0, 7)]",0.16666666138888903
970,"[(0, 6), (1, 4), (1, 6), (2, 4), (3, 4), (5, 6)]","[(4, 5), (4, 6), (3, 6), (2, 6), (1, 6), (0, 6)]",0.19999999460000012
972,"[(0, 6), (1, 4), (1, 6), (2, 4), (3, 4), (5, 6)]","[(4, 5), (4, 6), (3, 6), (2, 6), (1, 6), (0, 6)]",0.19999999460000012
971,"[(0, 5), (1, 3), (1, 5), (2, 3), (4, 5)]","[(3, 4), (3, 5), (2, 5), (1, 5), (0, 5)]",0.2499999943750001
977,"[(0, 4), (1, 2), (1, 4), (3, 4)]","[(2, 3), (2, 4), (1, 4), (0, 4)]",0.33333332722222225
985,"[(0, 2), (0, 14), (1, 2), (3, 12), (3, 14), (4, 7), (4, 12), (5, 6), (5, 7), (8, 12), (9, 12), (10, 12), (11, 12), (13, 14)]","[(12, 13), (11, 13), (11, 14), (10, 14), (9, 14), (8, 14), (7, 14), (6, 14), (5, 14), (4, 14), (3, 14), (2, 14), (1, 14), (0, 14)]",0.07692307186390565
983,"[(0, 12), (1, 10), (1, 12), (2, 3), (2, 4), (2, 10), (5, 10), (6, 7), (6, 10), (8, 9), (8, 10), (11, 12)]","[(10, 11), (10, 12), (9, 12), (8, 12), (7, 12), (6, 12), (5, 12), (4, 12), (3, 12), (2, 12), (1, 12), (0, 12)]",0.09090908582644655
986,"[(0, 10), (1, 8), (1, 10), (2, 8), (3, 8), (4, 8), (5, 8), (6, 8), (7, 8), (9, 10)]","[(8, 9), (8, 10), (7, 10), (6, 10), (5, 10), (4, 10), (3, 10), (2, 10), (1, 10), (0, 10)]",0.11111110598765454
981,"[(0, 8), (1, 6), (1, 8), (2, 6), (3, 4), (3, 6), (5, 6), (7, 8)]","[(6, 7), (5, 7), (5, 8), (4, 8), (3, 8), (2, 8), (1, 8), (0, 8)]",0.14285713765306143
982,"[(0, 8), (1, 3), (1, 6), (1, 8), (2, 3), (4, 6), (5, 6), (7, 8)]","[(6, 7), (5, 7), (5, 8), (4, 8), (3, 8), (2, 8), (1, 8), (0, 8)]",0.14285713765306143
984,"[(0, 8), (1, 3), (1, 4), (1, 6), (1, 8), (2, 3), (5, 6), (7, 8)]","[(6, 7), (5, 7), (5, 8), (4, 8), (3, 8), (2, 8), (1, 8), (0, 8)]",0.14285713765306143
988,"[(0, 8), (1, 2), (1, 6), (1, 8), (3, 6), (4, 6), (5, 6), (7, 8)]","[(6, 7), (5, 7), (5, 8), (4, 8), (3, 8), (2, 8), (1, 8), (0, 8)]",0.14285713765306143
989,"[(0, 7), (1, 5), (1, 7), (2, 5), (3, 4), (3, 5), (6, 7)]","[(5, 6), (5, 7), (4, 7), (3, 7), (2, 7), (1, 7), (0, 7)]",0.16666666138888903
987,"[(0, 6), (1, 4), (1, 6), (2, 4), (3, 4), (5, 6)]","[(4, 5), (4, 6), (3, 6), (2, 6), (1, 6), (0, 6)]",0.19999999460000012
980,"[(0, 4), (1, 2), (1, 4), (3, 4)]","[(2, 3), (2, 4), (1, 4), (0, 4)]",0.33333332722222225
992,"[(0, 1), (0, 2), (0, 3), (0, 10), (4, 8), (4, 10), (5, 8), (6, 7), (6, 8), (9, 10)]","[(8, 9), (8, 10), (7, 10), (6, 10), (5, 10), (4, 10), (3, 10), (2, 10), (1, 10), (0, 10)]",0.11111110598765454
998,"[(0, 9), (1, 7), (1, 9), (2, 7), (3, 4), (3, 7), (5, 6), (5, 7), (8, 9)]","[(7, 8), (7, 9), (6, 9), (5, 9), (4, 9), (3, 9), (2, 9), (1, 9), (0, 9)]",0.12499999484375018
991,"[(0, 8), (1, 6), (1, 8), (2, 6), (3, 6), (4, 5), (4, 6), (7, 8)]","[(6, 7), (6, 8), (5, 8), (4, 8), (3, 8), (2, 8), (1, 8), (0, 8)]",0.14285713765306143
996,"[(0, 8), (1, 6), (1, 8), (2, 6), (3, 4), (3, 6), (5, 6), (7, 8)]","[(6, 7), (6, 8), (5, 8), (4, 8), (3, 8), (2, 8), (1, 8), (0, 8)]",0.14285713765306143
993,"[(0, 7), (1, 5), (1, 7), (2, 5), (3, 4), (3, 5), (6, 7)]","[(5, 6), (4, 6), (4, 7), (3, 7), (2, 7), (1, 7), (0, 7)]",0.16666666138888903
995,"[(0, 7), (1, 5), (1, 7), (2, 5), (3, 4), (3, 5), (6, 7)]","[(5, 6), (5, 7), (4, 7), (3, 7), (2, 7), (1, 7), (0, 7)]",0.16666666138888903
997,"[(0, 7), (1, 5), (1, 7), (2, 3), (2, 5), (4, 5), (6, 7)]","[(5, 6), (5, 7), (4, 7), (3, 7), (2, 7), (1, 7), (0, 7)]",0.16666666138888903
999,"[(0, 7), (1, 5), (1, 7), (2, 5), (3, 4), (3, 5), (6, 7)]","[(5, 6), (5, 7), (4, 7), (3, 7), (2, 7), (1, 7), (0, 7)]",0.16666666138888903
990,"[(0, 6), (1, 4), (1, 6), (2, 4), (3, 4), (5, 6)]","[(4, 5), (4, 6), (3, 6), (2, 6), (1, 6), (0, 6)]",0.19999999460000012
994,"[(0, 6), (1, 2), (1, 4), (1, 6), (3, 4), (5, 6)]","[(4, 5), (3, 5), (3, 6), (2, 6), (1, 6), (0, 6)]",0.19999999460000012
